step,loss
0,1.002281665802002
1,1.00505530834198
2,1.0057859420776367
3,1.002976894378662
4,1.0042989253997803
5,1.0019463300704956
6,1.0105900764465332
7,1.0005282163619995
8,1.0072567462921143
9,1.0004069805145264
10,1.005885124206543
11,1.0001945495605469
12,0.9964932203292847
13,0.9985933303833008
14,1.0040178298950195
15,0.9999433755874634
16,0.9925423860549927
17,1.0012705326080322
18,0.9957989454269409
19,1.0078433752059937
20,0.994454562664032
21,0.996050238609314
22,1.0015068054199219
23,0.9977607727050781
24,0.9968724250793457
25,0.993452250957489
26,0.9996792674064636
27,0.9976835250854492
28,1.0002537965774536
29,0.9973012804985046
30,0.9962151050567627
31,0.9921683073043823
32,0.9990652799606323
33,1.0032570362091064
34,0.9900185465812683
35,0.9856065511703491
36,0.9951752424240112
37,0.983860433101654
38,0.9861191511154175
39,0.9816716909408569
40,0.9781292676925659
41,0.991442084312439
42,0.9998664259910583
43,0.9913582801818848
44,0.9762009382247925
45,0.9899203181266785
46,0.962306022644043
47,0.9974696636199951
48,0.9645745158195496
49,0.9716143608093262
50,0.9678999781608582
51,0.9561511874198914
52,0.9471815824508667
53,0.9719629287719727
54,0.948293924331665
55,0.960868775844574
56,0.9260544180870056
57,0.9177179336547852
58,0.911909282207489
59,0.9030582904815674
60,0.891501784324646
61,0.9757367968559265
62,0.8974056243896484
63,0.8778533935546875
64,0.8645299673080444
65,0.8510510921478271
66,0.8303697109222412
67,0.9045200347900391
68,0.8233439922332764
69,0.8390681743621826
70,0.8351244926452637
71,0.7924844622612
72,0.8651362657546997
73,0.811967134475708
74,0.7717225551605225
75,0.7706418037414551
76,0.8034647703170776
77,0.7645430564880371
78,0.7732440233230591
79,0.7466959953308105
80,0.7537828683853149
81,0.7521553039550781
82,0.7269225120544434
83,0.9814102649688721
84,0.727172315120697
85,0.7516230344772339
86,0.7081059813499451
87,0.7061492204666138
88,0.7337573766708374
89,0.689672589302063
90,0.7732316851615906
91,0.6868834495544434
92,0.6937431693077087
93,0.7279843091964722
94,0.669950008392334
95,0.67454993724823
96,0.9320098757743835
97,0.6471513509750366
98,0.8327234983444214
99,0.6464622020721436
100,0.6453108787536621
101,0.6371572017669678
102,0.7925828695297241
103,0.7644920349121094
104,0.6316354274749756
105,0.6222018599510193
106,0.6212592124938965
107,0.7649948000907898
108,0.6152282953262329
109,0.6082892417907715
110,0.6058424711227417
111,0.5924184322357178
112,0.7026286125183105
113,0.5891299247741699
114,0.6218481659889221
115,0.6193310022354126
116,0.5814815759658813
117,0.5737143158912659
118,0.5683701038360596
119,0.7062321901321411
120,0.5764532089233398
121,0.5532645583152771
122,0.5528483390808105
123,0.5481542348861694
124,0.5387520790100098
125,0.5415228009223938
126,0.5281403660774231
127,0.6391245126724243
128,0.6439697742462158
129,0.5192301273345947
130,0.5127989053726196
131,0.7164260745048523
132,0.5088682174682617
133,0.6582207083702087
134,0.9421407580375671
135,0.908561110496521
136,0.5911905169487
137,0.4937393069267273
138,0.49242424964904785
139,0.9316449165344238
140,0.4823828339576721
141,0.6152479648590088
142,0.4827159345149994
143,0.47530829906463623
144,0.47047051787376404
145,0.7157997488975525
146,0.46363183856010437
147,0.461978554725647
148,0.6309372186660767
149,0.45572274923324585
150,0.45396798849105835
151,0.44652432203292847
152,0.44139593839645386
153,0.4397367835044861
154,0.44644635915756226
155,0.43622955679893494
156,0.42417892813682556
157,0.4696371257305145
158,0.4116057753562927
159,0.416300505399704
160,0.4355199933052063
161,0.3999287486076355
162,0.40119242668151855
163,0.5562816858291626
164,0.4426597058773041
165,0.4324791431427002
166,0.3916805684566498
167,0.8350805044174194
168,0.9394187927246094
169,0.3877757787704468
170,0.3739582896232605
171,0.3687294125556946
172,0.45722946524620056
173,0.807862401008606
174,0.3705151081085205
175,0.36807021498680115
176,0.5774130821228027
177,0.3860799968242645
178,0.36216744780540466
179,0.9149328470230103
180,0.35611575841903687
181,0.3536915183067322
182,0.338844358921051
183,0.3506821095943451
184,0.33627551794052124
185,0.36294683814048767
186,0.33377426862716675
187,0.8854061961174011
188,0.32955774664878845
189,0.5605677366256714
190,0.5452207922935486
191,0.33210963010787964
192,0.31872832775115967
193,0.38691848516464233
194,0.3094199299812317
195,0.3034828007221222
196,0.32062622904777527
197,0.29588377475738525
198,0.3017633557319641
199,0.30036285519599915
200,0.29826483130455017
201,0.4431016445159912
202,0.290874183177948
203,0.28403452038764954
204,0.40840983390808105
205,0.27583926916122437
206,0.3593757748603821
207,0.27181458473205566
208,0.32142603397369385
209,0.2696169316768646
210,0.2583485245704651
211,0.47125276923179626
212,0.264007031917572
213,0.2466433346271515
214,0.26642388105392456
215,0.248622864484787
216,0.24896076321601868
217,0.25795358419418335
218,0.26561444997787476
219,0.2592127025127411
220,0.2929597496986389
221,0.24782884120941162
222,0.24164226651191711
223,0.22523126006126404
224,0.23221659660339355
225,0.2248631715774536
226,0.885514497756958
227,0.23940405249595642
228,0.579745352268219
229,0.21527189016342163
230,0.2133731096982956
231,0.20945493876934052
232,0.20451852679252625
233,0.4347633719444275
234,0.20590464770793915
235,0.20477914810180664
236,0.19664999842643738
237,0.1924808919429779
238,0.4663982093334198
239,0.20267806947231293
240,0.18416732549667358
241,0.2174299657344818
242,0.19384214282035828
243,0.19600334763526917
244,0.17605915665626526
245,0.1847655028104782
246,0.3304082751274109
247,0.1735895574092865
248,0.21696257591247559
249,0.3973327875137329
250,0.7186331152915955
251,0.16669845581054688
252,0.16838614642620087
253,0.1653698831796646
254,0.18328985571861267
255,0.17733162641525269
256,0.15757088363170624
257,0.1647801399230957
258,0.1505245864391327
259,0.1599084436893463
260,0.17923268675804138
261,0.14270256459712982
262,0.14522282779216766
263,0.1695995181798935
264,0.14991825819015503
265,0.14400343596935272
266,0.5469297170639038
267,0.14319676160812378
268,0.20267748832702637
269,0.34358176589012146
270,0.12102493643760681
271,0.14548911154270172
272,0.13605350255966187
273,0.1583564728498459
274,0.5050449371337891
275,0.13076791167259216
276,0.13931779563426971
277,0.12798260152339935
278,0.13043171167373657
279,0.5400019884109497
280,0.1212402805685997
281,0.12834441661834717
282,0.12107549607753754
283,0.11667438596487045
284,0.11961302161216736
285,0.11749297380447388
286,0.4278336465358734
287,0.1602463722229004
288,0.11362767219543457
289,0.1364183872938156
290,0.10760319232940674
291,0.10458981245756149
292,0.16512376070022583
293,0.10803350806236267
294,0.3213154673576355
295,0.10909181833267212
296,0.10660362243652344
297,0.16597239673137665
298,0.7168396711349487
299,0.09584542363882065
300,0.16861169040203094
301,0.5881668329238892
302,0.09979113936424255
303,0.10365055501461029
304,0.4393247067928314
305,0.10369154810905457
306,0.08522986620664597
307,0.10767088830471039
308,0.10405062139034271
309,0.10645272582769394
310,0.18943575024604797
311,0.09497258067131042
312,0.08233514428138733
313,0.09187287092208862
314,0.08650308847427368
315,0.09333693981170654
316,0.22707262635231018
317,0.08904817700386047
318,0.141590878367424
319,0.0867980569601059
320,0.0822310745716095
321,0.07148198783397675
322,0.08650463074445724
323,0.37719547748565674
324,0.0852094292640686
325,0.08112671971321106
326,0.08829232305288315
327,0.22875961661338806
328,0.5819582939147949
329,0.07710660994052887
330,0.2511453926563263
331,0.07603447139263153
332,0.07718559354543686
333,0.07709226757287979
334,0.07041577249765396
335,0.07980255782604218
336,0.10103064775466919
337,0.42831188440322876
338,0.07337749749422073
339,0.08138686418533325
340,0.07911964505910873
341,0.07229038327932358
342,0.08245518803596497
343,0.06595133244991302
344,0.0989152118563652
345,0.10837262123823166
346,0.07544934004545212
347,0.07361285388469696
348,0.38542795181274414
349,0.5449427366256714
350,0.07819065451622009
351,0.07543911039829254
352,0.07109592854976654
353,0.07201813161373138
354,0.07065515965223312
355,0.11972390115261078
356,0.47854042053222656
357,0.061629101634025574
358,0.13176755607128143
359,0.07000547647476196
360,0.08691534399986267
361,0.057059720158576965
362,0.08905437588691711
363,0.0690249502658844
364,0.07860170304775238
365,0.06704619526863098
366,0.07833801209926605
367,0.060503244400024414
368,0.058273084461688995
369,0.06730876863002777
370,0.06646137684583664
371,0.05992831289768219
372,0.05934703350067139
373,0.06184151768684387
374,0.7424144744873047
375,0.06192367896437645
376,0.2892169654369354
377,0.0607418492436409
378,0.05409757420420647
379,0.058115147054195404
380,0.9890112280845642
381,0.05931205675005913
382,0.0602942518889904
383,0.11776065826416016
384,0.060573965311050415
385,0.05942276120185852
386,0.06161346286535263
387,0.06715898215770721
388,0.06395725905895233
389,0.5927135348320007
390,0.05434316024184227
391,0.09583646059036255
392,0.05615374445915222
393,0.056561410427093506
394,0.7575459480285645
395,0.05935138091444969
396,0.06160638481378555
397,0.05094294250011444
398,0.053761981427669525
399,0.5456926822662354
400,0.05710935220122337
401,0.2055405229330063
402,0.05542917177081108
403,0.05005081743001938
404,0.0550365224480629
405,0.4939671456813812
406,0.17719793319702148
407,0.0561474934220314
408,0.058626528829336166
409,0.06342928856611252
410,0.6980328559875488
411,0.14646697044372559
412,0.1101127415895462
413,0.8357492685317993
414,0.7230873107910156
415,0.8049036860466003
416,0.07298523187637329
417,0.08395974338054657
418,0.1806086301803589
419,0.11606673896312714
420,0.06345955282449722
421,0.06562484800815582
422,0.06493217498064041
423,0.07700411230325699
424,0.05935327336192131
425,0.06833777576684952
426,0.06831156462430954
427,0.05390503257513046
428,0.06595920771360397
429,0.07718515396118164
430,0.0966864749789238
431,0.09346984326839447
432,0.08944740146398544
433,0.06385093927383423
434,0.06636863201856613
435,0.9127769470214844
436,0.09049928188323975
437,0.06725318729877472
438,0.08695118129253387
439,0.08046591281890869
440,0.07012054324150085
441,0.10840406268835068
442,0.07663418352603912
443,0.06625305116176605
444,0.05118647217750549
445,0.06150425598025322
446,0.05683828890323639
447,0.0558992438018322
448,0.05283171683549881
449,0.05687931925058365
450,0.055334996432065964
451,0.05333509296178818
452,0.055004533380270004
453,0.06047748029232025
454,0.049985699355602264
455,0.05117974430322647
456,0.05218930542469025
457,0.5461747050285339
458,0.04547586664557457
459,0.36021527647972107
460,0.044226448982954025
461,0.22185270488262177
462,0.0514836311340332
463,0.05177852138876915
464,0.05205636844038963
465,0.053099971264600754
466,0.04871973395347595
467,0.05334047973155975
468,0.04780057072639465
469,0.054314784705638885
470,0.14147570729255676
471,0.31681299209594727
472,0.049696795642375946
473,0.05158910155296326
474,0.5848219394683838
475,0.06476134806871414
476,0.06628921627998352
477,0.07458744943141937
478,0.04676739498972893
479,0.04669276997447014
480,0.12092636525630951
481,0.07382814586162567
482,0.06598228216171265
483,0.0692276805639267
484,0.05906808003783226
485,0.059645529836416245
486,0.060449521988630295
487,0.056003816425800323
488,0.8006917238235474
489,0.24748747050762177
490,0.05917242169380188
491,0.9663299322128296
492,0.0771002396941185
493,0.09201405942440033
494,0.05814732238650322
495,0.04876548796892166
496,0.08634813874959946
497,0.057723354548215866
498,0.06777246296405792
499,0.7750419974327087
500,0.5986416339874268
501,0.0704776868224144
502,0.48646295070648193
503,0.06402955949306488
504,0.06840166449546814
505,0.04647364839911461
506,0.05634569749236107
507,0.053841136395931244
508,0.41770514845848083
509,0.052559465169906616
510,0.5302289724349976
511,0.05850262939929962
512,0.30840516090393066
513,0.21181708574295044
514,0.058785147964954376
515,0.05308682471513748
516,0.4674973487854004
517,0.048147112131118774
518,0.07128077000379562
519,0.07135844230651855
520,0.07252989709377289
521,0.3492231070995331
522,0.05771488696336746
523,0.05479130148887634
524,0.06831628084182739
525,0.06362898647785187
526,0.0510198250412941
527,0.059571363031864166
528,0.05870480835437775
529,0.053516559302806854
530,0.4461567997932434
531,0.06262531876564026
532,0.11678653210401535
533,0.051920086145401
534,0.05739639326930046
535,0.05436936765909195
536,0.055540695786476135
537,0.0501062348484993
538,0.04292048141360283
539,0.06608401238918304
540,0.054612040519714355
541,0.053158752620220184
542,0.047403525561094284
543,0.05068746954202652
544,0.04866407811641693
545,0.05070696771144867
546,0.04971829056739807
547,0.16472996771335602
548,0.049845971167087555
549,0.05074276775121689
550,0.04290878400206566
551,0.21464280784130096
552,0.04370618984103203
553,0.05100071430206299
554,0.07288452237844467
555,0.8777657747268677
556,0.0556824654340744
557,0.054097484797239304
558,0.04743671417236328
559,0.06338313221931458
560,0.255099356174469
561,0.061363838613033295
562,0.055266182869672775
563,0.056314967572689056
564,0.05634761601686478
565,0.05375434085726738
566,0.05502928048372269
567,0.40209102630615234
568,0.054395612329244614
569,0.049853600561618805
570,0.05567575618624687
571,0.36340197920799255
572,0.04745146632194519
573,0.06501328200101852
574,0.056224625557661057
575,0.055191852152347565
576,0.15379279851913452
577,0.0703621506690979
578,0.060637637972831726
579,0.07788404822349548
580,0.0728304535150528
581,0.0632086992263794
582,0.15102873742580414
583,0.0509638786315918
584,0.1268247812986374
585,0.07962232083082199
586,0.07728356868028641
587,0.05690857768058777
588,0.06090796738862991
589,0.06198772415518761
590,0.04893138259649277
591,0.18265283107757568
592,0.056943368166685104
593,0.9534885883331299
594,0.055194191634655
595,0.0559379868209362
596,0.09184080362319946
597,0.0570434145629406
598,0.20569023489952087
599,0.05851828306913376
600,0.06357993185520172
601,0.4388010501861572
602,0.05738035961985588
603,0.18454965949058533
604,0.059820644557476044
605,0.06372267752885818
606,0.04646138474345207
607,0.8875099420547485
608,0.08441223204135895
609,0.0541025847196579
610,0.045990221202373505
611,0.08459468185901642
612,0.057247381657361984
613,0.37108612060546875
614,0.12279121577739716
615,0.05517176538705826
616,0.11303316801786423
617,0.07573350518941879
618,0.07172758877277374
619,0.06171434372663498
620,0.06368625164031982
621,0.07086601853370667
622,0.06993703544139862
623,0.06209510192275047
624,0.05891145020723343
625,0.1618761122226715
626,0.060128986835479736
627,0.0532698929309845
628,0.06420043110847473
629,0.05378309637308121
630,0.05817362666130066
631,0.06435924023389816
632,0.04729822278022766
633,0.054248444736003876
634,0.09350236505270004
635,0.05246797204017639
636,0.13167685270309448
637,0.048703864216804504
638,0.056526850908994675
639,0.05685574561357498
640,0.1578027456998825
641,0.8579251766204834
642,0.06828518211841583
643,0.1499958634376526
644,0.07404881715774536
645,0.07775416970252991
646,0.0567922405898571
647,0.05696888267993927
648,0.15226757526397705
649,0.27809521555900574
650,0.05504351854324341
651,0.09517049789428711
652,0.05586710572242737
653,0.05516082048416138
654,0.058912307024002075
655,0.05962352082133293
656,0.0643802136182785
657,0.08099044859409332
658,0.05653667077422142
659,0.056873515248298645
660,0.060419149696826935
661,0.11948063224554062
662,0.8260469436645508
663,0.0961475819349289
664,0.10041847825050354
665,0.05404127761721611
666,0.05686181038618088
667,0.060927581042051315
668,0.052130039781332016
669,0.055466264486312866
670,0.18870076537132263
671,0.23796086013317108
672,0.04784779250621796
673,0.05970926210284233
674,0.060479432344436646
675,0.0587010383605957
676,0.056931864470243454
677,0.05642317980527878
678,0.23173284530639648
679,0.0636640414595604
680,0.06004921719431877
681,0.055861469358205795
682,0.05511012300848961
683,0.05445665121078491
684,0.1443077027797699
685,0.0544988214969635
686,0.04934060573577881
687,0.05813352391123772
688,0.07538102567195892
689,0.10829242318868637
690,0.057018399238586426
691,0.06653287261724472
692,0.058081142604351044
693,0.054277416318655014
694,0.05499128997325897
695,0.07435977458953857
696,0.04887985438108444
697,0.06568652391433716
698,0.05902650207281113
699,0.2112749218940735
700,0.05617183446884155
701,0.06372057646512985
702,0.0630289614200592
703,0.06251279264688492
704,0.050889529287815094
705,0.062436722218990326
706,0.06539815664291382
707,0.05639303848147392
708,0.04912199079990387
709,0.05427895113825798
710,0.0500732883810997
711,0.05308391898870468
712,0.05350567027926445
713,0.1588452309370041
714,0.05137498304247856
715,0.05854938179254532
716,0.3583536148071289
717,0.05252659320831299
718,0.052749328315258026
719,0.10523500293493271
720,0.050239965319633484
721,0.05693928897380829
722,0.055324487388134
723,0.048319678753614426
724,0.27538684010505676
725,0.04697122424840927
726,0.05055869370698929
727,0.11802233755588531
728,0.04835599660873413
729,0.053630173206329346
730,0.05769970268011093
731,0.051764797419309616
732,0.21962180733680725
733,0.05295548588037491
734,0.0531587228178978
735,0.5560527443885803
736,0.054855477064847946
737,0.0570463091135025
738,0.059854745864868164
739,0.04355373978614807
740,0.11241656541824341
741,0.048726677894592285
742,0.05586835741996765
743,0.049252867698669434
744,0.05537699908018112
745,0.0512814000248909
746,0.04740723967552185
747,0.13194943964481354
748,0.12241771072149277
749,0.06224622577428818
750,0.05417203903198242
751,0.07382829487323761
752,0.05097990483045578
753,0.05132342502474785
754,0.057615574449300766
755,0.05003904551267624
756,0.04769159108400345
757,0.1338537037372589
758,0.25949519872665405
759,0.052180640399456024
760,0.049898914992809296
761,0.04654852673411369
762,0.05994107946753502
763,0.06829904019832611
764,0.05107847601175308
765,0.7156679630279541
766,0.0576985739171505
767,0.05765493959188461
768,0.061273664236068726
769,0.05433053523302078
770,0.052060019224882126
771,0.05119776725769043
772,0.09041403234004974
773,0.12295784056186676
774,0.6671948432922363
775,0.17329451441764832
776,0.05350760370492935
777,0.052556879818439484
778,0.05188382416963577
779,0.054151635617017746
780,0.09652581810951233
781,0.31802353262901306
782,0.07025545835494995
783,0.05760158225893974
784,0.05470498651266098
785,0.051476143300533295
786,0.05362211912870407
787,0.05445881932973862
788,0.2344440221786499
789,0.056278347969055176
790,0.057127974927425385
791,0.053015828132629395
792,0.050945308059453964
793,0.19056165218353271
794,0.050923775881528854
795,0.054903190582990646
796,0.7620097994804382
797,0.04855244979262352
798,0.052128866314888
799,0.06393005698919296
800,0.04936380311846733
801,0.0523546040058136
802,0.04770626872777939
803,0.08348697423934937
804,0.045646946877241135
805,0.05000599846243858
806,0.5167638659477234
807,0.042835503816604614
808,0.049033503979444504
809,0.05835802108049393
810,0.04261504113674164
811,0.1954670250415802
812,0.32715195417404175
813,0.05015357583761215
814,0.3769187927246094
815,0.04685938358306885
816,0.049907438457012177
817,0.0611472986638546
818,0.3212241530418396
819,0.06595429033041
820,0.05521966144442558
821,0.08556216955184937
822,0.04878520965576172
823,0.05234624072909355
824,0.051098063588142395
825,0.050707846879959106
826,0.05672147870063782
827,0.05240749940276146
828,0.053199201822280884
829,0.6651091575622559
830,0.050333719700574875
831,0.053491853177547455
832,0.04973907023668289
833,0.07123143970966339
834,0.051440369337797165
835,0.07211700826883316
836,0.04839766025543213
837,0.05918329209089279
838,0.0506456196308136
839,0.07661837339401245
840,0.2553963363170624
841,0.04647766053676605
842,0.06514731049537659
843,0.10907439887523651
844,0.05327468365430832
845,0.05678790807723999
846,0.11722378432750702
847,0.059160199016332626
848,0.05621010810136795
849,0.0494975745677948
850,0.047720860689878464
851,0.0496918186545372
852,0.050253402441740036
853,0.05732932314276695
854,0.11231638491153717
855,0.0491052083671093
856,0.04833158850669861
857,0.049035441130399704
858,0.04716258496046066
859,0.048184268176555634
860,0.04509514570236206
861,0.05277208611369133
862,0.04610287770628929
863,0.046275459229946136
864,0.04395093768835068
865,0.058118633925914764
866,0.06046000123023987
867,0.050242092460393906
868,0.046257924288511276
869,0.042953502386808395
870,0.04227030277252197
871,0.2092253565788269
872,0.041286077350378036
873,0.041444532573223114
874,0.0442870557308197
875,0.08847545087337494
876,0.05112599954009056
877,0.04713505506515503
878,0.0491698756814003
879,0.15795958042144775
880,0.04803941771388054
881,0.06650935113430023
882,0.33172449469566345
883,0.3412468433380127
884,0.06522231549024582
885,0.05543273314833641
886,0.053025029599666595
887,0.7780610918998718
888,0.05060405656695366
889,0.056201424449682236
890,0.18022355437278748
891,0.06107471510767937
892,0.0576331727206707
893,0.07862364500761032
894,0.051281094551086426
895,0.05194501206278801
896,0.06230853125452995
897,0.5491593480110168
898,0.05398884043097496
899,0.05640978738665581
900,0.05391490086913109
901,0.05480515584349632
902,0.05304433032870293
903,0.05542462319135666
904,0.05406492203474045
905,0.05262881517410278
906,0.048477184027433395
907,0.8217589259147644
908,0.04539532586932182
909,0.04733005166053772
910,0.05023075267672539
911,0.05339560657739639
912,0.04738312587141991
913,0.047102682292461395
914,0.045757442712783813
915,0.04697545990347862
916,0.3165770173072815
917,0.06907791644334793
918,0.05072512477636337
919,0.04796522483229637
920,0.04514561593532562
921,0.047917962074279785
922,0.07780177146196365
923,0.045611850917339325
924,0.046093620359897614
925,0.06200858950614929
926,0.06696325540542603
927,0.07324182242155075
928,0.0807780772447586
929,0.05221563205122948
930,0.053236931562423706
931,0.9124884605407715
932,0.4614628553390503
933,0.06267483532428741
934,0.05489574000239372
935,0.26100069284439087
936,0.05718172714114189
937,0.07564916461706161
938,0.05226626247167587
939,0.05505816265940666
940,0.7423655390739441
941,0.07480739057064056
942,0.11859139055013657
943,0.06288420408964157
944,0.12465115636587143
945,0.06492109596729279
946,0.4370526075363159
947,0.07447575777769089
948,0.09624601900577545
949,0.08951495587825775
950,0.06551694869995117
951,0.07879622280597687
952,0.08780159801244736
953,0.24191240966320038
954,0.07044122368097305
955,0.07050348818302155
956,0.09574967622756958
957,0.07199473679065704
958,0.07670532166957855
959,0.06766558438539505
960,0.07512009143829346
961,0.07808409631252289
962,0.07673870772123337
963,0.3556640148162842
964,0.07203104346990585
965,0.2122914046049118
966,0.06871223449707031
967,0.06676448881626129
968,0.06435010582208633
969,0.06975676864385605
970,0.38938969373703003
971,0.07156249135732651
972,0.06440873444080353
973,0.06611891090869904
974,0.066159687936306
975,0.5685033798217773
976,0.06121179088950157
977,0.06087469309568405
978,0.06516715884208679
979,0.06515645980834961
980,0.056491248309612274
981,0.06086202710866928
982,0.05826226994395256
983,0.05863495171070099
984,0.05746958777308464
985,0.06418196856975555
986,0.1043189987540245
987,0.0810602605342865
988,0.051595401018857956
989,0.05077379196882248
990,0.0470830500125885
991,0.5484746098518372
992,0.04630182310938835
993,0.08561623096466064
994,0.04529576748609543
995,0.30788519978523254
996,0.05497254058718681
997,0.05006721615791321
998,0.049122150987386703
999,0.0525127649307251
1000,0.048994582146406174
1001,0.05369948595762253
1002,0.04946495592594147
1003,0.4801360070705414
1004,0.05808551236987114
1005,0.048961423337459564
1006,0.0471368245780468
1007,0.04709497094154358
1008,0.046739500015974045
1009,0.04609641432762146
1010,0.05094897374510765
1011,0.04447904974222183
1012,0.04532088339328766
1013,0.04734557121992111
1014,0.04362405464053154
1015,0.06424741446971893
1016,0.056195177137851715
1017,0.05588158220052719
1018,0.04664069414138794
1019,0.042706143110990524
1020,0.04630246385931969
1021,0.04115225747227669
1022,0.050112418830394745
1023,0.042492084205150604
1024,0.04316721484065056
1025,0.04152580723166466
1026,0.05073340982198715
1027,0.03903598710894585
1028,0.052465714514255524
1029,0.7837076187133789
1030,0.04491286724805832
1031,0.05009772628545761
1032,0.03826151788234711
1033,0.042802661657333374
1034,0.04229375720024109
1035,0.13230441510677338
1036,0.03958142548799515
1037,0.20026974380016327
1038,0.04257658123970032
1039,0.04526534676551819
1040,0.04014379531145096
1041,0.0445871464908123
1042,0.05127379298210144
1043,0.046017855405807495
1044,0.6889087557792664
1045,0.042494069784879684
1046,0.046559639275074005
1047,0.15225772559642792
1048,0.05005761235952377
1049,0.047177236527204514
1050,0.047485336661338806
1051,0.04292207211256027
1052,0.06745193898677826
1053,0.044398870319128036
1054,0.04075302928686142
1055,0.04352390393614769
1056,0.046224795281887054
1057,0.04175861179828644
1058,0.04715430736541748
1059,0.04322100803256035
1060,0.04687746614217758
1061,0.04353312775492668
1062,0.04198324307799339
1063,0.04163507744669914
1064,0.4912591874599457
1065,0.7329678535461426
1066,0.04467976093292236
1067,0.06703264266252518
1068,0.05645103380084038
1069,0.04531235992908478
1070,0.09970925748348236
1071,0.04603196308016777
1072,0.0772881731390953
1073,0.06711246073246002
1074,0.3910692632198334
1075,0.05029584467411041
1076,0.049149662256240845
1077,0.05662856623530388
1078,0.06939463317394257
1079,0.06308439373970032
1080,0.04818408936262131
1081,0.044791750609874725
1082,0.04561102017760277
1083,0.04622744023799896
1084,0.046297587454319
1085,0.04929080232977867
1086,0.048785895109176636
1087,0.04577907174825668
1088,0.04725201055407524
1089,0.04118822515010834
1090,0.06959903985261917
1091,0.04479030892252922
1092,0.049618080258369446
1093,0.0466320775449276
1094,0.09531354159116745
1095,0.041261542588472366
1096,0.048820436000823975
1097,0.054267190396785736
1098,0.046520035713911057
1099,0.04572680592536926
1100,0.04837406426668167
1101,0.04013649374246597
1102,0.052125632762908936
1103,0.0656682550907135
1104,0.04883718118071556
1105,0.04125409573316574
1106,0.04201313853263855
1107,0.08393397182226181
1108,0.4180978238582611
1109,0.04406264051795006
1110,0.04199713468551636
1111,0.046139054000377655
1112,0.04393702372908592
1113,0.04407752677798271
1114,0.04273973032832146
1115,0.044603027403354645
1116,0.04372197389602661
1117,0.039961330592632294
1118,0.041096918284893036
1119,0.03898871690034866
1120,0.039131153374910355
1121,0.04260767996311188
1122,0.07487376779317856
1123,0.04331272095441818
1124,0.04824139177799225
1125,0.04028746485710144
1126,0.05894755572080612
1127,0.47609782218933105
1128,0.04349551722407341
1129,0.04459449648857117
1130,0.050119318068027496
1131,0.040716949850320816
1132,0.04221205413341522
1133,0.11857377737760544
1134,0.04117635637521744
1135,0.31577858328819275
1136,0.040991269052028656
1137,0.041029468178749084
1138,0.0572318434715271
1139,0.49557918310165405
1140,0.05952896922826767
1141,0.050240229815244675
1142,0.3700202405452728
1143,0.0419548861682415
1144,0.041717927902936935
1145,0.18169157207012177
1146,0.04283399507403374
1147,0.053089022636413574
1148,0.04532676190137863
1149,0.04543698579072952
1150,0.046537645161151886
1151,0.32048356533050537
1152,0.040680479258298874
1153,0.044013023376464844
1154,0.052269965410232544
1155,0.04267851263284683
1156,0.05894498527050018
1157,0.04500048607587814
1158,0.05661958456039429
1159,0.05993279069662094
1160,0.059623897075653076
1161,0.10844747722148895
1162,0.05222450941801071
1163,0.041597314178943634
1164,0.04429889842867851
1165,0.043357640504837036
1166,0.045638084411621094
1167,0.04189067333936691
1168,0.3115875720977783
1169,0.06424727290868759
1170,0.04575158283114433
1171,0.05256369709968567
1172,0.04300268739461899
1173,0.043317846953868866
1174,0.5417391061782837
1175,0.04929973930120468
1176,0.049513816833496094
1177,0.04418034479022026
1178,0.05031028389930725
1179,0.06335526704788208
1180,0.11201336234807968
1181,0.056114502251148224
1182,0.05093666911125183
1183,0.04190009832382202
1184,0.04805512726306915
1185,0.045972369611263275
1186,0.04473639652132988
1187,0.04394619166851044
1188,0.06606771051883698
1189,0.0475790798664093
1190,0.04893368110060692
1191,0.09282948821783066
1192,0.05702614784240723
1193,0.05276336893439293
1194,0.04513883590698242
1195,0.04508553072810173
1196,0.10944261401891708
1197,0.042914994060993195
1198,0.04687616229057312
1199,0.05094873160123825
1200,0.04178684577345848
1201,0.08873506635427475
1202,0.12155117839574814
1203,0.043164562433958054
1204,0.04503105580806732
1205,0.0654621347784996
1206,0.03915735334157944
1207,0.04006142169237137
1208,0.052653566002845764
1209,0.04537736624479294
1210,0.04463125392794609
1211,0.0407932847738266
1212,0.03947260603308678
1213,0.052911512553691864
1214,0.21816587448120117
1215,0.04159051924943924
1216,0.09251268953084946
1217,0.03861842676997185
1218,0.07227777689695358
1219,0.038536667823791504
1220,0.04084830358624458
1221,0.05134853348135948
1222,0.178700789809227
1223,0.06650607287883759
1224,0.03840825706720352
1225,0.041574008762836456
1226,0.040660466998815536
1227,0.04092823714017868
1228,0.1129004955291748
1229,0.0396215096116066
1230,0.038694631308317184
1231,0.04058925062417984
1232,0.05494995042681694
1233,0.041645266115665436
1234,0.047036826610565186
1235,0.03805170953273773
1236,0.040418073534965515
1237,0.03689727559685707
1238,0.03939273953437805
1239,0.04546409845352173
1240,0.1081194281578064
1241,0.5271848440170288
1242,0.4227522015571594
1243,0.04999534413218498
1244,0.039050497114658356
1245,0.0642494410276413
1246,0.045205336064100266
1247,0.04058397561311722
1248,0.050600238144397736
1249,0.04068082571029663
1250,0.03860035538673401
1251,0.7978663444519043
1252,0.5601500272750854
1253,0.04254060983657837
1254,0.046347856521606445
1255,0.03977080062031746
1256,0.3591383397579193
1257,0.07017070055007935
1258,0.03920646011829376
1259,0.05680866539478302
1260,0.036633506417274475
1261,0.5480877757072449
1262,0.10692587494850159
1263,0.043350450694561005
1264,0.04178629443049431
1265,0.06450061500072479
1266,0.5786285996437073
1267,0.06070081889629364
1268,0.042568959295749664
1269,0.046971432864665985
1270,0.045462220907211304
1271,0.05301785096526146
1272,0.044115155935287476
1273,0.047624122351408005
1274,0.054206930100917816
1275,0.043484121561050415
1276,0.055553339421749115
1277,0.038729242980480194
1278,0.05768687278032303
1279,0.04052966833114624
1280,0.09854748100042343
1281,0.04182770848274231
1282,0.044025324285030365
1283,0.0397760309278965
1284,0.04058550298213959
1285,0.07350166887044907
1286,0.04311404749751091
1287,0.1961764544248581
1288,0.06943219155073166
1289,0.05157820135354996
1290,0.0743001326918602
1291,0.038534365594387054
1292,0.04581606388092041
1293,0.0412137508392334
1294,0.04436821863055229
1295,0.03992925584316254
1296,0.37787699699401855
1297,0.04028044641017914
1298,0.0472138486802578
1299,0.04283718019723892
1300,0.09185932576656342
1301,0.07235141098499298
1302,0.06271439790725708
1303,0.04176926240324974
1304,0.04203128069639206
1305,0.04915500804781914
1306,0.04310990497469902
1307,0.1390412151813507
1308,0.06189681589603424
1309,0.054336726665496826
1310,0.040822647511959076
1311,0.12517938017845154
1312,0.04158681258559227
1313,0.05337181314826012
1314,0.044131599366664886
1315,0.04360460489988327
1316,0.04430238530039787
1317,0.08079023659229279
1318,0.04192047566175461
1319,0.14034521579742432
1320,0.04118463024497032
1321,0.628963828086853
1322,0.06105804443359375
1323,0.04418223351240158
1324,0.04744109511375427
1325,0.04648805782198906
1326,0.04105973243713379
1327,0.07285168021917343
1328,0.050604041665792465
1329,0.1032860279083252
1330,0.040281880646944046
1331,0.042007505893707275
1332,0.04615527391433716
1333,0.03773784264922142
1334,0.050997182726860046
1335,0.05569082126021385
1336,0.03848327696323395
1337,0.04025057330727577
1338,0.040405452251434326
1339,0.1100219339132309
1340,0.05191550776362419
1341,0.040764402598142624
1342,0.0542939119040966
1343,0.04169049486517906
1344,0.041755255311727524
1345,0.04222003370523453
1346,0.03564181923866272
1347,0.036125972867012024
1348,0.07237149775028229
1349,0.047254592180252075
1350,0.037134800106287
1351,0.06385799497365952
1352,0.038649946451187134
1353,0.10364144295454025
1354,0.03836808353662491
1355,0.04091162607073784
1356,0.03962923213839531
1357,0.035307977348566055
1358,0.038240548223257065
1359,0.03772726655006409
1360,0.043141305446624756
1361,0.036904022097587585
1362,0.04318559169769287
1363,0.30272039771080017
1364,0.03594925254583359
1365,0.03555475175380707
1366,0.038475342094898224
1367,0.0385391041636467
1368,0.0930727943778038
1369,0.10903384536504745
1370,0.036773767322301865
1371,0.048468805849552155
1372,0.05598849058151245
1373,0.036888863891363144
1374,0.03706594556570053
1375,0.3068649172782898
1376,0.1442071497440338
1377,0.03536766767501831
1378,0.09168723225593567
1379,0.03535066545009613
1380,0.03856850415468216
1381,0.038397058844566345
1382,0.3759748339653015
1383,0.03909920156002045
1384,0.04884490370750427
1385,0.03806575387716293
1386,0.43569010496139526
1387,0.03678219020366669
1388,0.04111507907509804
1389,0.04110909253358841
1390,0.03978872671723366
1391,0.2676445245742798
1392,0.4976409375667572
1393,0.06362457573413849
1394,0.25923317670822144
1395,0.06729157269001007
1396,0.04991307854652405
1397,0.062351714819669724
1398,0.2125440537929535
1399,0.04861265420913696
1400,0.04059101641178131
1401,0.03975696116685867
1402,0.03976203873753548
1403,0.04148765280842781
1404,0.0398688018321991
1405,0.04767721891403198
1406,0.04850838705897331
1407,0.037848539650440216
1408,0.037363484501838684
1409,0.0388980358839035
1410,0.12795665860176086
1411,0.042961448431015015
1412,0.05556867644190788
1413,0.03649435564875603
1414,0.05252214893698692
1415,0.04254630208015442
1416,0.0752362310886383
1417,0.03856932744383812
1418,0.9118037223815918
1419,0.0676930695772171
1420,0.04025524854660034
1421,0.04330858588218689
1422,0.1554209589958191
1423,0.03868044912815094
1424,0.03903309255838394
1425,0.03778549283742905
1426,0.040455859154462814
1427,0.04026272892951965
1428,0.03899059444665909
1429,0.041061025112867355
1430,0.03532461076974869
1431,0.03712485730648041
1432,0.04419214650988579
1433,0.03516986966133118
1434,0.03816097229719162
1435,0.3655676245689392
1436,0.0530770942568779
1437,0.05412191152572632
1438,0.04036462679505348
1439,0.26339957118034363
1440,0.04143023118376732
1441,0.039819251745939255
1442,0.03924880176782608
1443,0.04751604050397873
1444,0.06251821666955948
1445,0.043118201196193695
1446,0.03625042364001274
1447,0.06107020378112793
1448,0.08895086497068405
1449,0.04144511744379997
1450,0.7686140537261963
1451,0.1287163347005844
1452,0.040948670357465744
1453,0.03948670253157616
1454,0.04065835103392601
1455,0.04009008780121803
1456,0.039583720266819
1457,0.04815530404448509
1458,0.11056884378194809
1459,0.040880464017391205
1460,0.08125358074903488
1461,0.06786324083805084
1462,0.05280366167426109
1463,0.05104038119316101
1464,0.0569712333381176
1465,0.28219178318977356
1466,0.04256926476955414
1467,0.09353601932525635
1468,0.05196956545114517
1469,0.04971477389335632
1470,0.3520256280899048
1471,0.03917422890663147
1472,0.048861682415008545
1473,0.055407583713531494
1474,0.14176802337169647
1475,0.05081399530172348
1476,0.06157892942428589
1477,0.047071315348148346
1478,0.045839499682188034
1479,0.050632819533348083
1480,0.08203070610761642
1481,0.044181644916534424
1482,0.07307738810777664
1483,0.04836946353316307
1484,0.043330948799848557
1485,0.04592868313193321
1486,0.04280032962560654
1487,0.04330720752477646
1488,0.045385122299194336
1489,0.04176635295152664
1490,0.04257434234023094
1491,0.038091644644737244
1492,0.03844541311264038
1493,0.05315827578306198
1494,0.693185031414032
1495,0.4322976768016815
1496,0.08043128252029419
1497,0.07715558260679245
1498,0.10670620203018188
1499,0.16162258386611938
1500,0.08619793504476547
1501,0.061754804104566574
1502,0.06548487395048141
1503,0.10467943549156189
1504,0.06590983271598816
1505,0.05391016602516174
1506,0.05385808274149895
1507,0.6993201971054077
1508,0.048499248921871185
1509,0.04884349927306175
1510,0.047975461930036545
1511,0.10626848042011261
1512,0.04382985830307007
1513,0.07038511335849762
1514,0.05283113941550255
1515,0.04423966631293297
1516,0.04408736154437065
1517,0.04488305374979973
1518,0.038964394479990005
1519,0.05344366282224655
1520,0.04014747589826584
1521,0.05825316160917282
1522,0.03886991739273071
1523,0.039582476019859314
1524,0.04285874962806702
1525,0.12456315010786057
1526,0.03901682049036026
1527,0.03767513856291771
1528,0.041163016110658646
1529,0.039955344051122665
1530,0.038690488785505295
1531,0.040178246796131134
1532,0.11705946922302246
1533,0.03911450505256653
1534,0.040661223232746124
1535,0.0357317253947258
1536,0.056122295558452606
1537,0.050205379724502563
1538,0.040021125227212906
1539,0.041203491389751434
1540,0.03609420731663704
1541,0.07911315560340881
1542,0.055474139750003815
1543,0.05691421031951904
1544,0.039730362594127655
1545,0.03723585978150368
1546,0.03430158644914627
1547,0.05117899179458618
1548,0.03560288995504379
1549,0.08075970411300659
1550,0.38357973098754883
1551,0.05691256374120712
1552,0.03457919508218765
1553,0.07183082401752472
1554,0.04938436299562454
1555,0.05780535936355591
1556,0.26747459173202515
1557,0.0547448992729187
1558,0.24639496207237244
1559,0.03707462176680565
1560,0.07319630682468414
1561,0.034054361283779144
1562,0.040813952684402466
1563,0.2471209466457367
1564,0.06770060956478119
1565,0.04944193363189697
1566,0.03727690130472183
1567,0.05094797536730766
1568,0.057135313749313354
1569,0.1016746386885643
1570,0.08092036098241806
1571,0.04115913063287735
1572,0.04910707473754883
1573,0.037860311567783356
1574,0.03871910274028778
1575,0.0376298725605011
1576,0.03689803183078766
1577,0.03830361366271973
1578,0.05756106972694397
1579,0.03628181666135788
1580,0.036113858222961426
1581,0.03639908879995346
1582,0.03800712525844574
1583,0.034060582518577576
1584,0.035285670310258865
1585,0.03470770642161369
1586,0.6226403713226318
1587,0.07637162506580353
1588,0.0712161660194397
1589,0.04172663018107414
1590,0.03916413336992264
1591,0.03637586161494255
1592,0.07360927760601044
1593,0.07771371304988861
1594,0.04073411598801613
1595,0.06380815804004669
1596,0.04306513071060181
1597,0.03989354521036148
1598,0.037836991250514984
1599,0.08139173686504364
1600,0.044946204870939255
1601,0.03893619775772095
1602,0.046787988394498825
1603,0.04058517515659332
1604,0.0639152079820633
1605,0.04475541412830353
1606,0.05889705941081047
1607,0.03697046637535095
1608,0.07308436930179596
1609,0.04672650992870331
1610,0.05000565946102142
1611,0.5804097056388855
1612,0.044832393527030945
1613,0.25317850708961487
1614,0.03816482052206993
1615,0.040506359189748764
1616,0.5147721171379089
1617,0.03724311292171478
1618,0.058402471244335175
1619,0.04245864972472191
1620,0.03555767983198166
1621,0.044586844742298126
1622,0.03615434840321541
1623,0.08559045195579529
1624,0.05471858009696007
1625,0.20660273730754852
1626,0.03700435906648636
1627,0.03708365559577942
1628,0.03881332650780678
1629,0.038637541234493256
1630,0.03831297904253006
1631,0.042290281504392624
1632,0.03512293100357056
1633,0.03619127720594406
1634,0.04881344735622406
1635,0.03690964728593826
1636,0.11970889568328857
1637,0.039032693952322006
1638,0.04161672294139862
1639,0.06652799248695374
1640,0.03515927866101265
1641,0.058864347636699677
1642,0.03612889349460602
1643,0.04030741751194
1644,0.05012662336230278
1645,0.060307085514068604
1646,0.04015631601214409
1647,0.1378263533115387
1648,0.03623773157596588
1649,0.03561509773135185
1650,0.0604432076215744
1651,0.03396964818239212
1652,0.03726501017808914
1653,0.0408911295235157
1654,0.03586821258068085
1655,0.03390669822692871
1656,0.04833720251917839
1657,0.05497663840651512
1658,0.03650236874818802
1659,0.034989580512046814
1660,0.033383406698703766
1661,0.0354742556810379
1662,0.07174982130527496
1663,0.03459235653281212
1664,0.03360333666205406
1665,0.03286787122488022
1666,0.04543725401163101
1667,0.03581012040376663
1668,0.03319932147860527
1669,0.6710164546966553
1670,0.03616783767938614
1671,0.8682987093925476
1672,0.04717129468917847
1673,0.03811773657798767
1674,0.08300258219242096
1675,0.03305386006832123
1676,0.033737849444150925
1677,0.6626737117767334
1678,0.03103676438331604
1679,0.03851751983165741
1680,0.03247576951980591
1681,0.45472583174705505
1682,0.03226467967033386
1683,0.08183814585208893
1684,0.04141263663768768
1685,0.11706118285655975
1686,0.40416890382766724
1687,0.03560521826148033
1688,0.08940485119819641
1689,0.06764811277389526
1690,0.10340006649494171
1691,0.034080617129802704
1692,0.032246194779872894
1693,0.038802266120910645
1694,0.0585823580622673
1695,0.03759215399622917
1696,0.03287706524133682
1697,0.03564276546239853
1698,0.038012679666280746
1699,0.039039112627506256
1700,0.03503246232867241
1701,0.033095937222242355
1702,0.040779780596494675
1703,0.03299125283956528
1704,0.032874882221221924
1705,0.03172179311513901
1706,0.19485092163085938
1707,0.03641743212938309
1708,0.12875331938266754
1709,0.04464747756719589
1710,0.031904153525829315
1711,0.0427950918674469
1712,0.04385169595479965
1713,0.043012142181396484
1714,0.09981828182935715
1715,0.039952490478754044
1716,0.08462288975715637
1717,0.12987396121025085
1718,0.035071857273578644
1719,0.11814001202583313
1720,0.035848911851644516
1721,0.03959278762340546
1722,0.03765787184238434
1723,0.03953786939382553
1724,0.041671272367239
1725,0.2049035280942917
1726,0.03734433278441429
1727,0.08224616944789886
1728,0.03348975628614426
1729,0.04026057571172714
1730,0.035008903592824936
1731,0.03328174352645874
1732,0.060516517609357834
1733,0.06318455934524536
1734,0.0570104643702507
1735,0.13645784556865692
1736,0.037510860711336136
1737,0.41486507654190063
1738,0.04260210320353508
1739,0.05276025831699371
1740,0.03689217567443848
1741,0.03540915995836258
1742,0.095148965716362
1743,0.03586403280496597
1744,0.05945194885134697
1745,0.03692425414919853
1746,0.03556370735168457
1747,0.05445053428411484
1748,0.041222166270017624
1749,0.04005458205938339
1750,0.15073908865451813
1751,0.04106607288122177
1752,0.03541163355112076
1753,0.03698654845356941
1754,0.036783087998628616
1755,0.041303858160972595
1756,0.03726691007614136
1757,0.03397844359278679
1758,0.052069276571273804
1759,0.03283200412988663
1760,0.03306441754102707
1761,0.035880763083696365
1762,0.03271877020597458
1763,0.046863239258527756
1764,0.034984491765499115
1765,0.04786084219813347
1766,0.03377025946974754
1767,0.03730250895023346
1768,0.034483686089515686
1769,0.05137200281023979
1770,0.04468167945742607
1771,0.03252759575843811
1772,0.03632195293903351
1773,0.1252652257680893
1774,0.035571709275245667
1775,0.03527715057134628
1776,0.05064011737704277
1777,0.06981807947158813
1778,0.032447054982185364
1779,0.03670328110456467
1780,0.055521585047245026
1781,0.03539631515741348
1782,0.06157217547297478
1783,0.032496377825737
1784,0.038970109075307846
1785,0.033416442573070526
1786,0.03625897690653801
1787,0.031992606818675995
1788,0.03600301593542099
1789,0.07284131646156311
1790,0.034801606088876724
1791,0.2519211173057556
1792,0.04496856778860092
1793,0.03293278068304062
1794,0.03823705017566681
1795,0.03219342976808548
1796,0.033359382301568985
1797,0.03323718160390854
1798,0.06135406345129013
1799,0.04118184745311737
1800,0.037013620138168335
1801,0.03969766944646835
1802,0.035426635295152664
1803,0.03035883419215679
1804,0.03752169758081436
1805,0.03439211845397949
1806,0.07275527715682983
1807,0.032870616763830185
1808,0.047917090356349945
1809,0.02982456609606743
1810,0.031521983444690704
1811,0.32705461978912354
1812,0.05178888887166977
1813,0.033068232238292694
1814,0.03140418231487274
1815,0.038478925824165344
1816,0.0525074377655983
1817,0.7229983806610107
1818,0.03575388342142105
1819,0.03584162890911102
1820,0.05009646713733673
1821,0.4782499670982361
1822,0.04224107787013054
1823,0.035249508917331696
1824,0.031044399365782738
1825,0.03442246466875076
1826,0.04154291749000549
1827,0.03696480393409729
1828,0.03607696294784546
1829,0.037348195910453796
1830,0.12293009459972382
1831,0.0542614683508873
1832,0.03773533180356026
1833,0.048552945256233215
1834,0.5762230753898621
1835,0.039500489830970764
1836,0.03437954559922218
1837,0.06577277183532715
1838,0.032237421721220016
1839,0.03914976865053177
1840,0.0678613930940628
1841,0.03239484131336212
1842,0.03479362279176712
1843,0.053692303597927094
1844,0.05259738117456436
1845,0.032937150448560715
1846,0.033783309161663055
1847,0.033342551440000534
1848,0.04152964800596237
1849,0.036361876875162125
1850,0.03188614547252655
1851,0.07994720339775085
1852,0.05227033048868179
1853,0.04005218669772148
1854,0.2502843141555786
1855,0.04418022558093071
1856,0.038175880908966064
1857,0.042226843535900116
1858,0.03865576535463333
1859,0.03878775238990784
1860,0.03554489463567734
1861,0.03514877334237099
1862,0.08464249223470688
1863,0.03206108883023262
1864,0.07636183500289917
1865,0.033010080456733704
1866,0.046976517885923386
1867,0.07294250279664993
1868,0.052332308143377304
1869,0.03261580318212509
1870,0.03814392909407616
1871,0.037229496985673904
1872,0.03708517178893089
1873,0.035869915038347244
1874,0.0478367954492569
1875,0.05594540387392044
1876,0.09040608257055283
1877,0.044973455369472504
1878,0.06489530205726624
1879,0.03437655791640282
1880,0.03408392518758774
1881,0.03309579938650131
1882,0.03172706812620163
1883,0.06105222553014755
1884,0.03624218329787254
1885,0.030287114903330803
1886,0.037233829498291016
1887,0.03316951170563698
1888,0.03284293785691261
1889,0.030563373118638992
1890,0.03618086874485016
1891,0.03578631207346916
1892,0.04218539223074913
1893,0.031908757984638214
1894,0.05043930560350418
1895,0.035938091576099396
1896,0.04568244144320488
1897,0.030045628547668457
1898,0.4827626943588257
1899,0.035724181681871414
1900,0.03428052365779877
1901,0.034453749656677246
1902,0.037038322538137436
1903,0.02970818802714348
1904,0.03808964043855667
1905,0.032075125724077225
1906,0.05559511110186577
1907,0.05012960731983185
1908,0.03351844847202301
1909,0.030763348564505577
1910,0.08121319115161896
1911,0.03618630766868591
1912,0.1724753975868225
1913,0.0748501718044281
1914,0.0330159068107605
1915,0.034240998327732086
1916,0.03398968279361725
1917,0.04796632379293442
1918,0.03453898802399635
1919,0.038804925978183746
1920,0.030926324427127838
1921,0.053706660866737366
1922,0.03782491385936737
1923,0.4745950698852539
1924,0.055270373821258545
1925,0.031990595161914825
1926,0.04242674633860588
1927,0.046089526265859604
1928,0.04122524708509445
1929,0.18751947581768036
1930,0.10233595222234726
1931,0.04058520123362541
1932,0.031906116753816605
1933,0.04109901189804077
1934,0.0826944038271904
1935,0.03515596687793732
1936,0.0383782684803009
1937,0.6344373226165771
1938,0.19288396835327148
1939,0.036993607878685
1940,0.041251637041568756
1941,0.05676634609699249
1942,0.03418506309390068
1943,0.033475957810878754
1944,0.04669208079576492
1945,0.06027749180793762
1946,0.04153291881084442
1947,0.13153649866580963
1948,0.03716079518198967
1949,0.05712374672293663
1950,0.03464581072330475
1951,0.03373120725154877
1952,0.05383416265249252
1953,0.03713090345263481
1954,0.03534196689724922
1955,0.03517049923539162
1956,0.03175938129425049
1957,0.04776237532496452
1958,0.03442910313606262
1959,0.04596508666872978
1960,0.03349197655916214
1961,0.07000365108251572
1962,0.03845533728599548
1963,0.05186307057738304
1964,0.04399355873465538
1965,0.04701235145330429
1966,0.08917521685361862
1967,0.8638079166412354
1968,0.03279704600572586
1969,0.05541151762008667
1970,0.034575946629047394
1971,0.07135966420173645
1972,0.037615276873111725
1973,0.03622027114033699
1974,0.5151070356369019
1975,0.045468635857105255
1976,0.03124498948454857
1977,0.04157829284667969
1978,0.035528164356946945
1979,0.039546623826026917
1980,0.04167884588241577
1981,0.031113123521208763
1982,0.04309864342212677
1983,0.06918715685606003
1984,0.033193569630384445
1985,0.7830580472946167
1986,0.07016615569591522
1987,0.033347032964229584
1988,0.03247714042663574
1989,0.03506050258874893
1990,0.04468514770269394
1991,0.030051205307245255
1992,0.03366547077894211
1993,0.03834614157676697
1994,0.030665477737784386
1995,0.03058251366019249
1996,0.036925531923770905
1997,0.0299653559923172
1998,0.050039663910865784
1999,0.044196225702762604
2000,0.03220435231924057
2001,0.03199393302202225
2002,0.04432133957743645
2003,0.047699492424726486
2004,0.03112337552011013
2005,0.037247754633426666
2006,0.03492685407400131
2007,0.06469903886318207
2008,0.03859357535839081
2009,0.06870599091053009
2010,0.03671137988567352
2011,0.03136315941810608
2012,0.032868415117263794
2013,0.031255148351192474
2014,0.04395609721541405
2015,0.031748250126838684
2016,0.06760871410369873
2017,0.029277503490447998
2018,0.0346023291349411
2019,0.030282441526651382
2020,0.05154028534889221
2021,0.03180307894945145
2022,0.03532646223902702
2023,0.03497296944260597
2024,0.039689838886260986
2025,0.06380957365036011
2026,0.03764500468969345
2027,0.06641452759504318
2028,0.031185191124677658
2029,0.03493797779083252
2030,0.05965302512049675
2031,0.04326203465461731
2032,0.04683183878660202
2033,0.03219589963555336
2034,0.03239215165376663
2035,0.03890013322234154
2036,0.030414819717407227
2037,0.053267400711774826
2038,0.03350914269685745
2039,0.036500826478004456
2040,0.03641737625002861
2041,0.02976055257022381
2042,0.06757943332195282
2043,0.035709865391254425
2044,0.03321683406829834
2045,0.04580143839120865
2046,0.05157157778739929
2047,0.08923035860061646
2048,0.037040166556835175
2049,0.037236034870147705
2050,0.04919636249542236
2051,0.06874797493219376
2052,0.049294836819171906
2053,0.03808701038360596
2054,0.030195623636245728
2055,0.03645184636116028
2056,0.0304766483604908
2057,0.0431254506111145
2058,0.033762626349925995
2059,0.037654999643564224
2060,0.03679738938808441
2061,0.038921281695365906
2062,0.03040085732936859
2063,0.030662676319479942
2064,0.04076019674539566
2065,0.03153321146965027
2066,0.04292737692594528
2067,0.03761816397309303
2068,0.028630873188376427
2069,0.04008639603853226
2070,0.03148150071501732
2071,0.17426049709320068
2072,0.030787400901317596
2073,0.0392313152551651
2074,0.5038763284683228
2075,0.08281943202018738
2076,0.03958411514759064
2077,0.035421013832092285
2078,0.37746569514274597
2079,0.04109172150492668
2080,0.031227320432662964
2081,0.04613547772169113
2082,0.04833634942770004
2083,0.034801699221134186
2084,0.03261253982782364
2085,0.029630674049258232
2086,0.032614536583423615
2087,0.05700378865003586
2088,0.031317271292209625
2089,0.03428885340690613
2090,0.03543505817651749
2091,0.2628205418586731
2092,0.041219666600227356
2093,0.03378765285015106
2094,0.03721961751580238
2095,0.03143421933054924
2096,0.03474188968539238
2097,0.03028223291039467
2098,0.049076564610004425
2099,0.05705995857715607
2100,0.03710678219795227
2101,0.06763771176338196
2102,0.045560818165540695
2103,0.0375358909368515
2104,0.038570210337638855
2105,0.03662005439400673
2106,0.7235206365585327
2107,0.03200122341513634
2108,0.42842790484428406
2109,0.034687988460063934
2110,0.04812857508659363
2111,0.09010278433561325
2112,0.03570619970560074
2113,0.08073040843009949
2114,0.07420392334461212
2115,0.06165735051035881
2116,0.03293641656637192
2117,0.13081955909729004
2118,0.06778472661972046
2119,0.0419369600713253
2120,0.0337112620472908
2121,0.051943134516477585
2122,0.039272211492061615
2123,0.03536834567785263
2124,0.2044292390346527
2125,0.05586026608943939
2126,0.5062065124511719
2127,0.037627775222063065
2128,0.034369345754384995
2129,0.04177376627922058
2130,0.038708996027708054
2131,0.040570542216300964
2132,0.0748729258775711
2133,0.04283689707517624
2134,0.03773536533117294
2135,0.1066657230257988
2136,0.036918941885232925
2137,0.11724462360143661
2138,0.033673521131277084
2139,0.06155526638031006
2140,0.035855863243341446
2141,0.03524177521467209
2142,0.03498454391956329
2143,0.03524119406938553
2144,0.03871313855051994
2145,0.6835964918136597
2146,0.035623691976070404
2147,0.03447743505239487
2148,0.03892282396554947
2149,0.0332660973072052
2150,0.03303736448287964
2151,0.0398634672164917
2152,0.03874286636710167
2153,0.03742317855358124
2154,0.03194895014166832
2155,0.03356083482503891
2156,0.0417095422744751
2157,0.040572334080934525
2158,0.03608983755111694
2159,0.03327435255050659
2160,0.02975623309612274
2161,0.0397426076233387
2162,0.03176002949476242
2163,0.029924100264906883
2164,0.0733993723988533
2165,0.041292257606983185
2166,0.0589602068066597
2167,0.03292584419250488
2168,0.029838209971785545
2169,0.030657341703772545
2170,0.03409703075885773
2171,0.11075454950332642
2172,0.035275258123874664
2173,0.04298613592982292
2174,0.033179666846990585
2175,0.04375710338354111
2176,0.030114248394966125
2177,0.09915098547935486
2178,0.0670737624168396
2179,0.060156553983688354
2180,0.06096646189689636
2181,0.03787621110677719
2182,0.042498618364334106
2183,0.04799685999751091
2184,0.062121134251356125
2185,0.05942120403051376
2186,0.03295822814106941
2187,0.03394339978694916
2188,0.03949747979640961
2189,0.04725782200694084
2190,0.03204430267214775
2191,0.03525697439908981
2192,0.03561452776193619
2193,0.07026296854019165
2194,0.03621169552206993
2195,0.0658026859164238
2196,0.03687882795929909
2197,0.04559556394815445
2198,0.031838759779930115
2199,0.031691137701272964
2200,0.033905964344739914
2201,0.04120413213968277
2202,0.09188582748174667
2203,0.04833708330988884
2204,0.03890475630760193
2205,0.035051994025707245
2206,0.03321012109518051
2207,0.03757086768746376
2208,0.0639982670545578
2209,0.04869596287608147
2210,0.033358003944158554
2211,0.036339178681373596
2212,0.07355882227420807
2213,0.03417913243174553
2214,0.03165985643863678
2215,0.3689412474632263
2216,0.042610716074705124
2217,0.0394100546836853
2218,0.05636104568839073
2219,0.2017805427312851
2220,0.03348475694656372
2221,0.03222166746854782
2222,0.03368261829018593
2223,0.03482064977288246
2224,0.035182539373636246
2225,0.03151268884539604
2226,0.032597266137599945
2227,0.6909458041191101
2228,0.042670395225286484
2229,0.035236913710832596
2230,0.04022539034485817
2231,0.03095167689025402
2232,0.029898149892687798
2233,0.030403105542063713
2234,0.058825042098760605
2235,0.03482450917363167
2236,0.03075869381427765
2237,0.036630816757678986
2238,0.030845940113067627
2239,0.03228050842881203
2240,0.03292808681726456
2241,0.03174322843551636
2242,0.07400628924369812
2243,0.032497890293598175
2244,0.029940500855445862
2245,0.030200248584151268
2246,0.045577894896268845
2247,0.0345737524330616
2248,0.029143720865249634
2249,0.03231794759631157
2250,0.03668591380119324
2251,0.03234224021434784
2252,0.02951551042497158
2253,0.058867134153842926
2254,0.1330290138721466
2255,0.06042920798063278
2256,0.0606197826564312
2257,0.03888155519962311
2258,0.04272320866584778
2259,0.09504901617765427
2260,0.045470964163541794
2261,0.04150567576289177
2262,0.050320856273174286
2263,0.7634932994842529
2264,0.050480764359235764
2265,0.03968838229775429
2266,0.033980920910835266
2267,0.044028159230947495
2268,0.040519289672374725
2269,0.03296024724841118
2270,0.5399787425994873
2271,0.041618332266807556
2272,0.039577215909957886
2273,0.03512938693165779
2274,0.033748023211956024
2275,0.6070379614830017
2276,0.0373351164162159
2277,0.04463924095034599
2278,0.06447391957044601
2279,0.04097124561667442
2280,0.03787778317928314
2281,0.03517903760075569
2282,0.051496367901563644
2283,0.03653781861066818
2284,0.0515453927218914
2285,0.03260967880487442
2286,0.03748578950762749
2287,0.10956600308418274
2288,0.03547602891921997
2289,0.03530807048082352
2290,0.033029861748218536
2291,0.036904845386743546
2292,0.03123663365840912
2293,0.030814846977591515
2294,0.03145797550678253
2295,0.047653891146183014
2296,0.03185182809829712
2297,0.037550605833530426
2298,0.039176300168037415
2299,0.07026413083076477
2300,0.03379318118095398
2301,0.06583757698535919
2302,0.030306925997138023
2303,0.04549018666148186
2304,0.03894656151533127
2305,0.03086167201399803
2306,0.030778488144278526
2307,0.035100314766168594
2308,0.058619510382413864
2309,0.029766671359539032
2310,0.029683899134397507
2311,0.031372152268886566
2312,0.04270695894956589
2313,0.029751792550086975
2314,0.03504135459661484
2315,0.0288468599319458
2316,0.03618300333619118
2317,0.03180496022105217
2318,0.0383542999625206
2319,0.029506079852581024
2320,0.028720049187541008
2321,0.030621280893683434
2322,0.06927095353603363
2323,0.02830560877919197
2324,0.2752329409122467
2325,0.04247418791055679
2326,0.030953651294112206
2327,0.031373947858810425
2328,0.08031241595745087
2329,0.03112669289112091
2330,0.03438454121351242
2331,0.03566030412912369
2332,0.02990160696208477
2333,0.03774048388004303
2334,0.03413018584251404
2335,0.029610581696033478
2336,0.032571084797382355
2337,0.03364997357130051
2338,0.03265783190727234
2339,0.02989969216287136
2340,0.03477120026946068
2341,0.029645945876836777
2342,0.02964828908443451
2343,0.03244282677769661
2344,0.029300514608621597
2345,0.03324262797832489
2346,0.03182646632194519
2347,0.03378778696060181
2348,0.02957114577293396
2349,0.030470315366983414
2350,0.08555994927883148
2351,0.0384567491710186
2352,0.030624425038695335
2353,0.06462062150239944
2354,0.23529653251171112
2355,0.03535987436771393
2356,0.03935692459344864
2357,0.04949363321065903
2358,0.032854389399290085
2359,0.03047652542591095
2360,0.04795008897781372
2361,0.038752518594264984
2362,0.5293848514556885
2363,0.03700529411435127
2364,0.03373073786497116
2365,0.030966339632868767
2366,0.0829063430428505
2367,0.03444378823041916
2368,0.03411111235618591
2369,0.08944885432720184
2370,0.03823380917310715
2371,0.030141381546854973
2372,0.0307182427495718
2373,0.09252546727657318
2374,0.03379584476351738
2375,0.031355395913124084
2376,0.030139468610286713
2377,0.06572243571281433
2378,0.036023300141096115
2379,0.0295966025441885
2380,0.03089812770485878
2381,0.03081553801894188
2382,0.18784895539283752
2383,0.030225545167922974
2384,0.05749041959643364
2385,0.028391843661665916
2386,0.0825127512216568
2387,0.04237927496433258
2388,0.040345024317502975
2389,0.03580597788095474
2390,0.02837536856532097
2391,0.032024603337049484
2392,0.028860559687018394
2393,0.03189879283308983
2394,0.03085988759994507
2395,0.0347321480512619
2396,0.030229434370994568
2397,0.5268228054046631
2398,0.08891560882329941
2399,0.08561740815639496
2400,0.03654233738780022
2401,0.030492141842842102
2402,0.03177812695503235
2403,0.030974768102169037
2404,0.0392153225839138
2405,0.04154361039400101
2406,0.03353212773799896
2407,0.03014928102493286
2408,0.030523119494318962
2409,0.03801898658275604
2410,0.041423819959163666
2411,0.04408741742372513
2412,0.06857138127088547
2413,0.04821470379829407
2414,0.02981705032289028
2415,0.03234358876943588
2416,0.08561810106039047
2417,0.0337509922683239
2418,0.03515622019767761
2419,0.457499623298645
2420,0.03427036106586456
2421,0.02957735024392605
2422,0.7426624298095703
2423,0.44316980242729187
2424,0.28554314374923706
2425,0.0591677725315094
2426,0.03489189222455025
2427,0.029413942247629166
2428,0.03208877518773079
2429,0.03196433186531067
2430,0.02840616926550865
2431,0.03878847882151604
2432,0.03409436717629433
2433,0.029007766395807266
2434,0.03726062923669815
2435,0.03384184464812279
2436,0.02947312593460083
2437,0.03741786628961563
2438,0.07263532280921936
2439,0.035270921885967255
2440,0.029712840914726257
2441,0.03442489355802536
2442,0.03438114374876022
2443,0.1536504328250885
2444,0.04965183138847351
2445,0.07017028331756592
2446,0.03137650713324547
2447,0.03627457842230797
2448,0.039969369769096375
2449,0.9101185202598572
2450,0.07386583089828491
2451,0.045458756387233734
2452,0.034539058804512024
2453,0.03232702612876892
2454,0.05961763113737106
2455,0.05557265877723694
2456,0.031230445951223373
2457,0.04001045599579811
2458,0.03451850637793541
2459,0.09433882683515549
2460,0.03317222371697426
2461,0.0374932736158371
2462,0.13151027262210846
2463,0.08718403428792953
2464,0.03256697207689285
2465,0.07622402161359787
2466,0.19275781512260437
2467,0.0415336973965168
2468,0.1109609454870224
2469,0.030511906370520592
2470,0.07397665083408356
2471,0.04056179150938988
2472,0.030839547514915466
2473,0.032620057463645935
2474,0.05863329768180847
2475,0.03124219737946987
2476,0.03010725975036621
2477,0.03181364759802818
2478,0.030061405152082443
2479,0.032411977648735046
2480,0.030658353120088577
2481,0.05755860358476639
2482,0.028285302221775055
2483,0.03202327340841293
2484,0.03375168889760971
2485,0.03060845658183098
2486,0.02849709242582321
2487,0.027624797075986862
2488,0.028316890820860863
2489,0.2316533923149109
2490,0.03022218868136406
2491,0.0280411746352911
2492,0.029645167291164398
2493,0.07379329204559326
2494,0.028012551367282867
2495,0.03901248425245285
2496,0.053977131843566895
2497,0.027470987290143967
2498,0.027959570288658142
2499,0.9077717661857605
2500,0.0342370867729187
2501,0.029770325869321823
2502,0.03366483375430107
2503,0.028037261217832565
2504,0.03104230761528015
2505,0.3658536374568939
2506,0.24720194935798645
2507,0.03416138142347336
2508,0.03296789526939392
2509,0.07326370477676392
2510,0.02939191833138466
2511,0.028683491051197052
2512,0.031044593080878258
2513,0.03213682770729065
2514,0.030067360028624535
2515,0.05129029601812363
2516,0.02840656042098999
2517,0.07255145907402039
2518,0.036606770008802414
2519,0.02790576033294201
2520,0.07041172683238983
2521,0.0332164391875267
2522,0.029991205781698227
2523,0.04669901356101036
2524,0.0343681201338768
2525,0.03432401642203331
2526,0.08233621716499329
2527,0.06567122042179108
2528,0.03284022957086563
2529,0.04387452453374863
2530,0.1213303729891777
2531,0.030376514419913292
2532,0.030270904302597046
2533,0.08194537460803986
2534,0.031493742018938065
2535,0.028858765959739685
2536,0.03233546391129494
2537,0.05225120112299919
2538,0.029286112636327744
2539,0.05212297663092613
2540,0.030616436153650284
2541,0.03348299488425255
2542,0.028120294213294983
2543,0.03992340713739395
2544,0.027989184483885765
2545,0.027604833245277405
2546,0.029516320675611496
2547,0.037380706518888474
2548,0.19366371631622314
2549,0.036181505769491196
2550,0.853010892868042
2551,0.03585183247923851
2552,0.033410049974918365
2553,0.03785041719675064
2554,0.0353831872344017
2555,0.029653174802660942
2556,0.027835819870233536
2557,0.049043625593185425
2558,0.05356042832136154
2559,0.029013944789767265
2560,0.08784753084182739
2561,0.03499050810933113
2562,0.03525222837924957
2563,0.07738274335861206
2564,0.03196902573108673
2565,0.03506475314497948
2566,0.11758024990558624
2567,0.02967652678489685
2568,0.07365576922893524
2569,0.03389241546392441
2570,0.02745005302131176
2571,0.05641290172934532
2572,0.06856350600719452
2573,0.028274808079004288
2574,0.027855388820171356
2575,0.02956140600144863
2576,0.04799170792102814
2577,0.026912588626146317
2578,0.04266078397631645
2579,0.0287680234760046
2580,0.029091183096170425
2581,0.13983795046806335
2582,0.02809862419962883
2583,0.03183522820472717
2584,0.029764752835035324
2585,0.7251090407371521
2586,0.02716820500791073
2587,0.0447600893676281
2588,0.02938121184706688
2589,0.04334395378828049
2590,0.029324881732463837
2591,0.06960950791835785
2592,0.6523147821426392
2593,0.4894672632217407
2594,0.03652239963412285
2595,0.03200187534093857
2596,0.0317695215344429
2597,0.040131039917469025
2598,0.029298603534698486
2599,0.03108314983546734
2600,0.1027185469865799
2601,0.6334795355796814
2602,0.03129298985004425
2603,0.02933768555521965
2604,0.030553480610251427
2605,0.03993973135948181
2606,0.06780871003866196
2607,0.04578201100230217
2608,0.029547860845923424
2609,0.028920255601406097
2610,0.028664512559771538
2611,0.03772878646850586
2612,0.02728128992021084
2613,0.030946871265769005
2614,0.028690626844763756
2615,0.03290737047791481
2616,0.1188165545463562
2617,0.041883841156959534
2618,0.03479442000389099
2619,0.02800651453435421
2620,0.03956317901611328
2621,0.028028707951307297
2622,0.07608161866664886
2623,0.036972369998693466
2624,0.03462337702512741
2625,0.04357405751943588
2626,0.03147602826356888
2627,0.02997979149222374
2628,0.032093942165374756
2629,0.03056414984166622
2630,0.05039668083190918
2631,0.028234131634235382
2632,0.044203974306583405
2633,0.05599454790353775
2634,0.03538508713245392
2635,0.029687613248825073
2636,0.028267046436667442
2637,0.03456028550863266
2638,0.030874615535140038
2639,0.032434720546007156
2640,0.03667810931801796
2641,0.03047829493880272
2642,0.03760220855474472
2643,0.054753728210926056
2644,0.029474273324012756
2645,0.030037999153137207
2646,0.02784501574933529
2647,0.20503613352775574
2648,0.030384346842765808
2649,0.03167292848229408
2650,0.09461303055286407
2651,0.029608143493533134
2652,0.05075176805257797
2653,0.029495418071746826
2654,0.06792435050010681
2655,0.06913213431835175
2656,0.03641260787844658
2657,0.028580136597156525
2658,0.06586942076683044
2659,0.14282649755477905
2660,0.03668324649333954
2661,0.07245953381061554
2662,0.03867242485284805
2663,0.0471942275762558
2664,0.18339943885803223
2665,0.0641278401017189
2666,0.03249167278409004
2667,0.034084778279066086
2668,0.02932685613632202
2669,0.031088653951883316
2670,0.074225053191185
2671,0.039030514657497406
2672,0.04030469432473183
2673,0.03307906538248062
2674,0.03005518577992916
2675,0.029778342694044113
2676,0.04829457402229309
2677,0.04202675074338913
2678,0.03238736093044281
2679,0.030253153294324875
2680,0.03203818202018738
2681,0.03175982087850571
2682,0.03368201106786728
2683,0.031216204166412354
2684,0.029940661042928696
2685,0.03136222064495087
2686,0.027927210554480553
2687,0.029237069189548492
2688,0.03334272652864456
2689,0.02790900133550167
2690,0.029151540249586105
2691,0.03143594041466713
2692,0.027187621220946312
2693,0.04670196771621704
2694,0.0724322646856308
2695,0.1207054853439331
2696,0.04347112402319908
2697,0.02715892344713211
2698,0.04093820974230766
2699,0.12737181782722473
2700,0.06458811461925507
2701,0.03943914175033569
2702,0.06713009625673294
2703,0.029349159449338913
2704,0.14354810118675232
2705,0.03770796209573746
2706,0.029986172914505005
2707,0.35058140754699707
2708,0.9013568162918091
2709,0.0544167123734951
2710,0.034827377647161484
2711,0.056073084473609924
2712,0.12163557857275009
2713,0.03924377262592316
2714,0.03682144731283188
2715,0.03122878074645996
2716,0.08941700309515
2717,0.03320349007844925
2718,0.03357583284378052
2719,0.028728073462843895
2720,0.027614839375019073
2721,0.03138800710439682
2722,0.055801622569561005
2723,0.02915581688284874
2724,0.03839416801929474
2725,0.028695866465568542
2726,0.03043157421052456
2727,0.03213630989193916
2728,0.04021291434764862
2729,0.029553622007369995
2730,0.029276980087161064
2731,0.03039136342704296
2732,0.0717248022556305
2733,0.03409925103187561
2734,0.026956677436828613
2735,0.05033430457115173
2736,0.1548653095960617
2737,0.10593956708908081
2738,0.029736872762441635
2739,0.2894444465637207
2740,0.03537362068891525
2741,0.02955828234553337
2742,0.04377443715929985
2743,0.08623485267162323
2744,0.13359245657920837
2745,0.03234296292066574
2746,0.030636634677648544
2747,0.030826596543192863
2748,0.28753089904785156
2749,0.03076295182108879
2750,0.043106645345687866
2751,0.027876313775777817
2752,0.03671092540025711
2753,0.027829494327306747
2754,0.029801730066537857
2755,0.04245251417160034
2756,0.02869224175810814
2757,0.036937613040208817
2758,0.2049683779478073
2759,0.04416991397738457
2760,0.035244472324848175
2761,0.027844920754432678
2762,0.0702500194311142
2763,0.0350504070520401
2764,0.028521573171019554
2765,0.46306103467941284
2766,0.6126994490623474
2767,0.034203559160232544
2768,0.03368626534938812
2769,0.04704086482524872
2770,0.04179590195417404
2771,0.1381932497024536
2772,0.3993462324142456
2773,0.057998176664114
2774,0.036889996379613876
2775,0.034806929528713226
2776,0.05041026324033737
2777,0.03704434633255005
2778,0.035102009773254395
2779,0.03892209380865097
2780,0.03380483016371727
2781,0.2200450748205185
2782,0.03903587907552719
2783,0.04706178233027458
2784,0.03273644298315048
2785,0.028911560773849487
2786,0.03904006630182266
2787,0.03392191231250763
2788,0.02966814488172531
2789,0.037107713520526886
2790,0.045263178646564484
2791,0.028147384524345398
2792,0.043625131249427795
2793,0.03332088142633438
2794,0.3771282434463501
2795,0.03221936896443367
2796,0.09910902380943298
2797,0.09257166087627411
2798,0.028606154024600983
2799,0.04153422266244888
2800,0.03768742084503174
2801,0.03438112139701843
2802,0.030543174594640732
2803,0.03864128887653351
2804,0.03285080939531326
2805,0.037468936294317245
2806,0.029970698058605194
2807,0.032593902200460434
2808,0.030747242271900177
2809,0.02758917212486267
2810,0.028975455090403557
2811,0.03362073004245758
2812,0.028296617791056633
2813,0.03060920350253582
2814,0.032090410590171814
2815,0.029299398884177208
2816,0.04788076877593994
2817,0.03160576522350311
2818,0.026616297662258148
2819,0.02869272232055664
2820,0.02818290889263153
2821,0.029220132157206535
2822,0.027903040871024132
2823,0.09451133012771606
2824,0.3055940270423889
2825,0.09439488500356674
2826,0.03586375340819359
2827,0.03907002508640289
2828,0.09573211520910263
2829,0.12904004752635956
2830,0.09763550758361816
2831,0.04762303829193115
2832,0.03996667265892029
2833,0.07002726197242737
2834,0.5012106895446777
2835,0.051995616406202316
2836,0.03692283481359482
2837,0.07544903457164764
2838,0.046063296496868134
2839,0.05857352912425995
2840,0.030847810208797455
2841,0.03778460621833801
2842,0.04238882660865784
2843,0.03227366507053375
2844,0.08828182518482208
2845,0.06564068794250488
2846,0.03370310366153717
2847,0.029386600479483604
2848,0.032804206013679504
2849,0.03424602374434471
2850,0.32179099321365356
2851,0.05120208486914635
2852,0.041175536811351776
2853,0.035866815596818924
2854,0.05915674567222595
2855,0.7232138514518738
2856,0.03442421182990074
2857,0.18741296231746674
2858,0.03358699381351471
2859,0.03612087294459343
2860,0.032812025398015976
2861,0.03234494850039482
2862,0.030500268563628197
2863,0.0567924790084362
2864,0.060742251574993134
2865,0.03597380220890045
2866,0.0844167023897171
2867,0.07855301350355148
2868,0.032463498413562775
2869,0.44361990690231323
2870,0.04190560802817345
2871,0.03423650190234184
2872,0.03732991963624954
2873,0.0689210519194603
2874,0.05615229532122612
2875,0.0295962393283844
2876,0.04414000362157822
2877,0.029630515724420547
2878,0.03337520360946655
2879,0.03888332098722458
2880,0.13459908962249756
2881,0.5220469236373901
2882,0.04199320077896118
2883,0.03990182280540466
2884,0.03515477478504181
2885,0.03557543456554413
2886,0.05811227485537529
2887,0.03067665360867977
2888,0.032732538878917694
2889,0.09843020141124725
2890,0.03056066296994686
2891,0.035203974694013596
2892,0.0685109794139862
2893,0.03921525180339813
2894,0.035849399864673615
2895,0.031653013080358505
2896,0.03081975132226944
2897,0.03177952021360397
2898,0.03356368467211723
2899,0.042238276451826096
2900,0.07591099292039871
2901,0.0421103797852993
2902,0.036742255091667175
2903,0.037501122802495956
2904,0.03515763208270073
2905,0.027978217229247093
2906,0.028964322060346603
2907,0.031844090670347214
2908,0.04478584975004196
2909,0.027201978489756584
2910,0.034132398664951324
2911,0.029941793531179428
2912,0.030032841488718987
2913,0.06351590156555176
2914,0.02619607001543045
2915,0.027105316519737244
2916,0.030627083033323288
2917,0.34474310278892517
2918,0.0315651074051857
2919,0.03878309577703476
2920,0.19659821689128876
2921,0.038920529186725616
2922,0.03397426754236221
2923,0.029562685638666153
2924,0.06329624354839325
2925,0.029496561735868454
2926,0.08679782599210739
2927,0.05446690320968628
2928,0.10160408914089203
2929,0.03252321854233742
2930,0.03274480625987053
2931,0.053139202296733856
2932,0.033056654036045074
2933,0.03337990492582321
2934,0.03039810061454773
2935,0.030170690268278122
2936,0.07889219373464584
2937,0.029606346040964127
2938,0.10332798957824707
2939,0.036183953285217285
2940,0.02868998609483242
2941,0.029876813292503357
2942,0.030981291085481644
2943,0.04189930856227875
2944,0.029578182846307755
2945,0.02779407612979412
2946,0.03609464690089226
2947,0.030898109078407288
2948,0.056149404495954514
2949,0.029252395033836365
2950,0.030982188880443573
2951,0.028505008667707443
2952,0.030830061063170433
2953,0.027258044108748436
2954,0.02723218873143196
2955,0.10015001147985458
2956,0.030553415417671204
2957,0.030928339809179306
2958,0.030888259410858154
2959,0.02664317563176155
2960,0.026874493807554245
2961,0.0778951495885849
2962,0.02763775736093521
2963,0.028907841071486473
2964,0.027063488960266113
2965,0.06634597480297089
2966,0.0693880170583725
2967,0.029822489246726036
2968,0.031200960278511047
2969,0.704939067363739
2970,0.6074221134185791
2971,0.06957253813743591
2972,0.028857052326202393
2973,0.026744570583105087
2974,0.16412515938282013
2975,0.035195060074329376
2976,0.03549353405833244
2977,0.0934147760272026
2978,0.030162975192070007
2979,0.03807365521788597
2980,0.04780810326337814
2981,0.03354411572217941
2982,0.03633552044630051
2983,0.03117995522916317
2984,0.034399859607219696
2985,0.032570891082286835
2986,0.029125038534402847
2987,0.03138774260878563
2988,0.027828192338347435
2989,0.026912866160273552
2990,0.041204627603292465
2991,0.03399048373103142
2992,0.037670210003852844
2993,0.043384116142988205
2994,0.045080896466970444
2995,0.02687472105026245
2996,0.039912719279527664
2997,0.025609344244003296
2998,0.02895340882241726
2999,0.027572480961680412
3000,0.028963414952158928
3001,0.03359421342611313
3002,0.025696273893117905
3003,0.025058358907699585
3004,0.028509389609098434
3005,0.02714863419532776
3006,0.025909285992383957
3007,0.025765832513570786
3008,0.02699117362499237
3009,0.028921637684106827
3010,0.030100297182798386
3011,0.024910330772399902
3012,0.026994463056325912
3013,0.026562850922346115
3014,0.023598847910761833
3015,0.026146933436393738
3016,0.026788882911205292
3017,0.024228235706686974
3018,0.02940962091088295
3019,0.03484758734703064
3020,0.1404603123664856
3021,0.05012115091085434
3022,0.035428486764431
3023,0.03111197054386139
3024,0.04416891187429428
3025,0.029573917388916016
3026,0.027421941980719566
3027,0.033937811851501465
3028,0.02984672784805298
3029,0.027284344658255577
3030,0.05285068601369858
3031,0.02810019627213478
3032,0.028761878609657288
3033,0.05225402116775513
3034,0.03143104538321495
3035,0.07157247513532639
3036,0.02499287575483322
3037,0.03690017759799957
3038,0.031464073807001114
3039,0.02707001380622387
3040,0.030392875894904137
3041,0.030143719166517258
3042,0.03206659480929375
3043,0.05775338411331177
3044,0.06489463150501251
3045,0.04942799359560013
3046,0.057118020951747894
3047,0.025324445217847824
3048,0.035316601395606995
3049,0.03278655931353569
3050,0.02607729099690914
3051,0.02762700244784355
3052,0.0359983816742897
3053,0.048959456384181976
3054,0.03517841547727585
3055,0.54523104429245
3056,0.028302958235144615
3057,0.03474375605583191
3058,0.14818443357944489
3059,0.03406985104084015
3060,0.0346267931163311
3061,0.027256637811660767
3062,0.02694786712527275
3063,0.02723771333694458
3064,0.051323942840099335
3065,0.8378321528434753
3066,0.030397269874811172
3067,0.03169397637248039
3068,0.08375470340251923
3069,0.03183795511722565
3070,0.03258119896054268
3071,0.5263937711715698
3072,0.03051130473613739
3073,0.028963133692741394
3074,0.11121293902397156
3075,0.03203519433736801
3076,0.030574988573789597
3077,0.027434010058641434
3078,0.02724509686231613
3079,0.028325315564870834
3080,0.13890595734119415
3081,0.027465512976050377
3082,0.030310150235891342
3083,0.027925042435526848
3084,0.06609440594911575
3085,0.02900044247508049
3086,0.02878054790198803
3087,0.02858547493815422
3088,0.028250887989997864
3089,0.02733905240893364
3090,0.027189400047063828
3091,0.028757844120264053
3092,0.024873942136764526
3093,0.04227828234434128
3094,0.02545350417494774
3095,0.02685297653079033
3096,0.09138097614049911
3097,0.026209574192762375
3098,0.0366676039993763
3099,0.02608610689640045
3100,0.06905730813741684
3101,0.02681092917919159
3102,0.027823008596897125
3103,0.026924382895231247
3104,0.030031858012080193
3105,0.047156911343336105
3106,0.029013341292738914
3107,0.04026331752538681
3108,0.02620552107691765
3109,0.10708259046077728
3110,0.028417354449629784
3111,0.03105626069009304
3112,0.03013141080737114
3113,0.0269637368619442
3114,0.0330439917743206
3115,0.02774752303957939
3116,0.02935626730322838
3117,0.02860216610133648
3118,0.6134175658226013
3119,0.03530971333384514
3120,0.03901608660817146
3121,0.028307288885116577
3122,0.042358629405498505
3123,0.042952027171850204
3124,0.029470905661582947
3125,0.043326880782842636
3126,0.054425179958343506
3127,0.028426116332411766
3128,0.02987600676715374
3129,0.02801550179719925
3130,0.027880793437361717
3131,0.028179608285427094
3132,0.029525157064199448
3133,0.02780935727059841
3134,0.035198282450437546
3135,0.026611126959323883
3136,0.15779897570610046
3137,0.03742130100727081
3138,0.03386601433157921
3139,0.0347614549100399
3140,0.028707517310976982
3141,0.0438363254070282
3142,0.03585730493068695
3143,0.02691536210477352
3144,0.03019804321229458
3145,0.026880338788032532
3146,0.03188057616353035
3147,0.028399772942066193
3148,0.026368647813796997
3149,0.03476491570472717
3150,0.05044069141149521
3151,0.07014289498329163
3152,0.028926115483045578
3153,0.04413136839866638
3154,0.025764528661966324
3155,0.026775076985359192
3156,0.21001534163951874
3157,0.031330883502960205
3158,0.0395524762570858
3159,0.02739383652806282
3160,0.04278844594955444
3161,0.03714619576931
3162,0.02672697976231575
3163,0.057850226759910583
3164,0.026347002014517784
3165,0.0298768337816
3166,0.04311148449778557
3167,0.0324198454618454
3168,0.06252311170101166
3169,0.03307325020432472
3170,0.02663654461503029
3171,0.026616042479872704
3172,0.02906937524676323
3173,0.03604144603013992
3174,0.07384053617715836
3175,0.041161779314279556
3176,0.03683743625879288
3177,0.08831849694252014
3178,0.043894410133361816
3179,0.05149375647306442
3180,0.03955930471420288
3181,0.026150021702051163
3182,0.027262747287750244
3183,0.1027858555316925
3184,0.03084520995616913
3185,0.028644775971770287
3186,0.03030114248394966
3187,0.028672827407717705
3188,0.025825779885053635
3189,0.8877273797988892
3190,0.030647605657577515
3191,0.06700963526964188
3192,0.03238721564412117
3193,0.032460302114486694
3194,0.03016725927591324
3195,0.026453331112861633
3196,0.03342539817094803
3197,0.0954996794462204
3198,0.040568821132183075
3199,0.09089117497205734
3200,0.02816460095345974
3201,0.034379102289676666
3202,0.0592588409781456
3203,0.03683382272720337
3204,0.437353253364563
3205,0.04351536184549332
3206,0.0686703622341156
3207,0.027711374685168266
3208,0.026878243312239647
3209,0.07455860823392868
3210,0.03963389992713928
3211,0.05999412760138512
3212,0.04478239640593529
3213,0.10846379399299622
3214,0.0783611536026001
3215,0.28648674488067627
3216,0.03220956400036812
3217,0.07207748293876648
3218,0.028066210448741913
3219,0.03022976778447628
3220,0.028006520122289658
3221,0.028106307610869408
3222,0.09879350662231445
3223,0.06831907480955124
3224,0.04341786354780197
3225,0.029914867132902145
3226,0.05113784596323967
3227,0.028168311342597008
3228,0.025752678513526917
3229,0.06097254157066345
3230,0.04502090439200401
3231,0.03630752116441727
3232,0.03181079775094986
3233,0.04102831333875656
3234,0.025451697409152985
3235,0.02960881218314171
3236,0.0274953693151474
3237,0.036354124546051025
3238,0.026010099798440933
3239,0.03000621497631073
3240,0.029142186045646667
3241,0.09181888401508331
3242,0.046856530010700226
3243,0.09695997089147568
3244,0.039086438715457916
3245,0.029013168066740036
3246,0.03038772940635681
3247,0.04152055084705353
3248,0.7085024118423462
3249,0.03253500908613205
3250,0.03389227017760277
3251,0.03021680936217308
3252,0.03225836530327797
3253,0.03031402826309204
3254,0.03038351982831955
3255,0.07775986194610596
3256,0.03014386259019375
3257,0.028008218854665756
3258,0.0722305029630661
3259,0.028379743918776512
3260,0.027968114241957664
3261,0.029916301369667053
3262,0.25484395027160645
3263,0.05512208491563797
3264,0.027518797665834427
3265,0.029708266258239746
3266,0.03136521950364113
3267,0.04117456451058388
3268,0.026264172047376633
3269,0.06702330708503723
3270,0.027199432253837585
3271,0.077436164021492
3272,0.025874054059386253
3273,0.024675216525793076
3274,0.02551308646798134
3275,0.026475895196199417
3276,0.02567652426660061
3277,0.17204737663269043
3278,0.18295049667358398
3279,0.03102852962911129
3280,0.02630234882235527
3281,0.06978122889995575
3282,0.03297260031104088
3283,0.029623281210660934
3284,0.02674335241317749
3285,0.027763724327087402
3286,0.08665476739406586
3287,0.03379083797335625
3288,0.0262106042355299
3289,0.02724333666265011
3290,0.02475573681294918
3291,0.027898307889699936
3292,0.026631426066160202
3293,0.028625451028347015
3294,0.05995428189635277
3295,0.027492225170135498
3296,0.026365458965301514
3297,0.028330763801932335
3298,0.03248417004942894
3299,0.023848792538046837
3300,0.030434992164373398
3301,0.028865186497569084
3302,0.02397935651242733
3303,0.029047347605228424
3304,0.031878285109996796
3305,0.02985653094947338
3306,0.030026108026504517
3307,0.029140478000044823
3308,0.02512330375611782
3309,0.03936908394098282
3310,0.027043376117944717
3311,0.0354921780526638
3312,0.029766080901026726
3313,0.03746621683239937
3314,0.03964463248848915
3315,0.10048653930425644
3316,0.04738437384366989
3317,0.02816873788833618
3318,0.02875618450343609
3319,0.13441839814186096
3320,0.049974583089351654
3321,0.026058530434966087
3322,0.02743268385529518
3323,0.05137132108211517
3324,0.02440459094941616
3325,0.04912067949771881
3326,0.03485928848385811
3327,0.025520887225866318
3328,0.026103071868419647
3329,0.06580212712287903
3330,0.029326491057872772
3331,0.030460789799690247
3332,0.03850036859512329
3333,0.02612682431936264
3334,0.02849423699080944
3335,0.026138082146644592
3336,0.025279611349105835
3337,0.03324075788259506
3338,0.03924916684627533
3339,0.032117076218128204
3340,0.03742322325706482
3341,0.05817257985472679
3342,0.4966150224208832
3343,0.03542952239513397
3344,0.05134684965014458
3345,0.04811296984553337
3346,0.06674102693796158
3347,0.026047367602586746
3348,0.03901902213692665
3349,0.028023242950439453
3350,0.025581447407603264
3351,0.027433549985289574
3352,0.02606252208352089
3353,0.02517736330628395
3354,0.02852051518857479
3355,0.027916893362998962
3356,0.024217411875724792
3357,0.05766645073890686
3358,0.03274698555469513
3359,0.024337444454431534
3360,0.02735964022576809
3361,0.102681003510952
3362,0.025508787482976913
3363,0.24839584529399872
3364,0.11027897894382477
3365,0.03148917853832245
3366,0.06585440784692764
3367,0.034070685505867004
3368,0.1380179524421692
3369,0.027776410803198814
3370,0.13274437189102173
3371,0.025974947959184647
3372,0.024667877703905106
3373,0.02636762522161007
3374,0.03099883161485195
3375,0.10621257871389389
3376,0.02858661860227585
3377,0.035791076719760895
3378,0.031015783548355103
3379,0.03191503882408142
3380,0.028935741633176804
3381,0.07559023797512054
3382,0.028361689299345016
3383,0.04502502828836441
3384,0.04637680947780609
3385,0.031725168228149414
3386,0.027768351137638092
3387,0.08725598454475403
3388,0.023864060640335083
3389,0.028357725590467453
3390,0.02477414906024933
3391,0.04405035823583603
3392,0.0437910370528698
3393,0.03704531863331795
3394,0.06283663958311081
3395,0.027493391185998917
3396,0.03251979500055313
3397,0.025139009580016136
3398,0.057892899960279465
3399,0.023067783564329147
3400,0.05523788183927536
3401,0.030165422707796097
3402,0.03474355489015579
3403,0.024334510788321495
3404,0.21692213416099548
3405,0.03152023255825043
3406,0.2885478734970093
3407,0.03457716107368469
3408,0.028998054563999176
3409,0.026995552703738213
3410,0.14532063901424408
3411,0.028998538851737976
3412,0.028290793299674988
3413,0.024178024381399155
3414,0.0827387273311615
3415,0.03933773934841156
3416,0.025279691442847252
3417,0.029919028282165527
3418,0.024238204583525658
3419,0.027738695964217186
3420,0.029067009687423706
3421,0.035586658865213394
3422,0.027161311358213425
3423,0.02576383762061596
3424,0.03640977293252945
3425,0.17433536052703857
3426,0.03139110654592514
3427,0.061417024582624435
3428,0.029582370072603226
3429,0.043028295040130615
3430,0.024920862168073654
3431,0.030383776873350143
3432,0.027149643748998642
3433,0.03574293106794357
3434,0.029263388365507126
3435,0.027885502204298973
3436,0.027128737419843674
3437,0.031632374972105026
3438,0.02540232241153717
3439,0.11694496870040894
3440,0.041566722095012665
3441,0.023522203788161278
3442,0.02492082118988037
3443,0.03069773130118847
3444,0.03221766650676727
3445,0.034078992903232574
3446,0.06209389865398407
3447,0.025003671646118164
3448,0.04412281513214111
3449,0.03539036959409714
3450,0.02664908766746521
3451,0.02556147240102291
3452,0.16138270497322083
3453,0.025716599076986313
3454,0.028879573568701744
3455,0.023567235097289085
3456,0.027072172611951828
3457,0.024374663829803467
3458,0.02322167158126831
3459,0.046863771975040436
3460,0.023596640676259995
3461,0.024450620636343956
3462,0.02750655636191368
3463,0.030103078112006187
3464,0.02381187491118908
3465,0.03763429820537567
3466,0.057440996170043945
3467,0.059250783175230026
3468,0.02732846513390541
3469,0.0229256059974432
3470,0.02669518068432808
3471,0.036211349070072174
3472,0.041046809405088425
3473,0.029235919937491417
3474,0.07313895225524902
3475,0.025544196367263794
3476,0.05993323773145676
3477,0.031586986035108566
3478,0.025678005069494247
3479,0.02450685203075409
3480,0.04776182770729065
3481,0.024388512596488
3482,0.024528220295906067
3483,0.02485896646976471
3484,0.0236031636595726
3485,0.03152710944414139
3486,0.024527471512556076
3487,0.18563875555992126
3488,0.058305613696575165
3489,0.02781989425420761
3490,0.029478691518306732
3491,0.02688196673989296
3492,0.023961439728736877
3493,0.023558758199214935
3494,0.3145172595977783
3495,0.028142092749476433
3496,0.02825409732758999
3497,0.025552108883857727
3498,0.03843994066119194
3499,0.04050883278250694
3500,0.02806748077273369
3501,0.026597455143928528
3502,0.028788743540644646
3503,0.023178545758128166
3504,0.03061804175376892
3505,0.03145871311426163
3506,0.056172288954257965
3507,0.02325502783060074
3508,0.053922783583402634
3509,0.030488958582282066
3510,0.03205384314060211
3511,0.0295436792075634
3512,0.03151053935289383
3513,0.04501175880432129
3514,0.025625165551900864
3515,0.039743442088365555
3516,0.5888930559158325
3517,0.03900057077407837
3518,0.026188617572188377
3519,0.33286958932876587
3520,0.027736764401197433
3521,0.042551737278699875
3522,0.03513884171843529
3523,0.02465648576617241
3524,0.027241934090852737
3525,0.028178423643112183
3526,0.02533472701907158
3527,0.026648394763469696
3528,0.04011237621307373
3529,0.03439456224441528
3530,0.029850220307707787
3531,0.030313704162836075
3532,0.026248112320899963
3533,0.027124932035803795
3534,0.047727447003126144
3535,0.027343306690454483
3536,0.03261389955878258
3537,0.048565082252025604
3538,0.02530483715236187
3539,0.029095236212015152
3540,0.028387703001499176
3541,0.08584572374820709
3542,0.04085433483123779
3543,0.04261499643325806
3544,0.036137111485004425
3545,0.027132775634527206
3546,0.07618392258882523
3547,0.049724213778972626
3548,0.028556203469634056
3549,0.050298165529966354
3550,0.06148046255111694
3551,0.030466368421912193
3552,0.026099523529410362
3553,0.04585540294647217
3554,0.10205679386854172
3555,0.04065156728029251
3556,0.03505678474903107
3557,0.030309762805700302
3558,0.06546220928430557
3559,0.042638085782527924
3560,0.03841189295053482
3561,0.08511444926261902
3562,0.03053939901292324
3563,0.028741363435983658
3564,0.032394200563430786
3565,0.031637441366910934
3566,0.027390804141759872
3567,0.041076403111219406
3568,0.03836578130722046
3569,0.08616729825735092
3570,0.03336743637919426
3571,0.0395536944270134
3572,0.025882255285978317
3573,0.03721843659877777
3574,0.026659231632947922
3575,0.03307270258665085
3576,0.027861911803483963
3577,0.03952598571777344
3578,0.043413273990154266
3579,0.1166897863149643
3580,0.04407859966158867
3581,0.026790577918291092
3582,0.027566205710172653
3583,0.027466993778944016
3584,0.07638797909021378
3585,0.024826645851135254
3586,0.05564301460981369
3587,0.026047585532069206
3588,0.023861534893512726
3589,0.024297017604112625
3590,0.025593973696231842
3591,0.5027709603309631
3592,0.02529853582382202
3593,0.06040316820144653
3594,0.026095587760210037
3595,0.12917548418045044
3596,0.02464301697909832
3597,0.25293850898742676
3598,0.02651568315923214
3599,0.023145748302340508
3600,0.026209425181150436
3601,0.024675926193594933
3602,0.02321823686361313
3603,0.027068305760622025
3604,0.024386947974562645
3605,0.023481644690036774
3606,0.0287417434155941
3607,0.02524612657725811
3608,0.024890191853046417
3609,0.02249794453382492
3610,0.024629656225442886
3611,0.022501669824123383
3612,0.059679191559553146
3613,0.02518065832555294
3614,0.02681698277592659
3615,0.10370542854070663
3616,0.035086724907159805
3617,0.07336384057998657
3618,0.02752036601305008
3619,0.028880445286631584
3620,0.025709500536322594
3621,0.023556798696517944
3622,0.024057887494564056
3623,0.03357905149459839
3624,0.02396772801876068
3625,0.06063232943415642
3626,0.02723790518939495
3627,0.023920532315969467
3628,0.696354866027832
3629,0.15181295573711395
3630,0.032983437180519104
3631,0.02271672897040844
3632,0.030579276382923126
3633,0.02890167385339737
3634,0.02314448170363903
3635,0.026270641013979912
3636,0.025157228112220764
3637,0.023709814995527267
3638,0.07062025368213654
3639,0.03168608248233795
3640,0.02616238221526146
3641,0.026676926761865616
3642,0.05118457227945328
3643,0.04840734601020813
3644,0.03533150255680084
3645,0.05106882378458977
3646,0.02777511440217495
3647,0.025411300361156464
3648,0.05228662118315697
3649,0.03727526217699051
3650,0.02880002185702324
3651,0.028343483805656433
3652,0.0736737996339798
3653,0.0321098193526268
3654,0.1531447023153305
3655,0.026483586058020592
3656,0.04053607955574989
3657,0.027807723730802536
3658,0.08124548941850662
3659,0.028772782534360886
3660,0.024593070149421692
3661,0.04385912045836449
3662,0.02897612378001213
3663,0.024624496698379517
3664,0.02441410720348358
3665,0.025224221870303154
3666,0.026659715920686722
3667,0.02965385839343071
3668,0.04116145148873329
3669,0.025078892707824707
3670,0.02527819573879242
3671,0.06390240788459778
3672,0.02610250562429428
3673,0.023364007472991943
3674,0.02410784922540188
3675,0.049666039645671844
3676,0.09556695073843002
3677,0.03126146271824837
3678,0.03204828128218651
3679,0.02511289343237877
3680,0.030715731903910637
3681,0.027816785499453545
3682,0.023465728387236595
3683,0.02965044230222702
3684,0.03172560781240463
3685,0.06360332667827606
3686,0.04308995231986046
3687,0.0350814126431942
3688,0.028020894154906273
3689,0.05698303505778313
3690,0.02674799971282482
3691,0.7541635036468506
3692,0.03533894941210747
3693,0.03922053426504135
3694,0.13727475702762604
3695,0.027495473623275757
3696,0.06011374294757843
3697,0.2230066955089569
3698,0.02453739196062088
3699,0.6831145286560059
3700,0.025556838139891624
3701,0.024121221154928207
3702,0.02783503755927086
3703,0.21921265125274658
3704,0.026649504899978638
3705,0.029639234766364098
3706,0.04339834302663803
3707,0.047532208263874054
3708,0.03204191476106644
3709,0.02496682107448578
3710,0.025757817551493645
3711,0.029132813215255737
3712,0.03995264321565628
3713,0.4669942855834961
3714,0.02594177983701229
3715,0.06519417464733124
3716,0.02471907250583172
3717,0.02425447851419449
3718,0.02978883683681488
3719,0.028698742389678955
3720,0.02436714991927147
3721,0.024298720061779022
3722,0.02499353513121605
3723,0.02625342272222042
3724,0.023964812979102135
3725,0.08216365426778793
3726,0.027427291497588158
3727,0.023538148030638695
3728,0.028026141226291656
3729,0.11993908882141113
3730,0.02417914941906929
3731,0.028277993202209473
3732,0.024382343515753746
3733,0.02382475696504116
3734,0.025501519441604614
3735,0.02419840171933174
3736,0.02275872603058815
3737,0.03605782985687256
3738,0.02420560084283352
3739,0.022851428017020226
3740,0.093990258872509
3741,0.03245677053928375
3742,0.03036106936633587
3743,0.06811593472957611
3744,0.027065759524703026
3745,0.10783835500478745
3746,0.026025623083114624
3747,0.024238979443907738
3748,0.023609045892953873
3749,0.13822779059410095
3750,0.09301169961690903
3751,0.022820835933089256
3752,0.02621527574956417
3753,0.026510443538427353
3754,0.023201309144496918
3755,0.025240447372198105
3756,0.04611942172050476
3757,0.02213389426469803
3758,0.03871621936559677
3759,0.022055765613913536
3760,0.5703112483024597
3761,0.03822873532772064
3762,0.034364812076091766
3763,0.026654865592718124
3764,0.46750205755233765
3765,0.030814655125141144
3766,0.03729262202978134
3767,0.023454975336790085
3768,0.02900969609618187
3769,0.03108474612236023
3770,0.024321097880601883
3771,0.03864629566669464
3772,0.055703699588775635
3773,0.03003878891468048
3774,0.03165464103221893
3775,0.030127227306365967
3776,0.026422737166285515
3777,0.02917034737765789
3778,0.027605479583144188
3779,0.024743681773543358
3780,0.026013348251581192
3781,0.09672095626592636
3782,0.037801750004291534
3783,0.030938509851694107
3784,0.040010880678892136
3785,0.041747044771909714
3786,0.029147353023290634
3787,0.024513190612196922
3788,0.025556836277246475
3789,0.02706219255924225
3790,0.02418879233300686
3791,0.06167101860046387
3792,0.043629240244627
3793,0.030646657571196556
3794,0.02731616422533989
3795,0.23901742696762085
3796,0.031419720500707626
3797,0.03125765174627304
3798,0.06219595670700073
3799,0.03020329400897026
3800,0.11515770852565765
3801,0.02558312565088272
3802,0.08226801455020905
3803,0.028886862099170685
3804,0.860687255859375
3805,0.026047011837363243
3806,0.0696752741932869
3807,0.030659303069114685
3808,0.026030538603663445
3809,0.05126175284385681
3810,0.02718219719827175
3811,0.028399258852005005
3812,0.06462521106004715
3813,0.028586020693182945
3814,0.4354763925075531
3815,0.031785376369953156
3816,0.025773607194423676
3817,0.03441306948661804
3818,0.030445843935012817
3819,0.02617615833878517
3820,0.026375165209174156
3821,0.026892876252532005
3822,0.028510479256510735
3823,0.0240394975990057
3824,0.02501818537712097
3825,0.02610444650053978
3826,0.02281898260116577
3827,0.026332130655646324
3828,0.024572914466261864
3829,0.02950551174581051
3830,0.03675270453095436
3831,0.3068888485431671
3832,0.033384546637535095
3833,0.057502832263708115
3834,0.02482128143310547
3835,0.04782580956816673
3836,0.045618996024131775
3837,0.026354938745498657
3838,0.027930613607168198
3839,0.024714458733797073
3840,0.02417893521487713
3841,0.03506891429424286
3842,0.025413483381271362
3843,0.029012657701969147
3844,0.02562590502202511
3845,0.024294842034578323
3846,0.03422582149505615
3847,0.034957196563482285
3848,0.02929568849503994
3849,0.025611426681280136
3850,0.02545333467423916
3851,0.025302570313215256
3852,0.02512306533753872
3853,0.05644027143716812
3854,0.03131864219903946
3855,0.029214439913630486
3856,0.028625518083572388
3857,0.038395583629608154
3858,0.1262446790933609
3859,0.033853527158498764
3860,0.0379641130566597
3861,0.026723813265562057
3862,0.02778879925608635
3863,0.036479998379945755
3864,0.026802897453308105
3865,0.029990192502737045
3866,0.026565656065940857
3867,0.02865070104598999
3868,0.0255216583609581
3869,0.055527977645397186
3870,0.09685730934143066
3871,0.0558076873421669
3872,0.04259172081947327
3873,0.09525886178016663
3874,0.030198663473129272
3875,0.03434360399842262
3876,0.024802548810839653
3877,0.02823416143655777
3878,0.02994251623749733
3879,0.05043027549982071
3880,0.026332050561904907
3881,0.02606450580060482
3882,0.026183784008026123
3883,0.02516329102218151
3884,0.025949757546186447
3885,0.024701490998268127
3886,0.024883415549993515
3887,0.04351601004600525
3888,0.03430803865194321
3889,0.024777058511972427
3890,0.024251561611890793
3891,0.04800362512469292
3892,0.023849397897720337
3893,0.0914466381072998
3894,0.02803216502070427
3895,0.11733075231313705
3896,0.025385383516550064
3897,0.02267284318804741
3898,0.025132600218057632
3899,0.02675887756049633
3900,0.03811134397983551
3901,0.034819431602954865
3902,0.09732747077941895
3903,0.02734023705124855
3904,0.025573283433914185
3905,0.032773811370134354
3906,0.03463728725910187
3907,0.02287839911878109
3908,0.029692230746150017
3909,0.024925677105784416
3910,0.024102192372083664
3911,0.022933585569262505
3912,0.023131271824240685
3913,0.026379933580756187
3914,0.02465573512017727
3915,0.023885052651166916
3916,0.02381819486618042
3917,0.02217765524983406
3918,0.023904545232653618
3919,0.02238430641591549
3920,0.025022899731993675
3921,0.023945465683937073
3922,0.021429844200611115
3923,0.030430208891630173
3924,0.022809840738773346
3925,0.02759210765361786
3926,0.03571293503046036
3927,0.021788809448480606
3928,0.023156773298978806
3929,0.022104432806372643
3930,0.02373601868748665
3931,0.023968754336237907
3932,0.082500159740448
3933,0.02386179193854332
3934,0.037330713123083115
3935,0.0210442915558815
3936,0.04733426868915558
3937,0.025243114680051804
3938,0.021627426147460938
3939,0.022524012252688408
3940,0.03060125932097435
3941,0.5168806314468384
3942,0.09999357163906097
3943,0.08382111042737961
3944,0.041420456022024155
3945,0.023473631590604782
3946,0.08448245376348495
3947,0.02541334182024002
3948,0.034335289150476456
3949,0.025304928421974182
3950,0.023437082767486572
3951,0.025340614840388298
3952,0.025857968255877495
3953,0.02412540279328823
3954,0.023204144090414047
3955,0.024002790451049805
3956,0.026622649282217026
3957,0.02325238101184368
3958,0.022667985409498215
3959,0.022672593593597412
3960,0.022366313263773918
3961,0.023874469101428986
3962,0.021280214190483093
3963,0.02355174720287323
3964,0.111186683177948
3965,0.06463422626256943
3966,0.030835729092359543
3967,0.12770962715148926
3968,0.04483744129538536
3969,0.17049841582775116
3970,0.027924448251724243
3971,0.03154393285512924
3972,0.02741067111492157
3973,0.027900412678718567
3974,0.02526458166539669
3975,0.14142797887325287
3976,0.02783936820924282
3977,0.026431109756231308
3978,0.03342936560511589
3979,0.48753440380096436
3980,0.03768441453576088
3981,0.04283999651670456
3982,0.03311377763748169
3983,0.03303312882781029
3984,0.07539777457714081
3985,0.02868776023387909
3986,0.08367862552404404
3987,0.022572439163923264
3988,0.11193999648094177
3989,0.023290902376174927
3990,0.03953709080815315
3991,0.8891503214836121
3992,0.027002496644854546
3993,0.02487623505294323
3994,0.060704346746206284
3995,0.024072935804724693
3996,0.025566264986991882
3997,0.04352382570505142
3998,0.022105775773525238
3999,0.09587827324867249
4000,0.02420576475560665
4001,0.023229455575346947
4002,0.02785607799887657
4003,0.024251073598861694
4004,0.0286262184381485
4005,0.03738471493124962
4006,0.02764417789876461
4007,0.03640425205230713
4008,0.021260689944028854
4009,0.02319471910595894
4010,0.11432892084121704
4011,0.03762839734554291
4012,0.03940792381763458
4013,0.025825826451182365
4014,0.03411222994327545
4015,0.03174423426389694
4016,0.024013683199882507
4017,0.026766633614897728
4018,0.026654435321688652
4019,0.366233766078949
4020,0.04453807324171066
4021,0.05881207436323166
4022,0.03755731135606766
4023,0.028304528445005417
4024,0.039784591645002365
4025,0.04071657359600067
4026,0.03686939924955368
4027,0.05887241289019585
4028,0.0310114286839962
4029,0.1676354706287384
4030,0.03047369047999382
4031,0.0665738508105278
4032,0.03630414605140686
4033,0.031526800245046616
4034,0.030960693955421448
4035,0.03969503566622734
4036,0.030296966433525085
4037,0.05861755833029747
4038,0.05098606273531914
4039,0.029451167210936546
4040,0.03345929831266403
4041,0.031159576028585434
4042,0.03377785161137581
4043,0.025384318083524704
4044,0.027983352541923523
4045,0.027811408042907715
4046,0.02599085494875908
4047,0.025198619812726974
4048,0.027949435636401176
4049,0.023271989077329636
4050,0.027399403974413872
4051,0.08758920431137085
4052,0.029509440064430237
4053,0.0272174384444952
4054,0.04428979009389877
4055,0.023645630106329918
4056,0.02388538420200348
4057,0.023733925074338913
4058,0.025897441431879997
4059,0.02703804336488247
4060,0.022015154361724854
4061,0.021619601175189018
4062,0.023840133100748062
4063,0.022954082116484642
4064,0.02252214215695858
4065,0.02252347767353058
4066,0.02247925102710724
4067,0.023252246901392937
4068,0.023113003000617027
4069,0.029652295634150505
4070,0.02404113858938217
4071,0.020894993096590042
4072,0.020715724676847458
4073,0.022199800238013268
4074,0.022693101316690445
4075,0.020772121846675873
4076,0.021129032596945763
4077,0.10106697678565979
4078,0.02461179904639721
4079,0.02270079217851162
4080,0.023100286722183228
4081,0.03342282399535179
4082,0.0396282784640789
4083,0.025804659351706505
4084,0.04528734087944031
4085,0.025846919044852257
4086,0.023284710943698883
4087,0.021065926179289818
4088,0.02888321503996849
4089,0.07541035115718842
4090,0.02332572638988495
4091,0.024343986064195633
4092,0.02157743275165558
4093,0.02298860251903534
4094,0.06084451079368591
4095,0.06139206141233444
4096,0.023266896605491638
4097,0.026294361799955368
4098,0.02991623245179653
4099,0.026799626648426056
4100,0.026356901973485947
4101,0.08445589244365692
4102,0.024965409189462662
4103,0.02512509748339653
4104,0.022000432014465332
4105,0.05311989784240723
4106,0.05757749080657959
4107,0.03378858417272568
4108,0.08018745481967926
4109,0.06916674971580505
4110,0.043806515634059906
4111,0.02751845121383667
4112,0.03697515279054642
4113,0.02989336848258972
4114,0.031004872173070908
4115,0.024808194488286972
4116,0.024997979402542114
4117,0.03948412463068962
4118,0.022959835827350616
4119,0.023462560027837753
4120,0.023094378411769867
4121,0.023013059049844742
4122,0.0233745276927948
4123,0.5443112850189209
4124,0.03287354111671448
4125,0.022368749603629112
4126,0.02671166881918907
4127,0.02279559336602688
4128,0.03163071721792221
4129,0.02412758767604828
4130,0.021120108664035797
4131,0.05119035392999649
4132,0.021694492548704147
4133,0.024296535179018974
4134,0.034569110721349716
4135,0.4452974498271942
4136,0.03285934031009674
4137,0.05273513123393059
4138,0.021891212090849876
4139,0.02483530156314373
4140,0.021805865690112114
4141,0.027273353189229965
4142,0.025098217651247978
4143,0.02232442796230316
4144,0.027774721384048462
4145,0.02899847738444805
4146,0.028815381228923798
4147,0.02931692823767662
4148,0.03184313699603081
4149,0.021484840661287308
4150,0.03026936575770378
4151,0.06486674398183823
4152,0.07726942002773285
4153,0.029059283435344696
4154,0.023990105837583542
4155,0.02464156411588192
4156,0.027376314625144005
4157,0.023797206580638885
4158,0.02470683678984642
4159,0.024253368377685547
4160,0.024440933018922806
4161,0.05113067850470543
4162,0.024609770625829697
4163,0.024471325799822807
4164,0.022636769339442253
4165,0.024433879181742668
4166,0.022812118753790855
4167,0.02272246591746807
4168,0.062177907675504684
4169,0.023545078933238983
4170,0.02502063661813736
4171,0.02298438362777233
4172,0.03680781275033951
4173,0.0240778885781765
4174,0.02369792014360428
4175,0.02235150896012783
4176,0.022589899599552155
4177,0.024043448269367218
4178,0.08012475818395615
4179,0.030860092490911484
4180,0.03417196124792099
4181,0.023918893188238144
4182,0.022884096950292587
4183,0.0274070855230093
4184,0.02341286838054657
4185,0.023617630824446678
4186,0.030902430415153503
4187,0.026257505640387535
4188,0.05731021985411644
4189,0.023149043321609497
4190,0.023276543244719505
4191,0.021648621186614037
4192,0.033564746379852295
4193,0.05903628468513489
4194,0.07014335691928864
4195,0.029930010437965393
4196,0.026466842740774155
4197,0.023697849363088608
4198,0.025332730263471603
4199,0.04878675937652588
4200,0.024234002456068993
4201,0.16068628430366516
4202,0.029038704931735992
4203,0.023503120988607407
4204,0.03805205971002579
4205,0.0237361378967762
4206,0.02384951524436474
4207,0.030705571174621582
4208,0.039067965000867844
4209,0.024637535214424133
4210,0.02311147376894951
4211,0.02422541379928589
4212,0.021239932626485825
4213,0.025063320994377136
4214,0.024524077773094177
4215,0.0223651435226202
4216,0.08903797715902328
4217,0.14094114303588867
4218,0.029120316728949547
4219,0.033314049243927
4220,0.023884959518909454
4221,0.02790326438844204
4222,0.028965212404727936
4223,0.04874072223901749
4224,0.035359565168619156
4225,0.02336130104959011
4226,0.020513050258159637
4227,0.026444420218467712
4228,0.025609850883483887
4229,0.03737925738096237
4230,0.024690359830856323
4231,0.02555912360548973
4232,0.023097578436136246
4233,0.02355647087097168
4234,0.024411644786596298
4235,0.022559618577361107
4236,0.023010633885860443
4237,0.023541174829006195
4238,0.024187667295336723
4239,0.019992094486951828
4240,0.022334402427077293
4241,0.05493662878870964
4242,0.023254800587892532
4243,0.055321402847766876
4244,0.028704961761832237
4245,0.027795162051916122
4246,0.06630319356918335
4247,0.020678400993347168
4248,0.02268376760184765
4249,0.02961888164281845
4250,0.05216650292277336
4251,0.08766834437847137
4252,0.025581255555152893
4253,0.021720800548791885
4254,0.023122496902942657
4255,0.03284537047147751
4256,0.024585267528891563
4257,0.02147272787988186
4258,0.022688787430524826
4259,0.022914420813322067
4260,0.05430436134338379
4261,0.023845363408327103
4262,0.02462269365787506
4263,0.02893996797502041
4264,0.02953851781785488
4265,0.024761218577623367
4266,0.021239710971713066
4267,0.024044116958975792
4268,0.021818218752741814
4269,0.029875509440898895
4270,0.026076875627040863
4271,0.020757362246513367
4272,0.025683145970106125
4273,0.020921900868415833
4274,0.019936295226216316
4275,0.04723570495843887
4276,0.021617790684103966
4277,0.022096499800682068
4278,0.03320293128490448
4279,0.022041138261556625
4280,0.05791182070970535
4281,0.019589435309171677
4282,0.021973561495542526
4283,0.022479049861431122
4284,0.02512918971478939
4285,0.020750535652041435
4286,0.033383503556251526
4287,0.03114147111773491
4288,0.02621934562921524
4289,0.02030629850924015
4290,0.02477172575891018
4291,0.022252565249800682
4292,0.020717104896903038
4293,0.020481359213590622
4294,0.020051825791597366
4295,0.021319454535841942
4296,0.024951569736003876
4297,0.6046537160873413
4298,0.03537948802113533
4299,0.022630145773291588
4300,0.02656116709113121
4301,0.02557344362139702
4302,0.05279377102851868
4303,0.059958308935165405
4304,0.0341130793094635
4305,0.1018422394990921
4306,0.027021538466215134
4307,0.02631830982863903
4308,0.03709378093481064
4309,0.026661520823836327
4310,0.023361017927527428
4311,0.03683397173881531
4312,0.021808912977576256
4313,0.022048313170671463
4314,0.029083339497447014
4315,0.025942053645849228
4316,0.021853765472769737
4317,0.02436520718038082
4318,0.022546177729964256
4319,0.021300092339515686
4320,0.24416816234588623
4321,0.025760944932699203
4322,0.02437351644039154
4323,0.15918852388858795
4324,0.025150863453745842
4325,0.030494486913084984
4326,0.029116621240973473
4327,0.02521868422627449
4328,0.024131856858730316
4329,0.022709816694259644
4330,0.030004046857357025
4331,0.028191175311803818
4332,0.1513707935810089
4333,0.026793494820594788
4334,0.024857252836227417
4335,0.023594651371240616
4336,0.02526787482202053
4337,0.026857730001211166
4338,0.022398293018341064
4339,0.0269438698887825
4340,0.024017928168177605
4341,0.02219909243285656
4342,0.02210965007543564
4343,0.021843403577804565
4344,0.020375842228531837
4345,0.020891478285193443
4346,0.04114400967955589
4347,0.023184221237897873
4348,0.023295056074857712
4349,0.0209321491420269
4350,0.022933054715394974
4351,0.6201735734939575
4352,0.03443330153822899
4353,0.03850221261382103
4354,0.0642096996307373
4355,0.030137628316879272
4356,0.03501850366592407
4357,0.03552909195423126
4358,0.022710509598255157
4359,0.1478542685508728
4360,0.035400982946157455
4361,0.030907120555639267
4362,0.2985633611679077
4363,0.05134308338165283
4364,0.02614082396030426
4365,0.050014473497867584
4366,0.028172841295599937
4367,0.029508918523788452
4368,0.03650560975074768
4369,0.02593683823943138
4370,0.02825148217380047
4371,0.05575309321284294
4372,0.024634629487991333
4373,0.025224365293979645
4374,0.025269484147429466
4375,0.03876442462205887
4376,0.027579762041568756
4377,0.11002250015735626
4378,0.03233480453491211
4379,0.03218594938516617
4380,0.029542293399572372
4381,0.023900119587779045
4382,0.21724557876586914
4383,0.04527274891734123
4384,0.0597233884036541
4385,0.03032536432147026
4386,0.02420899085700512
4387,0.03202006220817566
4388,0.03379925340414047
4389,0.0240488201379776
4390,0.028127556666731834
4391,0.08706899732351303
4392,0.035503484308719635
4393,0.032323382794857025
4394,0.06213301420211792
4395,0.024065736681222916
4396,0.02725675329566002
4397,0.025342192500829697
4398,0.02614288032054901
4399,0.025690151378512383
4400,0.023759886622428894
4401,0.023301273584365845
4402,0.0230257585644722
4403,0.023134775459766388
4404,0.10069160908460617
4405,0.026749929413199425
4406,0.028562968596816063
4407,0.026507511734962463
4408,0.023043109104037285
4409,0.024520037695765495
4410,0.07076109200716019
4411,0.025335833430290222
4412,0.028756823390722275
4413,0.022394850850105286
4414,0.21828243136405945
4415,0.026075027883052826
4416,0.024254007264971733
4417,0.024025753140449524
4418,0.024117793887853622
4419,0.0257461816072464
4420,0.02957729622721672
4421,0.0937633067369461
4422,0.0258595310151577
4423,0.026148144155740738
4424,0.09204992651939392
4425,0.036857880651950836
4426,0.03155205771327019
4427,0.026080897077918053
4428,0.16100937128067017
4429,0.0345756858587265
4430,0.028702568262815475
4431,0.022717636078596115
4432,0.024743184447288513
4433,0.08035644143819809
4434,0.031078031286597252
4435,0.028570644557476044
4436,0.027572937309741974
4437,0.024491645395755768
4438,0.02392018958926201
4439,0.02672801911830902
4440,0.022758593782782555
4441,0.023301512002944946
4442,0.700921893119812
4443,0.0805455818772316
4444,0.02589688077569008
4445,0.05005344748497009
4446,0.02499927394092083
4447,0.023809459060430527
4448,0.02208123356103897
4449,0.08695429563522339
4450,0.047984056174755096
4451,0.022427810356020927
4452,0.02986316755414009
4453,0.02322639338672161
4454,0.030689507722854614
4455,0.021303564310073853
4456,0.024150177836418152
4457,0.020214848220348358
4458,0.021006090566515923
4459,0.022976016625761986
4460,0.022599752992391586
4461,0.036506861448287964
4462,0.020783165469765663
4463,0.02207549475133419
4464,0.02187228575348854
4465,0.023775052279233932
4466,0.02043144777417183
4467,0.02085900865495205
4468,0.019273582845926285
4469,0.021534264087677002
4470,0.020037926733493805
4471,0.02073504962027073
4472,0.48034822940826416
4473,0.021627603098750114
4474,0.023357659578323364
4475,0.035304151475429535
4476,0.06365200132131577
4477,0.05036112293601036
4478,0.02346770092844963
4479,0.02039092406630516
4480,0.08586679399013519
4481,0.025429217144846916
4482,0.02340557798743248
4483,0.02490067295730114
4484,0.023680001497268677
4485,0.02143861912190914
4486,0.021984457969665527
4487,0.022836774587631226
4488,0.047164227813482285
4489,0.04992034286260605
4490,0.023057684302330017
4491,0.023368187248706818
4492,0.020343851298093796
4493,0.13867519795894623
4494,0.02119988203048706
4495,0.02156229130923748
4496,0.03737402707338333
4497,0.023839136585593224
4498,0.02189042791724205
4499,0.024117782711982727
4500,0.021795332431793213
4501,0.026299525052309036
4502,0.3883199393749237
4503,0.03388450667262077
4504,0.031786367297172546
4505,0.03143082931637764
4506,0.04732774943113327
4507,0.040600549429655075
4508,0.023620417341589928
4509,0.025627493858337402
4510,0.030311953276395798
4511,0.0547604076564312
4512,0.05077015608549118
4513,0.04452966898679733
4514,0.037854284048080444
4515,0.12753582000732422
4516,0.022333204746246338
4517,0.024634158238768578
4518,0.025085490196943283
4519,0.14728623628616333
4520,0.02372058480978012
4521,0.030608756467700005
4522,0.04563041776418686
4523,0.023757917806506157
4524,0.02295691892504692
4525,0.025234997272491455
4526,0.024084998294711113
4527,0.021379292011260986
4528,0.024638745933771133
4529,0.03944435343146324
4530,0.023830916732549667
4531,0.023619208484888077
4532,0.02251976542174816
4533,0.024244219064712524
4534,0.7783792018890381
4535,0.021123221144080162
4536,0.029832011088728905
4537,0.0220501571893692
4538,0.20883600413799286
4539,0.03602589666843414
4540,0.028720272704958916
4541,0.0996512696146965
4542,0.020808648318052292
4543,0.026046909391880035
4544,0.025085752829909325
4545,0.02338891290128231
4546,0.03740034997463226
4547,0.02338826283812523
4548,0.021620213985443115
4549,0.021237414330244064
4550,0.022550104185938835
4551,0.03199991583824158
4552,0.23597578704357147
4553,0.11005675047636032
4554,0.03890621289610863
4555,0.024107560515403748
4556,0.02537446841597557
4557,0.046207815408706665
4558,0.022784773260354996
4559,0.034116230905056
4560,0.062152571976184845
4561,0.024166768416762352
4562,0.08212617039680481
4563,0.02345443330705166
4564,0.023797957226634026
4565,0.02110043726861477
4566,0.023217935115098953
4567,0.024186162278056145
4568,0.02217360958456993
4569,0.028241705149412155
4570,0.024095319211483
4571,0.021781807765364647
4572,0.021618202328681946
4573,0.05298341065645218
4574,0.022404683753848076
4575,0.021899469196796417
4576,0.023275043815374374
4577,0.02035623975098133
4578,0.022133266553282738
4579,0.02503138780593872
4580,0.0261993445456028
4581,0.02226639911532402
4582,0.10791470855474472
4583,0.020799759775400162
4584,0.7646026611328125
4585,0.030960053205490112
4586,0.02156519889831543
4587,0.02250545285642147
4588,0.05179356783628464
4589,0.02007046714425087
4590,0.028895746916532516
4591,0.04005582258105278
4592,0.021429721266031265
4593,0.02141513302922249
4594,0.02149692177772522
4595,0.023181498050689697
4596,0.021097755059599876
4597,0.021500183269381523
4598,0.021978896111249924
4599,0.02077958732843399
4600,0.020936977118253708
4601,0.020713869482278824
4602,0.021224556490778923
4603,0.02195461094379425
4604,0.031118076294660568
4605,0.020474059507250786
4606,0.021985899657011032
4607,0.6788315176963806
4608,0.025150179862976074
4609,0.023859720677137375
4610,0.023177139461040497
4611,0.022250112146139145
4612,0.026297857984900475
4613,0.019965052604675293
4614,0.06724284589290619
4615,0.022012360394001007
4616,0.021702785044908524
4617,0.021229859441518784
4618,0.02240021340548992
4619,0.021555406972765923
4620,0.03224269673228264
4621,0.03164887800812721
4622,0.02364429458975792
4623,0.02162979543209076
4624,0.020928090438246727
4625,0.024816494435071945
4626,0.01960880681872368
4627,0.019784098491072655
4628,0.020806681364774704
4629,0.02049311250448227
4630,0.019251583144068718
4631,0.021795552223920822
4632,0.02006513439118862
4633,0.025630202144384384
4634,0.020762667059898376
4635,0.032664064317941666
4636,0.0205061212182045
4637,0.0193165335804224
4638,0.01985604502260685
4639,0.05145874246954918
4640,0.01961127296090126
4641,0.020714208483695984
4642,0.019957050681114197
4643,0.020934101194143295
4644,0.019141390919685364
4645,0.019827542826533318
4646,0.023903172463178635
4647,0.019278232008218765
4648,0.02443937212228775
4649,0.020696494728326797
4650,0.020035598427057266
4651,0.020946955308318138
4652,0.020680082961916924
4653,0.020317522808909416
4654,0.020897958427667618
4655,0.0215627308934927
4656,0.02405472658574581
4657,0.019680244848132133
4658,0.018737711012363434
4659,0.0199907049536705
4660,0.028081100434064865
4661,0.04436514899134636
4662,0.0482424795627594
4663,0.020093750208616257
4664,0.020196158438920975
4665,0.022468019276857376
4666,0.020410120487213135
4667,0.019959814846515656
4668,0.02477726899087429
4669,0.01980641484260559
4670,0.021871348842978477
4671,0.01983741857111454
4672,0.02159125730395317
4673,0.02596212550997734
4674,0.02019943855702877
4675,0.01887749508023262
4676,0.035246092826128006
4677,0.5450363159179688
4678,0.033374469727277756
4679,0.027485311031341553
4680,0.021773649379611015
4681,0.03385080024600029
4682,0.04375992342829704
4683,0.02287226915359497
4684,0.023300234228372574
4685,0.02274477854371071
4686,0.023415014147758484
4687,0.022553807124495506
4688,0.027253471314907074
4689,0.02476276084780693
4690,0.020667890086770058
4691,0.022153135389089584
4692,0.026035204529762268
4693,0.023009777069091797
4694,0.02518816851079464
4695,0.03250785171985626
4696,0.030534153804183006
4697,0.03327425569295883
4698,0.02605990134179592
4699,0.10543166100978851
4700,0.03574637323617935
4701,0.034769393503665924
4702,0.03320753574371338
4703,0.022367969155311584
4704,0.35613036155700684
4705,0.17885266244411469
4706,0.04704049229621887
4707,0.04483943432569504
4708,0.7586027383804321
4709,0.03258047625422478
4710,0.05208989232778549
4711,0.04672261327505112
4712,0.040698204189538956
4713,0.03141197934746742
4714,0.09605357050895691
4715,0.04101753234863281
4716,0.03344542905688286
4717,0.03725891560316086
4718,0.0524817556142807
4719,0.04003244265913963
4720,0.03696226328611374
4721,0.031578101217746735
4722,0.027319736778736115
4723,0.030144356191158295
4724,0.05923755466938019
4725,0.1067274734377861
4726,0.02579008787870407
4727,0.02647944539785385
4728,0.029888223856687546
4729,0.03266033157706261
4730,0.028734322637319565
4731,0.023829113692045212
4732,0.09308560192584991
4733,0.03295794129371643
4734,0.025387804955244064
4735,0.025890333577990532
4736,0.024082612246274948
4737,0.03273029997944832
4738,0.03592343628406525
4739,0.025118492543697357
4740,0.036867961287498474
4741,0.02363605797290802
4742,0.0743703842163086
4743,0.028710484504699707
4744,0.024788029491901398
4745,0.06019548699259758
4746,0.021970510482788086
4747,0.022467946633696556
4748,0.02546384558081627
4749,0.023665189743041992
4750,0.03533212095499039
4751,0.025288518518209457
4752,0.11647655814886093
4753,0.02236339822411537
4754,0.02857520803809166
4755,0.09804653376340866
4756,0.026948681101202965
4757,0.02766944095492363
4758,0.022016283124685287
4759,0.027176624163985252
4760,0.026900073513388634
4761,0.027871577069163322
4762,0.022303877398371696
4763,0.030018148943781853
4764,0.12593400478363037
4765,0.02383188158273697
4766,0.025076424703001976
4767,0.022625990211963654
4768,0.023837409913539886
4769,0.08464109152555466
4770,0.024651577696204185
4771,0.020324882119894028
4772,0.022589562460780144
4773,0.021375145763158798
4774,0.0238298662006855
4775,0.0711040198802948
4776,0.037878893315792084
4777,0.0546317957341671
4778,0.02489493414759636
4779,0.020145881921052933
4780,0.022066105157136917
4781,0.8469910621643066
4782,0.056685369461774826
4783,0.033373646438121796
4784,0.02728772908449173
4785,0.22513680160045624
4786,0.16140277683734894
4787,0.05905983969569206
4788,0.036743246018886566
4789,0.026682913303375244
4790,0.09884345531463623
4791,0.9120564460754395
4792,0.07051557302474976
4793,0.07784055173397064
4794,0.07539080828428268
4795,0.07952176779508591
4796,0.04679317772388458
4797,0.043300263583660126
4798,0.03930280730128288
4799,0.04221036285161972
4800,0.03462616354227066
4801,0.03785814344882965
4802,0.07097868621349335
4803,0.033652711659669876
4804,0.11574476212263107
4805,0.09978612512350082
4806,0.09343178570270538
4807,0.10723133385181427
4808,0.08492936193943024
4809,0.02809542417526245
4810,0.0412728413939476
4811,0.07054024934768677
4812,0.024402879178524017
4813,0.045795738697052
4814,0.07592887431383133
4815,0.038388073444366455
4816,0.03656791150569916
4817,0.02707470953464508
4818,0.028014078736305237
4819,0.06775732338428497
4820,0.027724798768758774
4821,0.02804381400346756
4822,0.0834178552031517
4823,0.03874427080154419
4824,0.034253232181072235
4825,0.05022329092025757
4826,0.026036713272333145
4827,0.10480545461177826
4828,0.024218667298555374
4829,0.035665810108184814
4830,0.026606207713484764
4831,0.06266297399997711
4832,0.023707782849669456
4833,0.023071549832820892
4834,0.05944620817899704
4835,0.03298655524849892
4836,0.029836496338248253
4837,0.024089735001325607
4838,0.07539790868759155
4839,0.039992958307266235
4840,0.02618144266307354
4841,0.025098133832216263
4842,0.02479514852166176
4843,0.03808850422501564
4844,0.022597184404730797
4845,0.05063097923994064
4846,0.022239146754145622
4847,0.024260161444544792
4848,0.022870240733027458
4849,0.04744806885719299
4850,0.022100135684013367
4851,0.1110362634062767
4852,0.022089380770921707
4853,0.028531979769468307
4854,0.029885899275541306
4855,0.02389541268348694
4856,0.02269226312637329
4857,0.020558195188641548
4858,0.040924616158008575
4859,0.020205311477184296
4860,0.04419699311256409
4861,0.027174165472388268
4862,0.02021133340895176
4863,0.021420499309897423
4864,0.028155159205198288
4865,0.03440866619348526
4866,0.02056184783577919
4867,0.021522780880331993
4868,0.019509196281433105
4869,0.03486992046236992
4870,0.025805246084928513
4871,0.023565169423818588
4872,0.021887099370360374
4873,0.019388437271118164
4874,0.022069238126277924
4875,0.019096223637461662
4876,0.0202473271638155
4877,0.019680142402648926
4878,0.020848438143730164
4879,0.02156633697450161
4880,0.09208987653255463
4881,0.02338508889079094
4882,0.021860701963305473
4883,0.024663394317030907
4884,0.02444770187139511
4885,0.022775620222091675
4886,0.0199270099401474
4887,0.05849725753068924
4888,0.020089924335479736
4889,0.01945190690457821
4890,0.5760825276374817
4891,0.06397736817598343
4892,0.022895796224474907
4893,0.02209954708814621
4894,0.021523555740714073
4895,0.020392650738358498
4896,0.0248134583234787
4897,0.024243904277682304
4898,0.021419890224933624
4899,0.036004409193992615
4900,0.020263388752937317
4901,0.13198739290237427
4902,0.033328406512737274
4903,0.06046305224299431
4904,0.023012524470686913
4905,0.025405410677194595
4906,0.03273383527994156
4907,0.023896299302577972
4908,0.02088193967938423
4909,0.02450593188405037
4910,0.024611227214336395
4911,0.047176145017147064
4912,0.024587688967585564
4913,0.03228236734867096
4914,0.0418122373521328
4915,0.03078046441078186
4916,0.02365107834339142
4917,0.033557724207639694
4918,0.021320030093193054
4919,0.021946189925074577
4920,0.02239391580224037
4921,0.020808033645153046
4922,0.22451750934123993
4923,0.028538260608911514
4924,0.035870857536792755
4925,0.026990054175257683
4926,0.05164606124162674
4927,0.027316555380821228
4928,0.04338369518518448
4929,0.02237074077129364
4930,0.023081164807081223
4931,0.026833318173885345
4932,0.038900621235370636
4933,0.02575807087123394
4934,0.04348393529653549
4935,0.02831576019525528
4936,0.027130499482154846
4937,0.026254836469888687
4938,0.023015432059764862
4939,0.026027334854006767
4940,0.053341787308454514
4941,0.0628880113363266
4942,0.04201726242899895
4943,0.03978913277387619
4944,0.02965196967124939
4945,0.038977328687906265
4946,0.027347272261977196
4947,0.030549198389053345
4948,0.029688870534300804
4949,0.026635346934199333
4950,0.24492160975933075
4951,0.047393735498189926
4952,0.03794823959469795
4953,0.02835272252559662
4954,0.024023069068789482
4955,0.026408124715089798
4956,0.03062978945672512
4957,0.030478624626994133
4958,0.027467243373394012
4959,0.45455676317214966
4960,0.08282613754272461
4961,0.04774156212806702
4962,0.046430908143520355
4963,0.03386180102825165
4964,0.026343857869505882
4965,0.035663802176713943
4966,0.03868086636066437
4967,0.05100878328084946
4968,0.026060640811920166
4969,0.06982764601707458
4970,0.035205818712711334
4971,0.03082822635769844
4972,0.028768058866262436
4973,0.2742103040218353
4974,0.030815547332167625
4975,0.03203795850276947
4976,0.03424286097288132
4977,0.02690848708152771
4978,0.02885168418288231
4979,0.031568706035614014
4980,0.02606460452079773
4981,0.029914870858192444
4982,0.026560550555586815
4983,0.028348689898848534
4984,0.025373687967658043
4985,0.026492591947317123
4986,0.025252554565668106
4987,0.04932396858930588
4988,0.03146465867757797
4989,0.027153536677360535
4990,0.024500727653503418
4991,0.06342442333698273
4992,0.02106502652168274
4993,0.024588149040937424
4994,0.022951364517211914
4995,0.11062618345022202
4996,0.03740169480443001
4997,0.026910506188869476
4998,0.034553736448287964
4999,0.021888796240091324
5000,0.024705849587917328
5001,0.024814192205667496
5002,0.020889220759272575
5003,0.022126350551843643
5004,0.0209835022687912
5005,0.02222961187362671
5006,0.02090759202837944
5007,0.05928030610084534
5008,0.022652745246887207
5009,0.02316073328256607
5010,0.020367203280329704
5011,0.020683975890278816
5012,0.0220311488956213
5013,0.021542582660913467
5014,0.0215656366199255
5015,0.026393987238407135
5016,0.020411904901266098
5017,0.026691509410738945
5018,0.026401661336421967
5019,0.020418984815478325
5020,0.02006003074347973
5021,0.020173847675323486
5022,0.020064469426870346
5023,0.021965308114886284
5024,0.020251436159014702
5025,0.020192988216876984
5026,0.019289908930659294
5027,0.01906760036945343
5028,0.025195494294166565
5029,0.019250420853495598
5030,0.02040236070752144
5031,0.022474175319075584
5032,0.20704376697540283
5033,0.02515055611729622
5034,0.02176803909242153
5035,0.020883074030280113
5036,0.02426910400390625
5037,0.12230764329433441
5038,0.11175249516963959
5039,0.03659743070602417
5040,0.020179349929094315
5041,0.020936906337738037
5042,0.048694126307964325
5043,0.02233407460153103
5044,0.04855920001864433
5045,0.022379567846655846
5046,0.0208887979388237
5047,0.019579127430915833
5048,0.024768834933638573
5049,0.023090090602636337
5050,0.02192293480038643
5051,0.03328748047351837
5052,0.02008153311908245
5053,0.019397348165512085
5054,0.3599100708961487
5055,0.04257512092590332
5056,0.02726927027106285
5057,0.02165117859840393
5058,0.022721465677022934
5059,0.04014395549893379
5060,0.02225172333419323
5061,0.04193049296736717
5062,0.02542618289589882
5063,0.022600717842578888
5064,0.02035275101661682
5065,0.021102821454405785
5066,0.02228301391005516
5067,0.020857393741607666
5068,0.02052367478609085
5069,0.028263894841074944
5070,0.02114207297563553
5071,0.04124584421515465
5072,0.02250077947974205
5073,0.022005073726177216
5074,0.02719467133283615
5075,0.0214203130453825
5076,0.021116232499480247
5077,0.021605728194117546
5078,0.6477913856506348
5079,0.030425354838371277
5080,0.05721225589513779
5081,0.021844875067472458
5082,0.025865212082862854
5083,0.022212792187929153
5084,0.024964509531855583
5085,0.029678722843527794
5086,0.03674716129899025
5087,0.11076629161834717
5088,0.02782367169857025
5089,0.022087957710027695
5090,0.022421807050704956
5091,0.019839797168970108
5092,0.022449500858783722
5093,0.021559154614806175
5094,0.029435522854328156
5095,0.019861284643411636
5096,0.06229962036013603
5097,0.020594311878085136
5098,0.019247710704803467
5099,0.022020569071173668
5100,0.020221274346113205
5101,0.018547389656305313
5102,0.01803998276591301
5103,0.043183278292417526
5104,0.02039654552936554
5105,0.021033938974142075
5106,0.019740134477615356
5107,0.02065393701195717
5108,0.024773579090833664
5109,0.024037625640630722
5110,0.02077372930943966
5111,0.020596442744135857
5112,0.019432194530963898
5113,0.019002534449100494
5114,0.021029604598879814
5115,0.018592558801174164
5116,0.7850162982940674
5117,0.03019276075065136
5118,0.035984620451927185
5119,0.018625780940055847
5120,0.01905701868236065
5121,0.020022563636302948
5122,0.02052651345729828
5123,0.020247286185622215
5124,0.04832690209150314
5125,0.01914083957672119
5126,0.017986107617616653
5127,0.02533792518079281
5128,0.01850443333387375
5129,0.022266358137130737
5130,0.028715258464217186
5131,0.02211819589138031
5132,0.018918011337518692
5133,0.256666362285614
5134,0.03932518512010574
5135,0.02153896354138851
5136,0.024493783712387085
5137,0.022647177800536156
5138,0.02202540636062622
5139,0.024345874786376953
5140,0.03679811581969261
5141,0.021383479237556458
5142,0.019639473408460617
5143,0.018574528396129608
5144,0.030109982937574387
5145,0.021984834223985672
5146,0.09963272511959076
5147,0.03658009320497513
5148,0.0223213043063879
5149,0.020323293283581734
5150,0.01920229010283947
5151,0.028650492429733276
5152,0.02360733412206173
5153,0.020345918834209442
5154,0.019589625298976898
5155,0.13135163486003876
5156,0.02062184363603592
5157,0.019010644406080246
5158,0.018680114299058914
5159,0.021712176501750946
5160,0.021998200565576553
5161,0.02170626074075699
5162,0.06302382051944733
5163,0.020508751273155212
5164,0.019619576632976532
5165,0.019125569611787796
5166,0.01945428177714348
5167,0.019237928092479706
5168,0.03324124217033386
5169,0.033459823578596115
5170,0.02020902931690216
5171,0.029977738857269287
5172,0.01973576843738556
5173,0.03050919435918331
5174,0.034926995635032654
5175,0.022729162126779556
5176,0.02031353861093521
5177,0.03566505014896393
5178,0.03677663207054138
5179,0.01921013742685318
5180,0.01938234083354473
5181,0.028320305049419403
5182,0.029611673206090927
5183,0.02471403405070305
5184,0.022638974711298943
5185,0.01859717071056366
5186,0.021576104685664177
5187,0.019728906452655792
5188,0.019324861466884613
5189,0.01897427998483181
5190,0.018318774178624153
5191,0.020207427442073822
5192,0.020127447322010994
5193,0.01983247883617878
5194,0.21225301921367645
5195,0.031783781945705414
5196,0.02438482642173767
5197,0.019526368007063866
5198,0.024563338607549667
5199,0.0213237963616848
5200,0.028038695454597473
5201,0.025326576083898544
5202,0.020556773990392685
5203,0.03585371375083923
5204,0.022574182599782944
5205,0.01882866770029068
5206,0.10881271213293076
5207,0.03150193393230438
5208,0.12005701661109924
5209,0.020069940015673637
5210,0.022764457389712334
5211,0.025159290060400963
5212,0.05032607913017273
5213,0.022900594398379326
5214,0.01996825635433197
5215,0.020667603239417076
5216,0.02736963890492916
5217,0.021460598334670067
5218,0.024407323449850082
5219,0.02359159104526043
5220,0.019330011680722237
5221,0.02101162075996399
5222,0.08984186500310898
5223,0.06549260765314102
5224,0.030908983200788498
5225,0.025172963738441467
5226,0.019016658887267113
5227,0.027548078447580338
5228,0.022688327357172966
5229,0.024127570912241936
5230,0.02106940560042858
5231,0.020546220242977142
5232,0.02117079496383667
5233,0.09151732921600342
5234,0.02241099439561367
5235,0.022618085145950317
5236,0.021279778331518173
5237,0.024266814813017845
5238,0.049813415855169296
5239,0.02356150560081005
5240,0.027324294671416283
5241,0.02302500605583191
5242,0.023526852950453758
5243,0.023187046870589256
5244,0.023177383467555046
5245,0.02077590487897396
5246,0.02653924748301506
5247,0.021149149164557457
5248,0.020769651979207993
5249,0.02174929901957512
5250,0.02091929316520691
5251,0.0257900170981884
5252,0.022560959681868553
5253,0.040200360119342804
5254,0.023438584059476852
5255,0.020691268146038055
5256,0.021679401397705078
5257,0.02126459591090679
5258,0.020346425473690033
5259,0.02163967490196228
5260,0.022623427212238312
5261,0.02007110044360161
5262,0.01891637220978737
5263,0.01899181865155697
5264,0.01893671602010727
5265,0.01987650617957115
5266,0.02005123719573021
5267,0.024196185171604156
5268,0.0173107348382473
5269,0.04834860563278198
5270,0.02029181830585003
5271,0.019741995260119438
5272,0.1115860641002655
5273,0.021075215190649033
5274,0.01880802772939205
5275,0.2541891038417816
5276,0.019477780908346176
5277,0.01807730458676815
5278,0.019953515380620956
5279,0.019936740398406982
5280,0.020310092717409134
5281,0.01890924945473671
5282,0.03673848509788513
5283,0.01902952417731285
5284,0.01867205649614334
5285,0.019416119903326035
5286,0.01890675537288189
5287,0.3108731210231781
5288,0.0411793552339077
5289,0.06550773978233337
5290,0.029509102925658226
5291,0.027056928724050522
5292,0.0449104905128479
5293,0.047411322593688965
5294,0.02433941885828972
5295,0.07982674241065979
5296,0.03407778963446617
5297,0.0683942660689354
5298,0.03893524408340454
5299,0.028802160173654556
5300,0.03316754102706909
5301,0.03275267779827118
5302,0.027822066098451614
5303,0.1911880373954773
5304,0.08268646895885468
5305,0.03221040964126587
5306,0.030101537704467773
5307,0.028840621933341026
5308,0.029855549335479736
5309,0.2394465208053589
5310,0.04954114183783531
5311,0.029897961765527725
5312,0.029629796743392944
5313,0.03771062567830086
5314,0.07039308547973633
5315,0.030502161011099815
5316,0.032203637063503265
5317,0.02803032100200653
5318,0.07207878679037094
5319,0.026078391820192337
5320,0.02546507678925991
5321,0.028162486851215363
5322,0.027607474476099014
5323,0.02623627334833145
5324,0.024362947791814804
5325,0.17584896087646484
5326,0.029671883210539818
5327,0.04231077432632446
5328,0.04461110383272171
5329,0.029557671397924423
5330,0.02732696942985058
5331,0.027803709730505943
5332,0.03064773790538311
5333,0.028515977784991264
5334,0.029103368520736694
5335,0.029017671942710876
5336,0.02733013406395912
5337,0.02444501779973507
5338,0.025245346128940582
5339,0.02173403464257717
5340,0.021771026775240898
5341,0.04582516849040985
5342,0.024414516985416412
5343,0.10634836554527283
5344,0.12016936391592026
5345,0.042208023369312286
5346,0.024499960243701935
5347,0.02715684100985527
5348,0.04355170950293541
5349,0.05632992833852768
5350,0.030652543529868126
5351,0.05857229232788086
5352,0.029513295739889145
5353,0.021697383373975754
5354,0.03073275089263916
5355,0.02899130806326866
5356,0.02239760383963585
5357,0.025977790355682373
5358,0.031038623303174973
5359,0.022682778537273407
5360,0.02236616238951683
5361,0.02234397456049919
5362,0.01926540955901146
5363,0.06305525451898575
5364,0.02165047638118267
5365,0.023804280906915665
5366,0.021096643060445786
5367,0.022465664893388748
5368,0.0226808600127697
5369,0.0205654576420784
5370,0.022236913442611694
5371,0.020772913470864296
5372,0.025678029283881187
5373,0.020321134477853775
5374,0.02800302766263485
5375,0.08177274465560913
5376,0.03943470120429993
5377,0.021414106711745262
5378,0.024067452177405357
5379,0.019392259418964386
5380,0.03156905621290207
5381,0.023789290338754654
5382,0.01868521049618721
5383,0.022409513592720032
5384,0.08466492593288422
5385,0.02059265971183777
5386,0.022678639739751816
5387,0.019221719354391098
5388,0.019227439537644386
5389,0.04271068796515465
5390,0.041376106441020966
5391,0.020255936309695244
5392,0.02162431739270687
5393,0.018788205459713936
5394,0.019248753786087036
5395,0.019311340525746346
5396,0.04747647047042847
5397,0.020477622747421265
5398,0.025747155770659447
5399,0.02041580341756344
5400,0.019332997500896454
5401,0.020685022696852684
5402,0.5926427841186523
5403,0.02330709807574749
5404,0.05025554820895195
5405,0.022640272974967957
5406,0.02118680439889431
5407,0.021488230675458908
5408,0.022174080833792686
5409,0.02855321392416954
5410,0.020937450230121613
5411,0.021343735978007317
5412,0.02189009264111519
5413,0.02057049795985222
5414,0.01918511465191841
5415,0.025911226868629456
5416,0.021736567839980125
5417,0.019944531843066216
5418,0.020477764308452606
5419,0.021799441426992416
5420,0.030745133757591248
5421,0.02200772427022457
5422,0.02718530409038067
5423,0.3261573910713196
5424,0.026291970163583755
5425,0.08087554574012756
5426,0.020435094833374023
5427,0.02109130285680294
5428,0.022693142294883728
5429,0.02333461120724678
5430,0.020284119993448257
5431,0.02485175058245659
5432,0.021035727113485336
5433,0.021111857146024704
5434,0.1272168755531311
5435,0.02303069457411766
5436,0.0251650121062994
5437,0.020688576623797417
5438,0.448347270488739
5439,0.030053939670324326
5440,0.02468474768102169
5441,0.03424280509352684
5442,0.020861949771642685
5443,0.022063327953219414
5444,0.02113352343440056
5445,0.021963030099868774
5446,0.02156696282327175
5447,0.020697174593806267
5448,0.031426988542079926
5449,0.02025735005736351
5450,0.01982363685965538
5451,0.019424190744757652
5452,0.020434953272342682
5453,0.01949532888829708
5454,0.01968524605035782
5455,0.023735295981168747
5456,0.05665002018213272
5457,0.045931629836559296
5458,0.028579231351614
5459,0.03554363176226616
5460,0.029195662587881088
5461,0.026184793561697006
5462,0.021000778302550316
5463,0.018478602170944214
5464,0.020854085683822632
5465,0.01957761123776436
5466,0.021149277687072754
5467,0.030414273962378502
5468,0.019559817388653755
5469,0.038828201591968536
5470,0.02050933986902237
5471,0.24283438920974731
5472,0.02537129819393158
5473,0.051089465618133545
5474,0.021724773570895195
5475,0.023151546716690063
5476,0.035483695566654205
5477,0.021244168281555176
5478,0.020767396315932274
5479,0.019277065992355347
5480,0.019471844658255577
5481,0.02036169171333313
5482,0.019399993121623993
5483,0.0960741639137268
5484,0.02358190529048443
5485,0.022872529923915863
5486,0.022219210863113403
5487,0.022553224116563797
5488,0.022134430706501007
5489,0.020155958831310272
5490,0.020631147548556328
5491,0.020932123064994812
5492,0.018179411068558693
5493,0.028355542570352554
5494,0.021020255982875824
5495,0.021370654925704002
5496,0.026269694790244102
5497,0.07952507585287094
5498,0.05430689454078674
5499,0.03555624932050705
5500,0.0264300387352705
5501,0.019949790090322495
5502,0.03314653038978577
5503,0.021234547719359398
5504,0.020896658301353455
5505,0.024074506014585495
5506,0.02002442628145218
5507,0.05331942439079285
5508,0.021512430161237717
5509,0.02088940143585205
5510,0.02339615300297737
5511,0.24502971768379211
5512,0.04105488955974579
5513,0.027280598878860474
5514,0.026760604232549667
5515,0.025502612814307213
5516,0.02867675945162773
5517,0.03569312021136284
5518,0.019439006224274635
5519,0.02080853283405304
5520,0.02683684602379799
5521,0.0426354818046093
5522,0.025158386677503586
5523,0.022709012031555176
5524,0.025909965857863426
5525,0.0269580390304327
5526,0.1797707974910736
5527,0.11560394614934921
5528,0.11785080283880234
5529,0.10926473140716553
5530,0.028146153315901756
5531,0.05726998671889305
5532,0.05096250772476196
5533,0.03606380149722099
5534,0.02977687679231167
5535,0.03598302975296974
5536,0.04792703688144684
5537,0.041329480707645416
5538,0.05870005115866661
5539,0.03346392139792442
5540,0.028340261429548264
5541,0.031028583645820618
5542,0.03338228538632393
5543,0.03285851702094078
5544,0.02818320505321026
5545,0.02838718891143799
5546,0.030140137299895287
5547,0.029916096478700638
5548,0.12973713874816895
5549,0.024678854271769524
5550,0.023838866502046585
5551,0.059424541890621185
5552,0.03937140107154846
5553,0.021048594266176224
5554,0.032796092331409454
5555,0.028143366798758507
5556,0.02278236672282219
5557,0.02249157428741455
5558,0.043080978095531464
5559,0.07603099942207336
5560,0.030035395175218582
5561,0.023516453802585602
5562,0.022773470729589462
5563,0.029166918247938156
5564,0.02315410040318966
5565,0.022531654685735703
5566,0.022379674017429352
5567,0.01822051778435707
5568,0.023089513182640076
5569,0.026169344782829285
5570,0.02048896998167038
5571,0.020404402166604996
5572,0.021290317177772522
5573,0.02188420109450817
5574,0.02025628089904785
5575,0.022229772061109543
5576,0.020114116370677948
5577,0.01786767691373825
5578,0.018812760710716248
5579,0.04399046301841736
5580,0.019759496673941612
5581,0.024328038096427917
5582,0.016877498477697372
5583,0.019687701016664505
5584,0.01966640166938305
5585,0.019322331994771957
5586,0.018648546189069748
5587,0.02063858136534691
5588,0.033429693430662155
5589,0.021358488127589226
5590,0.023451514542102814
5591,0.01904420554637909
5592,0.034378260374069214
5593,0.03009163960814476
5594,0.02097269892692566
5595,0.021034246310591698
5596,0.026309654116630554
5597,0.019954513758420944
5598,0.019711382687091827
5599,0.02917548082768917
5600,0.03019578754901886
5601,0.04023412987589836
5602,0.021237490698695183
5603,0.019989963620901108
5604,0.030467933043837547
5605,0.02657046541571617
5606,0.01964252069592476
5607,0.028388161212205887
5608,0.030664613470435143
5609,0.021623997017741203
5610,0.022116176784038544
5611,0.02364303171634674
5612,0.02809106558561325
5613,0.06396130472421646
5614,0.026728635653853416
5615,0.024711264297366142
5616,0.01894930750131607
5617,0.019127346575260162
5618,0.020076561719179153
5619,0.026717741042375565
5620,0.01872878707945347
5621,0.02589239552617073
5622,0.07405591011047363
5623,0.020278923213481903
5624,0.019767262041568756
5625,0.017997385933995247
5626,0.026450907811522484
5627,0.01907918229699135
5628,0.019500650465488434
5629,0.018187914043664932
5630,0.019158992916345596
5631,0.023336103186011314
5632,0.01947508007287979
5633,0.04569374769926071
5634,0.019039977341890335
5635,0.01786995679140091
5636,0.020183485001325607
5637,0.017746593803167343
5638,0.09479783475399017
5639,0.021633099764585495
5640,0.023634692654013634
5641,0.019388945773243904
5642,0.0267395731061697
5643,0.026136836037039757
5644,0.022407248616218567
5645,0.02085031382739544
5646,0.037233494222164154
5647,0.0214400552213192
5648,0.022668389603495598
5649,0.019950034096837044
5650,0.020424477756023407
5651,0.022226598113775253
5652,0.04353833198547363
5653,0.025479435920715332
5654,0.020224735140800476
5655,0.020191878080368042
5656,0.05318140611052513
5657,0.04007532820105553
5658,0.025693049654364586
5659,0.03317002207040787
5660,0.019241590052843094
5661,0.020273027941584587
5662,0.022272735834121704
5663,0.017848387360572815
5664,0.022431354969739914
5665,0.020913852378726006
5666,0.018058516085147858
5667,0.01993834227323532
5668,0.021576782688498497
5669,0.03192117437720299
5670,0.7736004590988159
5671,0.027438413351774216
5672,0.018955789506435394
5673,0.03435560315847397
5674,0.02415882609784603
5675,0.023706108331680298
5676,0.02816915325820446
5677,0.024201329797506332
5678,0.020336497575044632
5679,0.05069606751203537
5680,0.02128533087670803
5681,0.052202217280864716
5682,0.02402723953127861
5683,0.025587981566786766
5684,0.021453751251101494
5685,0.021135753020644188
5686,0.026050454005599022
5687,0.019309643656015396
5688,0.020076096057891846
5689,0.023757800459861755
5690,0.017519511282444
5691,0.0194795373827219
5692,0.02064776048064232
5693,0.027474913746118546
5694,0.023165211081504822
5695,0.02461976185441017
5696,0.024563154205679893
5697,0.6832830309867859
5698,0.02353527769446373
5699,0.03121848963201046
5700,0.054164230823516846
5701,0.024119433015584946
5702,0.026601538062095642
5703,0.02330883964896202
5704,0.021616196259856224
5705,0.10151275247335434
5706,0.07965226471424103
5707,0.045104511082172394
5708,0.07717040926218033
5709,0.0320182740688324
5710,0.02594328485429287
5711,0.02944379299879074
5712,0.052407875657081604
5713,0.03261249139904976
5714,0.20720331370830536
5715,0.03399259224534035
5716,0.07208375632762909
5717,0.030349597334861755
5718,0.028353657573461533
5719,0.030193500220775604
5720,0.0288618803024292
5721,0.030698474496603012
5722,0.024519940838217735
5723,0.15392416715621948
5724,0.05762873589992523
5725,0.03799103945493698
5726,0.11530375480651855
5727,0.026124244555830956
5728,0.036354854702949524
5729,0.03593895584344864
5730,0.039860717952251434
5731,0.03054755926132202
5732,0.029399683699011803
5733,0.05052310973405838
5734,0.047200411558151245
5735,0.02625751495361328
5736,0.0238848514854908
5737,0.030310221016407013
5738,0.027219820767641068
5739,0.026264704763889313
5740,0.025832276791334152
5741,0.03142424300312996
5742,0.024416645988821983
5743,0.023070504888892174
5744,0.02260485291481018
5745,0.027411434799432755
5746,0.02530382201075554
5747,0.019800521433353424
5748,0.02108580432832241
5749,0.026488175615668297
5750,0.09323424100875854
5751,0.028155725449323654
5752,0.02550523541867733
5753,0.024569731205701828
5754,0.024412080645561218
5755,0.026116635650396347
5756,0.02178804576396942
5757,0.03261299058794975
5758,0.020849891006946564
5759,0.019713252782821655
5760,0.020548690110445023
5761,0.01963726431131363
5762,0.021212324500083923
5763,0.02029973827302456
5764,0.019231081008911133
5765,0.020230676978826523
5766,0.02648177556693554
5767,0.01874336414039135
5768,0.01939879171550274
5769,0.01885552704334259
5770,0.13661791384220123
5771,0.02648737095296383
5772,0.055697135627269745
5773,0.030206140130758286
5774,0.01840132102370262
5775,0.023201754316687584
5776,0.022069353610277176
5777,0.01897406205534935
5778,0.019076839089393616
5779,0.023931875824928284
5780,0.01868457719683647
5781,0.0191509947180748
5782,0.022718101739883423
5783,0.019012752920389175
5784,0.018791373819112778
5785,0.019300302490592003
5786,0.018807172775268555
5787,0.02321682870388031
5788,0.01888243481516838
5789,0.019071687012910843
5790,0.020142974331974983
5791,0.01794043742120266
5792,0.01914362981915474
5793,0.017562514171004295
5794,0.019557196646928787
5795,0.017947088927030563
5796,0.03123040497303009
5797,0.017228785902261734
5798,0.05008342117071152
5799,0.08726190775632858
5800,0.023302771151065826
5801,0.020150041207671165
5802,0.039363034069538116
5803,0.03378576040267944
5804,0.021977204829454422
5805,0.01790504716336727
5806,0.03175627440214157
5807,0.028384532779455185
5808,0.04445139691233635
5809,0.03169799596071243
5810,0.026645004749298096
5811,0.020230960100889206
5812,0.03271785378456116
5813,0.04366133734583855
5814,0.025843728333711624
5815,0.03367817401885986
5816,0.02651948854327202
5817,0.01918618753552437
5818,0.02507556974887848
5819,0.025984659790992737
5820,0.01986304298043251
5821,0.021713051944971085
5822,0.06914602220058441
5823,0.07793726027011871
5824,0.025544513016939163
5825,0.022839894518256187
5826,0.01932116597890854
5827,0.06429357826709747
5828,0.017541781067848206
5829,0.021518651396036148
5830,0.021118735894560814
5831,0.03158818185329437
5832,0.020109282806515694
5833,0.06410243362188339
5834,0.018102239817380905
5835,0.0651693195104599
5836,0.026233885437250137
5837,0.021963847801089287
5838,0.019177958369255066
5839,0.020233850926160812
5840,0.018841050565242767
5841,0.04513591155409813
5842,0.018265455961227417
5843,0.019283397123217583
5844,0.01851419359445572
5845,0.01742306724190712
5846,0.021389052271842957
5847,0.01730336807668209
5848,0.03837142884731293
5849,0.027023613452911377
5850,0.019897688180208206
5851,0.019402317702770233
5852,0.02178717963397503
5853,0.027861427515745163
5854,0.020538881421089172
5855,0.019091790542006493
5856,0.01581963337957859
5857,0.019368257373571396
5858,0.01938442885875702
5859,0.01973450556397438
5860,0.02347622811794281
5861,0.017874037846922874
5862,0.017694100737571716
5863,0.016451729461550713
5864,0.019917558878660202
5865,0.018641090020537376
5866,0.018146857619285583
5867,0.019691932946443558
5868,0.016947094351053238
5869,0.2019922137260437
5870,0.023115312680602074
5871,0.024565618485212326
5872,0.019059933722019196
5873,0.021604498848319054
5874,0.02557203732430935
5875,0.022746948525309563
5876,0.03509984910488129
5877,0.027169600129127502
5878,0.024202793836593628
5879,0.026083260774612427
5880,0.024337163195014
5881,0.021341364830732346
5882,0.023128077387809753
5883,0.022570732980966568
5884,0.021185215562582016
5885,0.02132449671626091
5886,0.022655583918094635
5887,0.0212560947984457
5888,0.04962439835071564
5889,0.02287854067981243
5890,0.023068685084581375
5891,0.019107837229967117
5892,0.01997702196240425
5893,0.026922740042209625
5894,0.24626824259757996
5895,0.029540717601776123
5896,0.032101113349199295
5897,0.022305727005004883
5898,0.019637970253825188
5899,0.028981778770685196
5900,0.022680742666125298
5901,0.021578025072813034
5902,0.022265110164880753
5903,0.020622506737709045
5904,0.02061798982322216
5905,0.021642213687300682
5906,0.040276508778333664
5907,0.021985340863466263
5908,0.027610521763563156
5909,0.12771070003509521
5910,0.02435145154595375
5911,0.024241503328084946
5912,0.10907790064811707
5913,0.022822370752692223
5914,0.034316837787628174
5915,0.02522212825715542
5916,0.03230278939008713
5917,0.02383437752723694
5918,0.022394871339201927
5919,0.01745530590415001
5920,0.022173911333084106
5921,0.020008275285363197
5922,0.01918262243270874
5923,0.01975974813103676
5924,0.018239665776491165
5925,0.0178896002471447
5926,0.02077445387840271
5927,0.01936417818069458
5928,0.018697092309594154
5929,0.01907399296760559
5930,0.021411513909697533
5931,0.10560034215450287
5932,0.030714042484760284
5933,0.02682148478925228
5934,0.019865073263645172
5935,0.02283349446952343
5936,0.034956224262714386
5937,0.08482024073600769
5938,0.06962957978248596
5939,0.034750115126371384
5940,0.02623591385781765
5941,0.022364582866430283
5942,0.04911268875002861
5943,0.024297472089529037
5944,0.022268220782279968
5945,0.06480422616004944
5946,0.02644306793808937
5947,0.02133975550532341
5948,0.023647835478186607
5949,0.023492876440286636
5950,0.02308233082294464
5951,0.08414062857627869
5952,0.022376781329512596
5953,0.02473418042063713
5954,0.022929921746253967
5955,0.6233283877372742
5956,0.022844169288873672
5957,0.03629006817936897
5958,0.03395838290452957
5959,0.023292100057005882
5960,0.019195057451725006
5961,0.02419200912117958
5962,0.021894186735153198
5963,0.021955769509077072
5964,0.04278649017214775
5965,0.0270062442868948
5966,0.028910603374242783
5967,0.037046462297439575
5968,0.06814762204885483
5969,0.028102105483412743
5970,0.01946990191936493
5971,0.01822878047823906
5972,0.01885123737156391
5973,0.02073723077774048
5974,0.02094334177672863
5975,0.019315039739012718
5976,0.019033659249544144
5977,0.0605672225356102
5978,0.02386205643415451
5979,0.02336268499493599
5980,0.01884576678276062
5981,0.021826891228556633
5982,0.018119871616363525
5983,0.01878799870610237
5984,0.036054253578186035
5985,0.025825198739767075
5986,0.022591538727283478
5987,0.01976705715060234
5988,0.020002756267786026
5989,0.027615074068307877
5990,0.017969928681850433
5991,0.04833263158798218
5992,0.047767430543899536
5993,0.02854357287287712
5994,0.021929480135440826
5995,0.020060094073414803
5996,0.02440008893609047
5997,0.02102655917406082
5998,0.01926891691982746
5999,0.019598882645368576
6000,0.020811326801776886
6001,0.025119714438915253
6002,0.04799030348658562
6003,0.018491709604859352
6004,0.018989596515893936
6005,0.02084576152265072
6006,0.020278573036193848
6007,0.020715054124593735
6008,0.018643459305167198
6009,0.13933324813842773
6010,0.021567365154623985
6011,0.022629685699939728
6012,0.020975306630134583
6013,0.028652310371398926
6014,0.023573730140924454
6015,0.02491213008761406
6016,0.020991798490285873
6017,0.021371446549892426
6018,0.02038826420903206
6019,0.040550440549850464
6020,0.022530339658260345
6021,0.021237585693597794
6022,0.02029142528772354
6023,0.01914677396416664
6024,0.020923499017953873
6025,0.018170926719903946
6026,0.030107073485851288
6027,0.0199387576431036
6028,0.022219911217689514
6029,0.01869875378906727
6030,0.01825747638940811
6031,0.01910884492099285
6032,0.018206890672445297
6033,0.02232486568391323
6034,0.019474893808364868
6035,0.5593123435974121
6036,0.0210949145257473
6037,0.021341850981116295
6038,0.021592404693365097
6039,0.02114281617105007
6040,0.033461980521678925
6041,0.025756284594535828
6042,0.02426724135875702
6043,0.02510082721710205
6044,0.01876967027783394
6045,0.019819369539618492
6046,0.02295178547501564
6047,0.04185079038143158
6048,0.019013747572898865
6049,0.02556946873664856
6050,0.06025686860084534
6051,0.02663644403219223
6052,0.021311752498149872
6053,0.021421832963824272
6054,0.024673275649547577
6055,0.036753877997398376
6056,0.018699683248996735
6057,0.022841926664114
6058,0.026429777964949608
6059,0.01884596422314644
6060,0.020757801830768585
6061,0.020755376666784286
6062,0.01913302391767502
6063,0.060632266104221344
6064,0.018863724544644356
6065,0.02141599729657173
6066,0.01936419866979122
6067,0.019210578873753548
6068,0.019053367897868156
6069,0.026130972430109978
6070,0.017851077020168304
6071,0.020374035462737083
6072,0.018223516643047333
6073,0.027148066088557243
6074,0.019039245322346687
6075,0.025680607184767723
6076,0.018365897238254547
6077,0.025030281394720078
6078,0.09008427709341049
6079,0.02395748719573021
6080,0.01975623518228531
6081,0.017131054773926735
6082,0.017342709004878998
6083,0.04109860956668854
6084,0.024935122579336166
6085,0.029377035796642303
6086,0.01894066296517849
6087,0.019711239263415337
6088,0.017484469339251518
6089,0.01737016998231411
6090,0.412655234336853
6091,0.01938493177294731
6092,0.03610653430223465
6093,0.02119969204068184
6094,0.02499055489897728
6095,0.027811110019683838
6096,0.018220625817775726
6097,0.019883185625076294
6098,0.017116177827119827
6099,0.0263565294444561
6100,0.016149137169122696
6101,0.021170657128095627
6102,0.023561235517263412
6103,0.01963486522436142
6104,0.01887289248406887
6105,0.022711321711540222
6106,0.03844205662608147
6107,0.019547516480088234
6108,0.0187961608171463
6109,0.07331948727369308
6110,0.019942976534366608
6111,0.022330228239297867
6112,0.018450941890478134
6113,0.04649008437991142
6114,0.01930488646030426
6115,0.018052414059638977
6116,0.018663574010133743
6117,0.020503610372543335
6118,0.01770799234509468
6119,0.020703544840216637
6120,0.025782203301787376
6121,0.020502066239714622
6122,0.01886284351348877
6123,0.01843411661684513
6124,0.07506464421749115
6125,0.01986987702548504
6126,0.02229311875998974
6127,0.01882523111999035
6128,0.025340966880321503
6129,0.023516248911619186
6130,0.0688188299536705
6131,0.025223392993211746
6132,0.09937240928411484
6133,0.020051604136824608
6134,0.01932031288743019
6135,0.020485952496528625
6136,0.02168494462966919
6137,0.042977117002010345
6138,0.021591417491436005
6139,0.01887976936995983
6140,0.020309116691350937
6141,0.03367392346262932
6142,0.03182510659098625
6143,0.021859025582671165
6144,0.022274009883403778
6145,0.025294488295912743
6146,0.02055549807846546
6147,0.021701982244849205
6148,0.02062256447970867
6149,0.019032131880521774
6150,0.026927467435598373
6151,0.018691271543502808
6152,0.01816638931632042
6153,0.019105326384305954
6154,0.01803526096045971
6155,0.02190050110220909
6156,0.0180603489279747
6157,0.021092137321829796
6158,0.023949576541781425
6159,0.04349462315440178
6160,0.07188175618648529
6161,0.037885475903749466
6162,0.021815389394760132
6163,0.027235087007284164
6164,0.028138667345046997
6165,0.02375081181526184
6166,0.029410645365715027
6167,0.025957338511943817
6168,0.11863178014755249
6169,0.019433919340372086
6170,0.017456620931625366
6171,0.017598215490579605
6172,0.016885854303836823
6173,0.01759902760386467
6174,0.026372119784355164
6175,0.01809009350836277
6176,0.02435501292347908
6177,0.017888514325022697
6178,0.05168825387954712
6179,0.019961345940828323
6180,0.07018866389989853
6181,0.01936899684369564
6182,0.027007363736629486
6183,0.016908032819628716
6184,0.020394708961248398
6185,0.0194392092525959
6186,0.055835794657468796
6187,0.7293297648429871
6188,0.026153525337576866
6189,0.02065848372876644
6190,0.018830256536602974
6191,0.020745817571878433
6192,0.019337359815835953
6193,0.06931555271148682
6194,0.024818532168865204
6195,0.022919727489352226
6196,0.03302455693483353
6197,0.021689411252737045
6198,0.0356409028172493
6199,0.01722300983965397
6200,0.019049543887376785
6201,0.019103489816188812
6202,0.018630104139447212
6203,0.05819390341639519
6204,0.7294299006462097
6205,0.019318927079439163
6206,0.03378303349018097
6207,0.022350696846842766
6208,0.01940625160932541
6209,0.01797599345445633
6210,0.02226443402469158
6211,0.017572790384292603
6212,0.02438771352171898
6213,0.017308903858065605
6214,0.017462484538555145
6215,0.01831737905740738
6216,0.03636198863387108
6217,0.021370328962802887
6218,0.021265074610710144
6219,0.019653040915727615
6220,0.05380355566740036
6221,0.018918126821517944
6222,0.018513627350330353
6223,0.021368971094489098
6224,0.029332196339964867
6225,0.018871139734983444
6226,0.016804955899715424
6227,0.017390210181474686
6228,0.03327569738030434
6229,0.020282112061977386
6230,0.019074922427535057
6231,0.0193333700299263
6232,0.01859528198838234
6233,0.016687890514731407
6234,0.021221166476607323
6235,0.01639595627784729
6236,0.017140589654445648
6237,0.05879102274775505
6238,0.01721419207751751
6239,0.027435798197984695
6240,0.015394577756524086
6241,0.015773294493556023
6242,0.015644721686840057
6243,0.016204319894313812
6244,0.015542242676019669
6245,0.016684118658304214
6246,0.01525051798671484
6247,0.09273755550384521
6248,0.01949775218963623
6249,0.017481401562690735
6250,0.015898853540420532
6251,0.01807268336415291
6252,0.01790991984307766
6253,0.01621081307530403
6254,0.016996800899505615
6255,0.01620209962129593
6256,0.03708243370056152
6257,0.018492169678211212
6258,0.020177196711301804
6259,0.017670733854174614
6260,0.018140394240617752
6261,0.018957726657390594
6262,0.022211849689483643
6263,0.01862126775085926
6264,0.018661368638277054
6265,0.016439810395240784
6266,0.021675631403923035
6267,0.018709775060415268
6268,0.01678295247256756
6269,0.044927649199962616
6270,0.02757895365357399
6271,0.017534196376800537
6272,0.02331598661839962
6273,0.018096234649419785
6274,0.020242964848876
6275,0.021307263523340225
6276,0.019045261666178703
6277,0.01570475473999977
6278,0.017165763303637505
6279,0.01797742024064064
6280,0.015683313831686974
6281,0.017381472513079643
6282,0.016957910731434822
6283,0.017227092757821083
6284,0.017773982137441635
6285,0.03853795677423477
6286,0.020265713334083557
6287,0.017983034253120422
6288,0.016993742436170578
6289,0.017354769632220268
6290,0.01700064167380333
6291,0.016130536794662476
6292,0.017037050798535347
6293,0.01604422740638256
6294,0.019766252487897873
6295,0.01667623780667782
6296,0.018453501164913177
6297,0.02459391951560974
6298,0.019019030034542084
6299,0.01660086214542389
6300,0.016572268679738045
6301,0.3153805434703827
6302,0.021133488044142723
6303,0.07499535381793976
6304,0.01887631043791771
6305,0.017983170226216316
6306,0.02575426921248436
6307,0.01667829602956772
6308,0.0735185295343399
6309,0.027448948472738266
6310,0.03359523415565491
6311,0.01754309982061386
6312,0.01702386513352394
6313,0.01923520490527153
6314,0.029348796233534813
6315,0.018421225249767303
6316,0.03577521815896034
6317,0.02212551236152649
6318,0.01837688311934471
6319,0.01716490462422371
6320,0.01867682673037052
6321,0.016379034146666527
6322,0.017807628959417343
6323,0.021945012733340263
6324,0.019399430602788925
6325,0.02709296904504299
6326,0.017552971839904785
6327,0.020159808918833733
6328,0.016885263845324516
6329,0.015891212970018387
6330,0.01657850295305252
6331,0.017281748354434967
6332,0.016771845519542694
6333,0.03636680170893669
6334,0.03610966354608536
6335,0.02332843653857708
6336,0.021392956376075745
6337,0.023048020899295807
6338,0.022071456536650658
6339,0.02262212336063385
6340,0.01795964315533638
6341,0.02038361132144928
6342,0.020983397960662842
6343,0.016086703166365623
6344,0.018191896378993988
6345,0.018026690930128098
6346,0.016987444832921028
6347,0.03302900120615959
6348,0.01797119528055191
6349,0.021113689988851547
6350,0.016123076900839806
6351,0.01727316901087761
6352,0.017313987016677856
6353,0.021114222705364227
6354,0.01662290282547474
6355,0.02544352039694786
6356,0.015660231932997704
6357,0.01624063216149807
6358,0.015342551283538342
6359,0.016483306884765625
6360,0.01649581454694271
6361,0.02787245437502861
6362,0.04067542031407356
6363,0.02120366506278515
6364,0.028454937040805817
6365,0.016962705180048943
6366,0.01888221874833107
6367,0.027363136410713196
6368,0.02284514531493187
6369,0.0187227763235569
6370,0.01617148146033287
6371,0.015880869701504707
6372,0.016874773427844048
6373,0.017253372818231583
6374,0.017546888440847397
6375,0.01609748601913452
6376,0.031609173864126205
6377,0.03100431337952614
6378,0.018125422298908234
6379,0.018380658701062202
6380,0.0175793394446373
6381,0.018123306334018707
6382,0.016048360615968704
6383,0.021749556064605713
6384,0.020180700346827507
6385,0.01797761581838131
6386,0.01689579337835312
6387,0.23080787062644958
6388,0.022774025797843933
6389,0.02295759692788124
6390,0.01875176839530468
6391,0.02007880061864853
6392,0.021930992603302002
6393,0.020926859229803085
6394,0.019591234624385834
6395,0.019084366038441658
6396,0.018100228160619736
6397,0.037703514099121094
6398,0.023731674998998642
6399,0.056176334619522095
6400,0.038098447024822235
6401,0.03983122110366821
6402,0.02453477308154106
6403,0.030183475464582443
6404,0.035775814205408096
6405,0.0436636358499527
6406,0.018862957134842873
6407,0.06692826747894287
6408,0.03958870843052864
6409,0.026220351457595825
6410,0.038853779435157776
6411,0.021486245095729828
6412,0.043695613741874695
6413,0.02024371549487114
6414,0.023078273981809616
6415,0.019369620829820633
6416,0.03388160094618797
6417,0.01992528885602951
6418,0.01924791932106018
6419,0.018820486962795258
6420,0.019356776028871536
6421,0.01801447570323944
6422,0.0183869618922472
6423,0.01789540797472
6424,0.017147861421108246
6425,0.018312036991119385
6426,0.01724565215408802
6427,0.051212377846241
6428,0.09003349393606186
6429,0.022019855678081512
6430,0.018423330038785934
6431,0.017010224983096123
6432,0.018710777163505554
6433,0.01893629878759384
6434,0.016835715621709824
6435,0.029853668063879013
6436,0.018254229798913002
6437,0.018225081264972687
6438,0.016423895955085754
6439,0.01731811836361885
6440,0.01821744441986084
6441,0.021228309720754623
6442,0.019735168665647507
6443,0.023562824353575706
6444,0.04706869274377823
6445,0.09918826818466187
6446,0.025649001821875572
6447,0.02084502950310707
6448,0.017959177494049072
6449,0.02210758626461029
6450,0.02884822152554989
6451,0.023345325142145157
6452,0.023207277059555054
6453,0.024530282244086266
6454,0.01856587454676628
6455,0.020399918779730797
6456,0.02491283044219017
6457,0.02216338738799095
6458,0.019050877541303635
6459,0.02140241488814354
6460,0.02126794308423996
6461,0.019115258008241653
6462,0.017479680478572845
6463,0.019501257687807083
6464,0.019062435254454613
6465,0.02368575893342495
6466,0.01866227388381958
6467,0.019746610894799232
6468,0.023736797273159027
6469,0.025541052222251892
6470,0.017608672380447388
6471,0.019408859312534332
6472,0.052055723965168
6473,0.042157527059316635
6474,0.019043132662773132
6475,0.02098177745938301
6476,0.04435473680496216
6477,0.021853474900126457
6478,0.017500732094049454
6479,0.022234957665205002
6480,0.032376427203416824
6481,0.017513608559966087
6482,0.018093403428792953
6483,0.01690668798983097
6484,0.017038917168974876
6485,0.029111307114362717
6486,0.019539350643754005
6487,0.018280481919646263
6488,0.017057396471500397
6489,0.017997965216636658
6490,0.018231065943837166
6491,0.01664292812347412
6492,0.017997104674577713
6493,0.018065642565488815
6494,0.018367961049079895
6495,0.07989928871393204
6496,0.023744603618979454
6497,0.01982378587126732
6498,0.01667230762541294
6499,0.01596810109913349
6500,0.022064346820116043
6501,0.016184134408831596
6502,0.016688300296664238
6503,0.018781425431370735
6504,0.016216151416301727
6505,0.015988267958164215
6506,0.041728295385837555
6507,0.017511053010821342
6508,0.017656181007623672
6509,0.04100390523672104
6510,0.018201639875769615
6511,0.018284939229488373
6512,0.23049496114253998
6513,0.02230042777955532
6514,0.02083112671971321
6515,0.06558020412921906
6516,0.01706208661198616
6517,0.03143918514251709
6518,0.017537862062454224
6519,0.01649969443678856
6520,0.022113289684057236
6521,0.0177258662879467
6522,0.041710399091243744
6523,0.022872796282172203
6524,0.13327136635780334
6525,0.020335465669631958
6526,0.018848871812224388
6527,0.01817830465734005
6528,0.02262822911143303
6529,0.015419135801494122
6530,0.017535103484988213
6531,0.021554451435804367
6532,0.019146010279655457
6533,0.01574242301285267
6534,0.01867014728486538
6535,0.0174601711332798
6536,0.024589616805315018
6537,0.020855208858847618
6538,0.021942686289548874
6539,0.03946017101407051
6540,0.01664765179157257
6541,0.024670090526342392
6542,0.017338253557682037
6543,0.01624193601310253
6544,0.04405670613050461
6545,0.02002105861902237
6546,0.019833562895655632
6547,0.020507097244262695
6548,0.017235085368156433
6549,0.01820189692080021
6550,0.016798395663499832
6551,0.016621243208646774
6552,0.02646864578127861
6553,0.01813294179737568
6554,0.024304542690515518
6555,0.01847466640174389
6556,0.023541957139968872
6557,0.018477126955986023
6558,0.01612827554345131
6559,0.018378108739852905
6560,0.015604708343744278
6561,0.02420869842171669
6562,0.015727054327726364
6563,0.016591794788837433
6564,0.015925085172057152
6565,0.017423639073967934
6566,0.036111019551754
6567,0.017628978937864304
6568,0.01749342493712902
6569,0.017188534140586853
6570,0.016315486282110214
6571,0.01725851558148861
6572,0.01641019433736801
6573,0.015418264083564281
6574,0.016509033739566803
6575,0.025417258962988853
6576,0.023599226027727127
6577,0.01907961815595627
6578,0.016894865781068802
6579,0.015957888215780258
6580,0.017285767942667007
6581,0.016440019011497498
6582,0.017290795221924782
6583,0.01795821450650692
6584,0.016957931220531464
6585,0.015352105721831322
6586,0.017067939043045044
6587,0.016850462183356285
6588,0.016954317688941956
6589,0.0161762498319149
6590,0.01802702806890011
6591,0.01583913527429104
6592,0.015907825902104378
6593,0.01532088965177536
6594,0.019348502159118652
6595,0.014938831329345703
6596,0.01469708513468504
6597,0.014369603246450424
6598,0.015192700549960136
6599,0.46358323097229004
6600,0.10643326491117477
6601,0.01845642738044262
6602,0.014549003913998604
6603,0.0157289020717144
6604,0.026472430676221848
6605,0.016320811584591866
6606,0.018727056682109833
6607,0.030779745429754257
6608,0.01501939445734024
6609,0.01741217076778412
6610,0.024923011660575867
6611,0.022039562463760376
6612,0.0519859716296196
6613,0.2160148322582245
6614,0.02415427565574646
6615,0.02387748658657074
6616,0.016711696982383728
6617,0.023091036826372147
6618,0.02413046360015869
6619,0.017781108617782593
6620,0.03583686053752899
6621,0.01818064972758293
6622,0.017909366637468338
6623,0.018801022320985794
6624,0.07451483607292175
6625,0.023545246571302414
6626,0.02129305899143219
6627,0.01907801814377308
6628,0.018793081864714622
6629,0.08345828950405121
6630,0.023290902376174927
6631,0.030293714255094528
6632,0.025439439341425896
6633,0.03061249852180481
6634,0.024150004610419273
6635,0.03618098795413971
6636,0.023629821836948395
6637,0.023097148165106773
6638,0.027703817933797836
6639,0.019452450796961784
6640,0.01818813756108284
6641,0.01898876391351223
6642,0.0189803559333086
6643,0.3624385595321655
6644,0.03253304585814476
6645,0.03209683299064636
6646,0.0543682724237442
6647,0.023966077715158463
6648,0.02557314932346344
6649,0.41794073581695557
6650,0.018353257328271866
6651,0.02126648835837841
6652,0.027464892715215683
6653,0.025429775938391685
6654,0.019300654530525208
6655,0.02230820804834366
6656,0.02265973389148712
6657,0.01995953731238842
6658,0.034647028893232346
6659,0.01841302402317524
6660,0.022718053311109543
6661,0.03286537528038025
6662,0.020043913275003433
6663,0.017931662499904633
6664,0.018786855041980743
6665,0.01905979961156845
6666,0.022234763950109482
6667,0.033889420330524445
6668,0.022559544071555138
6669,0.13286200165748596
6670,0.028958946466445923
6671,0.030880611389875412
6672,0.026060616597533226
6673,0.021359946578741074
6674,0.043611086905002594
6675,0.026928670704364777
6676,0.08850917220115662
6677,0.028678035363554955
6678,0.025516211986541748
6679,0.019171476364135742
6680,0.023853128775954247
6681,0.04996110126376152
6682,0.022704830393195152
6683,0.02086329087615013
6684,0.021098054945468903
6685,0.025612687692046165
6686,0.03452480956912041
6687,0.022751715034246445
6688,0.02286865934729576
6689,0.04882974550127983
6690,0.01975410431623459
6691,0.018908698111772537
6692,0.018605705350637436
6693,0.027815978974103928
6694,0.018346523866057396
6695,0.03675329312682152
6696,0.022481082007288933
6697,0.02264065109193325
6698,0.018229253590106964
6699,0.01866772212088108
6700,0.038612984120845795
6701,0.06420472264289856
6702,0.04498470574617386
6703,0.02656545862555504
6704,0.023072754964232445
6705,0.037332624197006226
6706,0.02047453075647354
6707,0.022213205695152283
6708,0.0221632681787014
6709,0.018179848790168762
6710,0.02028251439332962
6711,0.04862605035305023
6712,0.032020341604948044
6713,0.025980008766055107
6714,0.04342840239405632
6715,0.023415079340338707
6716,0.01933917962014675
6717,0.027046341449022293
6718,0.022088482975959778
6719,0.02254202961921692
6720,0.018915213644504547
6721,0.01939157024025917
6722,0.020657524466514587
6723,0.019314125180244446
6724,0.019558992236852646
6725,0.020417436957359314
6726,0.02024621143937111
6727,0.017511654645204544
6728,0.05937964469194412
6729,0.019651539623737335
6730,0.01983598619699478
6731,0.016719859093427658
6732,0.01633342355489731
6733,0.017483308911323547
6734,0.0210820734500885
6735,0.018654510378837585
6736,0.02018139138817787
6737,0.019085535779595375
6738,0.042885921895504
6739,0.018773503601551056
6740,0.01598384603857994
6741,0.022274203598499298
6742,0.015913385897874832
6743,0.016780119389295578
6744,0.11643683165311813
6745,0.02172500640153885
6746,0.031196890398859978
6747,0.7509157061576843
6748,0.38629257678985596
6749,0.04217594861984253
6750,0.023504002019762993
6751,0.2694927453994751
6752,0.037516944110393524
6753,0.05517067015171051
6754,0.025906478986144066
6755,0.028494013473391533
6756,0.05370214581489563
6757,0.038974177092313766
6758,0.06299769133329391
6759,0.02422850951552391
6760,0.030527455732226372
6761,0.10134969651699066
6762,0.025390803813934326
6763,0.024255767464637756
6764,0.02696932852268219
6765,0.03400852158665657
6766,0.026869311928749084
6767,0.07201118022203445
6768,0.026532096788287163
6769,0.02426682412624359
6770,0.031574469059705734
6771,0.02320108376443386
6772,0.021363768726587296
6773,0.10505758225917816
6774,0.030608665198087692
6775,0.02508205734193325
6776,0.024341046810150146
6777,0.020280875265598297
6778,0.020710457116365433
6779,0.027409767732024193
6780,0.8057001829147339
6781,0.25168269872665405
6782,0.03303827717900276
6783,0.15718942880630493
6784,0.08348585665225983
6785,0.0261102132499218
6786,0.08081866800785065
6787,0.056591253727674484
6788,0.12728510797023773
6789,0.031068649142980576
6790,0.029721660539507866
6791,0.059383705258369446
6792,0.029077552258968353
6793,0.028157033026218414
6794,0.025743886828422546
6795,0.022911295294761658
6796,0.04218026623129845
6797,0.023014020174741745
6798,0.02113664522767067
6799,0.034683555364608765
6800,0.021732967346906662
6801,0.02104640007019043
6802,0.025945082306861877
6803,0.045305848121643066
6804,0.06937143206596375
6805,0.021463852375745773
6806,0.1199675127863884
6807,0.024747489020228386
6808,0.32818034291267395
6809,0.08008264005184174
6810,0.030585434287786484
6811,0.02264191210269928
6812,0.04203381761908531
6813,0.03241051360964775
6814,0.027500532567501068
6815,0.03019176423549652
6816,0.02119867131114006
6817,0.0838402733206749
6818,0.02061154507100582
6819,0.02310071513056755
6820,0.023470710963010788
6821,0.5804912447929382
6822,0.02203269861638546
6823,0.024389391764998436
6824,0.021562179550528526
6825,0.024848973378539085
6826,0.021963194012641907
6827,0.020430436357855797
6828,0.01991870254278183
6829,0.030068662017583847
6830,0.022178268060088158
6831,0.02081117033958435
6832,0.040532633662223816
6833,0.019143905490636826
6834,0.01938612572848797
6835,0.02845649980008602
6836,0.057679228484630585
6837,0.035666339099407196
6838,0.02020622417330742
6839,0.0515742264688015
6840,0.018490545451641083
6841,0.018488936126232147
6842,0.01847223937511444
6843,0.018281882628798485
6844,0.023395907133817673
6845,0.017897337675094604
6846,0.01722050830721855
6847,0.01941745914518833
6848,0.10945206135511398
6849,0.018761780112981796
6850,0.03463286906480789
6851,0.05908157676458359
6852,0.019214123487472534
6853,0.01865376904606819
6854,0.017902042716741562
6855,0.017431948333978653
6856,0.031136155128479004
6857,0.017545901238918304
6858,0.02140197716653347
6859,0.020025815814733505
6860,0.017257967963814735
6861,0.018911436200141907
6862,0.019605429843068123
6863,0.01740330457687378
6864,0.01876934990286827
6865,0.01684579998254776
6866,0.01612134277820587
6867,0.01799630932509899
6868,0.025706682354211807
6869,0.018523449078202248
6870,0.026803188025951385
6871,0.01577106863260269
6872,0.02031535468995571
6873,0.0162730123847723
6874,0.017110085114836693
6875,0.015073108486831188
6876,0.022373121231794357
6877,0.018172673881053925
6878,0.019244596362113953
6879,0.018725086003541946
6880,0.015250934287905693
6881,0.017111562192440033
6882,0.017856916412711143
6883,0.016007155179977417
6884,0.01585651934146881
6885,0.016377199441194534
6886,0.023053523153066635
6887,0.016392089426517487
6888,0.015846654772758484
6889,0.015354765579104424
6890,0.01554763875901699
6891,0.014523150399327278
6892,0.023549076169729233
6893,0.0158636923879385
6894,0.01723054051399231
6895,0.01476426050066948
6896,0.016619889065623283
6897,0.020921310409903526
6898,0.015234455466270447
6899,0.042283009737730026
6900,0.016702726483345032
6901,0.01481666974723339
6902,0.020753730088472366
6903,0.01953457109630108
6904,0.017871256917715073
6905,0.025075159966945648
6906,0.023665916174650192
6907,0.01658574864268303
6908,0.015665952116250992
6909,0.016322344541549683
6910,0.01872706413269043
6911,0.015296331606805325
6912,0.01560942642390728
6913,0.06260804831981659
6914,0.015051424503326416
6915,0.017537303268909454
6916,0.018557829782366753
6917,0.014534544199705124
6918,0.02091696485877037
6919,0.015627261251211166
6920,0.01570439338684082
6921,0.01795731857419014
6922,0.029051344841718674
6923,0.018249496817588806
6924,0.022420864552259445
6925,0.027604108676314354
6926,0.05371373891830444
6927,0.0726565420627594
6928,0.017058927565813065
6929,0.01595955342054367
6930,0.015370013192296028
6931,0.046302199363708496
6932,0.015908125787973404
6933,0.1848711371421814
6934,0.01642249897122383
6935,0.017838411033153534
6936,0.01567280851304531
6937,0.017262417823076248
6938,0.016765130683779716
6939,0.019129306077957153
6940,0.021022524684667587
6941,0.06815378367900848
6942,0.015015901997685432
6943,0.015520366840064526
6944,0.015247995965182781
6945,0.016883663833141327
6946,0.016376417130231857
6947,0.033044613897800446
6948,0.018265770748257637
6949,0.022196009755134583
6950,0.01638878509402275
6951,0.01485106348991394
6952,0.015745308250188828
6953,0.01822124421596527
6954,0.018398035317659378
6955,0.0162823349237442
6956,0.014940483495593071
6957,0.01690547913312912
6958,0.015666615217924118
6959,0.017026351764798164
6960,0.015298327431082726
6961,0.03489157557487488
6962,0.018119823187589645
6963,0.01631668582558632
6964,0.10238379240036011
6965,0.018218180164694786
6966,0.01765088364481926
6967,0.016357628628611565
6968,0.016471102833747864
6969,0.023833921179175377
6970,0.016345739364624023
6971,0.01779288612306118
6972,0.0317046120762825
6973,0.016273973509669304
6974,0.01895046979188919
6975,0.017650488764047623
6976,0.01591320149600506
6977,0.017713407054543495
6978,0.035477954894304276
6979,0.01795312762260437
6980,0.019879868254065514
6981,0.017887987196445465
6982,0.01644560880959034
6983,0.017098475247621536
6984,0.0641612708568573
6985,0.02013269253075123
6986,0.07706433534622192
6987,0.022436276078224182
6988,0.01581745222210884
6989,0.028396140784025192
6990,0.0287118311971426
6991,0.01760977692902088
6992,0.04155205935239792
6993,0.02093758061528206
6994,0.02030005492269993
6995,0.7594351768493652
6996,0.023823602125048637
6997,0.01709195226430893
6998,0.016894284635782242
6999,0.019283680245280266
7000,0.01674126647412777
7001,0.06169591471552849
7002,0.017325013875961304
7003,0.01918896660208702
7004,0.015426099300384521
7005,0.017723005264997482
7006,0.017889119684696198
7007,0.7146322131156921
7008,0.03353805094957352
7009,0.024777760729193687
7010,0.017444973811507225
7011,0.030845344066619873
7012,0.02391655370593071
7013,0.02395247481763363
7014,0.03553304821252823
7015,0.5653176307678223
7016,0.051878225058317184
7017,0.06260266900062561
7018,0.034075092524290085
7019,0.020708581432700157
7020,0.0380476750433445
7021,0.04130008444190025
7022,0.03248049318790436
7023,0.027381082996726036
7024,0.050766728818416595
7025,0.0350191555917263
7026,0.02799949049949646
7027,0.022437982261180878
7028,0.023360460996627808
7029,0.040044452995061874
7030,0.02317478321492672
7031,0.023146694526076317
7032,0.025228118523955345
7033,0.023978253826498985
7034,0.023133713752031326
7035,0.06704529374837875
7036,0.02117961272597313
7037,0.019928131252527237
7038,0.05132260173559189
7039,0.020026152953505516
7040,0.023364035412669182
7041,0.030095353722572327
7042,0.022062066942453384
7043,0.019944455474615097
7044,0.02664029225707054
7045,0.019980626180768013
7046,0.021800173446536064
7047,0.017896421253681183
7048,0.4565318524837494
7049,0.0385938361287117
7050,0.026300719007849693
7051,0.024736087769269943
7052,0.033643998205661774
7053,0.019839268177747726
7054,0.020902303978800774
7055,0.020514225587248802
7056,0.018599597737193108
7057,0.017439253628253937
7058,0.018189452588558197
7059,0.02062349207699299
7060,0.017041761428117752
7061,0.018180711194872856
7062,0.056542497128248215
7063,0.023483803495764732
7064,0.019200118258595467
7065,0.01640845090150833
7066,0.019443251192569733
7067,0.01880583167076111
7068,0.01752891018986702
7069,0.01876170188188553
7070,0.024845048785209656
7071,0.018053974956274033
7072,0.01588546484708786
7073,0.017186693847179413
7074,0.015881452709436417
7075,0.07821225374937057
7076,0.01739118993282318
7077,0.017127245664596558
7078,0.017731964588165283
7079,0.043661072850227356
7080,0.01667671650648117
7081,0.019787438213825226
7082,0.016404015943408012
7083,0.017302144318819046
7084,0.02568662166595459
7085,0.24035273492336273
7086,0.018783438950777054
7087,0.018736673519015312
7088,0.016489339992403984
7089,0.022934723645448685
7090,0.021953610703349113
7091,0.02452201023697853
7092,0.018330097198486328
7093,0.018079228699207306
7094,0.016531875357031822
7095,0.01637510396540165
7096,0.01719515398144722
7097,0.01714245229959488
7098,0.023602694272994995
7099,0.016824034973978996
7100,0.017174432054162025
7101,0.016592063009738922
7102,0.025543322786688805
7103,0.03175686299800873
7104,0.01954028382897377
7105,0.018316425383090973
7106,0.017364628612995148
7107,0.018522959202528
7108,0.09209643304347992
7109,0.020506400614976883
7110,0.024930477142333984
7111,0.017748525366187096
7112,0.03072364628314972
7113,0.022053059190511703
7114,0.016601352021098137
7115,0.02808685600757599
7116,0.020443612709641457
7117,0.020119279623031616
7118,0.024215228855609894
7119,0.07146873325109482
7120,0.21469002962112427
7121,0.07628565281629562
7122,0.030018910765647888
7123,0.020421618595719337
7124,0.039423488080501556
7125,0.02988552674651146
7126,0.03658608719706535
7127,0.03774403780698776
7128,0.07032386213541031
7129,0.03887558728456497
7130,0.024418678134679794
7131,0.02248651534318924
7132,0.030840089544653893
7133,0.04052184522151947
7134,0.025872182101011276
7135,0.029815319925546646
7136,0.040512021631002426
7137,0.040961068123579025
7138,0.030164746567606926
7139,0.025834448635578156
7140,0.02202724479138851
7141,0.025686457753181458
7142,0.4998229742050171
7143,0.027438033372163773
7144,0.03703794628381729
7145,0.03913072869181633
7146,0.026886707171797752
7147,0.046763770282268524
7148,0.030366217717528343
7149,0.055534303188323975
7150,0.03979930281639099
7151,0.029458677396178246
7152,0.5450823307037354
7153,0.02420702576637268
7154,0.022183295339345932
7155,0.02544054388999939
7156,0.025417786091566086
7157,0.02026611752808094
7158,0.021305404603481293
7159,0.028329480439424515
7160,0.021742580458521843
7161,0.056271761655807495
7162,0.027704373002052307
7163,0.01989678479731083
7164,0.022094912827014923
7165,0.025986161082983017
7166,0.020994335412979126
7167,0.020115364342927933
7168,0.020011726766824722
7169,0.017793722450733185
7170,0.018700813874602318
7171,0.01845841482281685
7172,0.24382665753364563
7173,0.02618691325187683
7174,0.02919348143041134
7175,0.02719642035663128
7176,0.02248077653348446
7177,0.033069103956222534
7178,0.024985721334815025
7179,0.02124960534274578
7180,0.021710604429244995
7181,0.02813386544585228
7182,0.02301754616200924
7183,0.0220619048923254
7184,0.02184569090604782
7185,0.019619397819042206
7186,0.019139517098665237
7187,0.021525030955672264
7188,0.022462818771600723
7189,0.2698414623737335
7190,0.03955214470624924
7191,0.052950259298086166
7192,0.029691118746995926
7193,0.03799661621451378
7194,0.03683215379714966
7195,0.030720602720975876
7196,0.0366414412856102
7197,0.08581369370222092
7198,0.028688132762908936
7199,0.032100610435009
7200,0.02495143562555313
7201,0.025862455368041992
7202,0.026410695165395737
7203,0.02457393705844879
7204,0.025069838389754295
7205,0.03182068467140198
7206,0.02411704510450363
7207,0.14174343645572662
7208,0.025332322344183922
7209,0.2191290259361267
7210,0.022922951728105545
7211,0.029643675312399864
7212,0.02048286609351635
7213,0.02484438195824623
7214,0.025339467450976372
7215,0.13055947422981262
7216,0.023684708401560783
7217,0.023681899532675743
7218,0.02444249391555786
7219,0.020897967740893364
7220,0.021808739751577377
7221,0.020933514460921288
7222,0.02116946130990982
7223,0.020907454192638397
7224,0.021729661151766777
7225,0.13512587547302246
7226,0.03375823423266411
7227,0.022565115243196487
7228,0.03065716288983822
7229,0.02131452038884163
7230,0.0822792500257492
7231,0.019366249442100525
7232,0.03926916420459747
7233,0.017954913899302483
7234,0.024750690907239914
7235,0.01722816191613674
7236,0.018602048978209496
7237,0.01842341013252735
7238,0.03424965590238571
7239,0.021116068586707115
7240,0.018371718004345894
7241,0.16537386178970337
7242,0.01954990066587925
7243,0.02101033739745617
7244,0.022495053708553314
7245,0.01788441278040409
7246,0.021543357521295547
7247,0.01895754411816597
7248,0.0202346108853817
7249,0.019285161048173904
7250,0.024912044405937195
7251,0.03897958621382713
7252,0.026534846052527428
7253,0.02188906818628311
7254,0.01681796833872795
7255,0.022447194904088974
7256,0.022547222673892975
7257,0.3206113576889038
7258,0.04393448680639267
7259,0.046380870044231415
7260,0.023066427558660507
7261,0.03237606957554817
7262,0.03288506343960762
7263,0.023439787328243256
7264,0.02178298309445381
7265,0.027419771999120712
7266,0.02619124948978424
7267,0.08998170495033264
7268,0.02775253914296627
7269,0.020028403028845787
7270,0.1474114954471588
7271,0.024594660848379135
7272,0.02120758593082428
7273,0.018446745350956917
7274,0.020239219069480896
7275,0.021470870822668076
7276,0.020177554339170456
7277,0.016912441700696945
7278,0.10104944556951523
7279,0.03733942657709122
7280,0.01838834211230278
7281,0.016822228208184242
7282,0.01743628829717636
7283,0.023203663527965546
7284,0.018539052456617355
7285,0.016720358282327652
7286,0.01877235248684883
7287,0.05393769592046738
7288,0.01754079759120941
7289,0.015581842511892319
7290,0.0165246669203043
7291,0.01839541085064411
7292,0.018449340015649796
7293,0.04276251792907715
7294,0.016906097531318665
7295,0.017489707097411156
7296,0.017414873465895653
7297,0.016966799274086952
7298,0.01834525167942047
7299,0.018425505608320236
7300,0.016215672716498375
7301,0.02392597496509552
7302,0.016842715442180634
7303,0.015817709267139435
7304,0.016778159886598587
7305,0.015816859900951385
7306,0.01595301181077957
7307,0.017355646938085556
7308,0.04145178198814392
7309,0.01458815298974514
7310,0.01632658764719963
7311,0.016666516661643982
7312,0.021051134914159775
7313,0.015157519839704037
7314,0.01565738208591938
7315,0.016618797555565834
7316,0.017933089286088943
7317,0.03611568734049797
7318,0.01609296351671219
7319,0.015664808452129364
7320,0.01484602503478527
7321,0.01479936670511961
7322,0.01836661621928215
7323,0.01743314415216446
7324,0.016036031767725945
7325,0.015077769756317139
7326,0.015145222656428814
7327,0.020295467227697372
7328,0.015954066067934036
7329,0.02356775663793087
7330,0.01462335791438818
7331,0.014129593968391418
7332,0.01585964486002922
7333,0.014470076188445091
7334,0.015969345346093178
7335,0.014820985496044159
7336,0.058794450014829636
7337,0.07428806275129318
7338,0.01882961392402649
7339,0.015775151550769806
7340,0.023553555831313133
7341,0.015578247606754303
7342,0.02058129571378231
7343,0.0347399078309536
7344,0.016595100983977318
7345,0.03111700713634491
7346,0.025769084692001343
7347,0.015927890315651894
7348,0.01992623135447502
7349,0.015330150723457336
7350,0.014546623453497887
7351,0.020993893966078758
7352,0.021824335679411888
7353,0.014881066046655178
7354,0.01705070026218891
7355,0.01476137526333332
7356,0.014494121074676514
7357,0.015374090522527695
7358,0.02292797528207302
7359,0.015545347705483437
7360,0.01581902988255024
7361,0.014865296892821789
7362,0.02212979644536972
7363,0.015463094227015972
7364,0.015255887061357498
7365,0.014848567545413971
7366,0.015564857050776482
7367,0.019437145441770554
7368,0.01895604096353054
7369,0.014566282741725445
7370,0.017322814092040062
7371,0.014581754803657532
7372,0.01556270569562912
7373,0.15139350295066833
7374,0.05415862426161766
7375,0.0242686178535223
7376,0.01550656370818615
7377,0.02494320645928383
7378,0.01883827894926071
7379,0.01680728793144226
7380,0.017994403839111328
7381,0.020745500922203064
7382,0.015133237466216087
7383,0.015600455924868584
7384,0.040325865149497986
7385,0.01705685257911682
7386,0.04976990446448326
7387,0.02296137809753418
7388,0.03008875623345375
7389,0.018622294068336487
7390,0.01498608198016882
7391,0.0232889112085104
7392,0.015491344034671783
7393,0.030777644366025925
7394,0.01712619699537754
7395,0.015574641525745392
7396,0.027544528245925903
7397,0.01493094488978386
7398,0.016197510063648224
7399,0.01899101212620735
7400,0.015384234488010406
7401,0.017008822411298752
7402,0.01698313280940056
7403,0.025423821061849594
7404,0.01596827059984207
7405,0.014895356260240078
7406,0.02140352688729763
7407,0.058283574879169464
7408,0.01613641530275345
7409,0.01739608868956566
7410,0.020625397562980652
7411,0.014821256510913372
7412,0.016281889751553535
7413,0.016512347385287285
7414,0.05185429006814957
7415,0.015316489152610302
7416,0.018542682752013206
7417,0.014658864587545395
7418,0.015095687471330166
7419,0.0176069475710392
7420,0.016475655138492584
7421,0.013903003185987473
7422,0.03474942222237587
7423,0.015545530244708061
7424,0.0229909997433424
7425,0.013535614125430584
7426,0.016205374151468277
7427,0.014093908481299877
7428,0.01597156748175621
7429,0.030273206532001495
7430,0.050823234021663666
7431,0.014900978654623032
7432,0.017191272228956223
7433,0.016038917005062103
7434,0.01679364964365959
7435,0.7145715951919556
7436,0.015954500064253807
7437,0.04573407024145126
7438,0.01620343141257763
7439,0.014268605969846249
7440,0.016240980476140976
7441,0.014554357156157494
7442,0.024944432079792023
7443,0.016997473314404488
7444,0.015139862895011902
7445,0.09303703159093857
7446,0.015510804019868374
7447,0.020351486280560493
7448,0.015180569142103195
7449,0.01580153778195381
7450,0.02333221398293972
7451,0.015009164810180664
7452,0.015357797965407372
7453,0.01570916175842285
7454,0.014646939933300018
7455,0.01601780392229557
7456,0.01604427397251129
7457,0.017392028123140335
7458,0.017063383013010025
7459,0.013818792998790741
7460,0.06771831214427948
7461,0.019752176478505135
7462,0.020366564393043518
7463,0.019447021186351776
7464,0.017095010727643967
7465,0.016533832997083664
7466,0.023362651467323303
7467,0.01601846143603325
7468,0.019477874040603638
7469,0.018392860889434814
7470,0.015935588628053665
7471,0.022313177585601807
7472,0.016335520893335342
7473,0.015112645924091339
7474,0.022760523483157158
7475,0.01910967379808426
7476,0.015970060601830482
7477,0.01644003950059414
7478,0.01628803089261055
7479,0.016763631254434586
7480,0.058058690279722214
7481,0.019185803830623627
7482,0.015985894948244095
7483,0.014963402412831783
7484,0.01547200232744217
7485,0.016074316576123238
7486,0.01574215106666088
7487,0.0388571172952652
7488,0.017414426431059837
7489,0.01474396325647831
7490,0.014078817330300808
7491,0.045440346002578735
7492,0.01691577397286892
7493,0.016057908535003662
7494,0.014442241750657558
7495,0.01505253091454506
7496,0.018613498657941818
7497,0.014878075569868088
7498,0.03034067526459694
7499,0.016859648749232292
7500,0.021384408697485924
7501,0.015859995037317276
7502,0.013970352709293365
7503,0.016014404594898224
7504,0.013267560862004757
7505,0.014509442262351513
7506,0.014945353381335735
7507,0.015120408497750759
7508,0.015349775552749634
7509,0.016005229204893112
7510,0.013383502140641212
7511,0.014069406315684319
7512,0.014118127524852753
7513,0.013895797543227673
7514,0.014792527072131634
7515,0.014196800999343395
7516,0.014457272365689278
7517,0.012924140319228172
7518,0.014495503157377243
7519,0.019990716129541397
7520,0.014400633983314037
7521,0.015662141144275665
7522,0.01595023088157177
7523,0.014141343533992767
7524,0.015060855075716972
7525,0.013911078684031963
7526,0.015715986490249634
7527,0.013991947285830975
7528,0.015082063153386116
7529,0.015262214466929436
7530,0.01258411817252636
7531,0.03625382483005524
7532,0.013614458963274956
7533,0.014721037819981575
7534,0.014342913404107094
7535,0.02941695600748062
7536,0.015720386058092117
7537,0.13166765868663788
7538,0.026090964674949646
7539,0.014818748459219933
7540,0.020048044621944427
7541,0.019586581736803055
7542,0.029555123299360275
7543,0.01917494833469391
7544,0.015759505331516266
7545,0.014168964698910713
7546,0.01596108078956604
7547,0.017903368920087814
7548,0.01830233633518219
7549,0.01617925986647606
7550,0.018017414957284927
7551,0.015184691175818443
7552,0.01784374937415123
7553,0.015701284632086754
7554,0.01604386791586876
7555,0.016744859516620636
7556,0.023321684449911118
7557,0.014162031933665276
7558,0.014665113762021065
7559,0.04524935409426689
7560,0.014795385301113129
7561,0.02097017876803875
7562,0.02700357884168625
7563,0.015115748159587383
7564,0.01434323936700821
7565,0.015616217628121376
7566,0.015998313203454018
7567,0.033111572265625
7568,0.017276782542467117
7569,0.015750285238027573
7570,0.019598962739109993
7571,0.01761089824140072
7572,0.01505059190094471
7573,0.02070041373372078
7574,0.015209699980914593
7575,0.4828861355781555
7576,0.014204117469489574
7577,0.014044827781617641
7578,0.014725024811923504
7579,0.01585957035422325
7580,0.019401416182518005
7581,0.014135513454675674
7582,0.5235295295715332
7583,0.016570135951042175
7584,0.014525366947054863
7585,0.014674456790089607
7586,0.018558291718363762
7587,0.014845086261630058
7588,0.01389587577432394
7589,0.062152229249477386
7590,0.01588636077940464
7591,0.02066889777779579
7592,0.014342914335429668
7593,0.017549382522702217
7594,0.01509305089712143
7595,0.11651669442653656
7596,0.019252410158514977
7597,0.020971549674868584
7598,0.013849573209881783
7599,0.019398247823119164
7600,0.027104243636131287
7601,0.015574604272842407
7602,0.0182489100843668
7603,0.019825313240289688
7604,0.04547587037086487
7605,0.019748520106077194
7606,0.023792915046215057
7607,0.02026747539639473
7608,0.02019365504384041
7609,0.01792941428720951
7610,0.01576845906674862
7611,0.016249634325504303
7612,0.016271378844976425
7613,0.01613788679242134
7614,0.016202040016651154
7615,0.01607946678996086
7616,0.016312170773744583
7617,0.052730243653059006
7618,0.015138155780732632
7619,0.024669943377375603
7620,0.01674623042345047
7621,0.021791353821754456
7622,0.015299221500754356
7623,0.01932588592171669
7624,0.03519081696867943
7625,0.015876218676567078
7626,0.017620719969272614
7627,0.013873863965272903
7628,0.015138613991439342
7629,0.015058743767440319
7630,0.015820592641830444
7631,0.014566872268915176
7632,0.017779730260372162
7633,0.0634784996509552
7634,0.01693103462457657
7635,0.022285111248493195
7636,0.01845957711338997
7637,0.016224710270762444
7638,0.015834715217351913
7639,0.024359699338674545
7640,0.014102320186793804
7641,0.020083658397197723
7642,0.01465087290853262
7643,0.015031310729682446
7644,0.019350862130522728
7645,0.01514018326997757
7646,0.014092262834310532
7647,0.014737941324710846
7648,0.016185812652111053
7649,0.023185214027762413
7650,0.014622307382524014
7651,0.014100268483161926
7652,0.020830728113651276
7653,0.022878672927618027
7654,0.015064920298755169
7655,0.013358203694224358
7656,0.015614229254424572
7657,0.014367683790624142
7658,0.014320094138383865
7659,0.012926827184855938
7660,0.013022183440625668
7661,0.01466523390263319
7662,0.014148013666272163
7663,0.022291075438261032
7664,0.02270703762769699
7665,0.01599518209695816
7666,0.01273574959486723
7667,0.013466729782521725
7668,0.021846067160367966
7669,0.013586550951004028
7670,0.015129871666431427
7671,0.10935170948505402
7672,0.01282850094139576
7673,0.01696762815117836
7674,0.014296348206698895
7675,0.01707085222005844
7676,0.015363693237304688
7677,0.01358550414443016
7678,0.016068821772933006
7679,0.014082945883274078
7680,0.5646171569824219
7681,0.023510456085205078
7682,0.03126799687743187
7683,0.06574776023626328
7684,0.029727190732955933
7685,0.05603499338030815
7686,0.04255133122205734
7687,0.018677163869142532
7688,0.015000047162175179
7689,0.015394521877169609
7690,0.03196685016155243
7691,0.01811205968260765
7692,0.018106307834386826
7693,0.015789994969964027
7694,0.015185294672846794
7695,0.15881535410881042
7696,0.020569175481796265
7697,0.023325031623244286
7698,0.04074417054653168
7699,0.023108001798391342
7700,0.02497440204024315
7701,0.022614572197198868
7702,0.0193452388048172
7703,0.050782665610313416
7704,0.016368623822927475
7705,0.023409247398376465
7706,0.020839586853981018
7707,0.02391008846461773
7708,0.021412067115306854
7709,0.03132139891386032
7710,0.01710081845521927
7711,0.0311559047549963
7712,0.017661329358816147
7713,0.017352132126688957
7714,0.029184749349951744
7715,0.01651805266737938
7716,0.017070921137928963
7717,0.016291817650198936
7718,0.021296508610248566
7719,0.014491727575659752
7720,0.01743834838271141
7721,0.030771460384130478
7722,0.016607746481895447
7723,0.01598639227449894
7724,0.01417521946132183
7725,0.015440846793353558
7726,0.014628281816840172
7727,0.016551245003938675
7728,0.01421273685991764
7729,0.014775200746953487
7730,0.01968151144683361
7731,0.013911262154579163
7732,0.014486735686659813
7733,0.014753777533769608
7734,0.01416490413248539
7735,0.013528222218155861
7736,0.01955759897828102
7737,0.01446203887462616
7738,0.01396164856851101
7739,0.013941648416221142
7740,0.013783996924757957
7741,0.012543204240500927
7742,0.015895819291472435
7743,0.012996837496757507
7744,0.012760793790221214
7745,0.015262799337506294
7746,0.015391547232866287
7747,0.014757931232452393
7748,0.01482425443828106
7749,0.013603637926280499
7750,0.013221172615885735
7751,0.014989711344242096
7752,0.01692257449030876
7753,0.012992019765079021
7754,0.015194560401141644
7755,0.015125492587685585
7756,0.017079489305615425
7757,0.014254252426326275
7758,0.015390396118164062
7759,0.013916458003222942
7760,0.015461447648704052
7761,0.08088482171297073
7762,0.015325027517974377
7763,0.015922244638204575
7764,0.02047218754887581
7765,0.020541124045848846
7766,0.04016154259443283
7767,0.025496741756796837
7768,0.01902814395725727
7769,0.02182251773774624
7770,0.016338292509317398
7771,0.014125685207545757
7772,0.014253444969654083
7773,0.013944718986749649
7774,0.015249382704496384
7775,0.01441379077732563
7776,0.019653376191854477
7777,0.015000421553850174
7778,0.014726489782333374
7779,0.01347256451845169
7780,0.014326324686408043
7781,0.012592951767146587
7782,0.021354906260967255
7783,0.019994977861642838
7784,0.01511114276945591
7785,0.01865062117576599
7786,0.028610359877347946
7787,0.013486765325069427
7788,0.015551804564893246
7789,0.013783775269985199
7790,0.01493087038397789
7791,0.01509142480790615
7792,0.014407309703528881
7793,0.015146709978580475
7794,0.11623387038707733
7795,0.01660899817943573
7796,0.021309006959199905
7797,0.015794385224580765
7798,0.5347155332565308
7799,0.016008902341127396
7800,0.019314713776111603
7801,0.015391083434224129
7802,0.01718027889728546
7803,0.016479378566145897
7804,0.016160093247890472
7805,0.06683620810508728
7806,0.106864333152771
7807,0.03858771547675133
7808,0.027303515002131462
7809,0.0860467404127121
7810,0.034686796367168427
7811,0.03443295508623123
7812,0.018471449613571167
7813,0.04552365839481354
7814,0.02084464393556118
7815,0.01741964742541313
7816,0.017714746296405792
7817,0.03247002512216568
7818,0.030520891770720482
7819,0.024213960394263268
7820,0.019909176975488663
7821,0.02165263518691063
7822,0.04135588929057121
7823,0.019178448244929314
7824,0.02236679196357727
7825,0.02038329653441906
7826,0.01601148582994938
7827,0.02082103304564953
7828,0.016358068212866783
7829,0.05611821264028549
7830,0.02266588620841503
7831,0.027312520891427994
7832,0.020891128107905388
7833,0.016207322478294373
7834,0.014509191736578941
7835,0.017424598336219788
7836,0.028407087549567223
7837,0.01618269830942154
7838,0.01637902669608593
7839,0.021245647221803665
7840,0.018372830003499985
7841,0.055524181574583054
7842,0.02622429095208645
7843,0.018633371219038963
7844,0.015328675508499146
7845,0.03164170682430267
7846,0.03723538666963577
7847,0.01711142063140869
7848,0.015817027539014816
7849,0.03566942363977432
7850,0.014675579033792019
7851,0.21680894494056702
7852,0.024296408519148827
7853,0.018509641289711
7854,0.019925564527511597
7855,0.019234567880630493
7856,0.02223307453095913
7857,0.017284002155065536
7858,0.018515044823288918
7859,0.017108850181102753
7860,0.015827767550945282
7861,0.11200147867202759
7862,0.03306715562939644
7863,0.029712647199630737
7864,0.022057730704545975
7865,0.023702403530478477
7866,0.10026302188634872
7867,0.03371044620871544
7868,0.03372332081198692
7869,0.023635227233171463
7870,0.020039528608322144
7871,0.026833713054656982
7872,0.03541719913482666
7873,0.022118419408798218
7874,0.024429133161902428
7875,0.03899112716317177
7876,0.03446240723133087
7877,0.0281806793063879
7878,0.022598691284656525
7879,0.022431883960962296
7880,0.022328896448016167
7881,0.020945077762007713
7882,0.05166935920715332
7883,0.02111043594777584
7884,0.06194236874580383
7885,0.04442128166556358
7886,0.042400237172842026
7887,0.024644574150443077
7888,0.0371377170085907
7889,0.026142841205000877
7890,0.034944336861371994
7891,0.02635543793439865
7892,0.025768350809812546
7893,0.020396333187818527
7894,0.02364898845553398
7895,0.024948574602603912
7896,0.024759545922279358
7897,0.024605438113212585
7898,0.017893915995955467
7899,0.029867565259337425
7900,0.025638215243816376
7901,0.02382463961839676
7902,0.03886771574616432
7903,0.015280838124454021
7904,0.01773756369948387
7905,0.01998654007911682
7906,0.017237674444913864
7907,0.016426704823970795
7908,0.020918987691402435
7909,0.05334709212183952
7910,0.022991102188825607
7911,0.020280351862311363
7912,0.01661674678325653
7913,0.014887889847159386
7914,0.032960280776023865
7915,0.016890395432710648
7916,0.01775345578789711
7917,0.01529364287853241
7918,0.016858834773302078
7919,0.02244478091597557
7920,0.018050655722618103
7921,0.3701704144477844
7922,0.024712665006518364
7923,0.05059657618403435
7924,0.017418261617422104
7925,0.015196733176708221
7926,0.017051611095666885
7927,0.01632131263613701
7928,0.014496870338916779
7929,0.014096727594733238
7930,0.04862723872065544
7931,0.018740056082606316
7932,0.022655155509710312
7933,0.015181638300418854
7934,0.032337483018636703
7935,0.014533495530486107
7936,0.02090827003121376
7937,0.01779817044734955
7938,0.015159200876951218
7939,0.014567114412784576
7940,0.016108401119709015
7941,0.014491911977529526
7942,0.021537698805332184
7943,0.015398746356368065
7944,0.018339671194553375
7945,0.013929533772170544
7946,0.01456308551132679
7947,0.023807227611541748
7948,0.016337014734745026
7949,0.01396909635514021
7950,0.013603558763861656
7951,0.014441892504692078
7952,0.014867721125483513
7953,0.08792470395565033
7954,0.013640506193041801
7955,0.015648556873202324
7956,0.013926409184932709
7957,0.015114843845367432
7958,0.014380614273250103
7959,0.2561360001564026
7960,0.023559605702757835
7961,0.01839352399110794
7962,0.013477949425578117
7963,0.016538523137569427
7964,0.018997447565197945
7965,0.018157601356506348
7966,0.014032520353794098
7967,0.0168242659419775
7968,0.0176992230117321
7969,0.04177894443273544
7970,0.10330954194068909
7971,0.04005861654877663
7972,0.027989353984594345
7973,0.015534447506070137
7974,0.0243673212826252
7975,0.06181728094816208
7976,0.03165425360202789
7977,0.01655304804444313
7978,0.03796664625406265
7979,0.029463831335306168
7980,0.01971389353275299
7981,0.03825005888938904
7982,0.025654008612036705
7983,0.023706238716840744
7984,0.02168848179280758
7985,0.026462018489837646
7986,0.18193495273590088
7987,0.02315363846719265
7988,0.024246670305728912
7989,0.03160037100315094
7990,0.039503082633018494
7991,0.026297099888324738
7992,0.026983603835105896
7993,0.019924361258745193
7994,0.01757376827299595
7995,0.020590633153915405
7996,0.01961771585047245
7997,0.021394168958067894
7998,0.01809018850326538
7999,0.018293574452400208
8000,0.03250817954540253
8001,0.017140408977866173
8002,0.015503376722335815
8003,0.0181544441729784
8004,0.037781983613967896
8005,0.08472438156604767
8006,0.01888628676533699
8007,0.01975775882601738
8008,0.019236883148550987
8009,0.01699455827474594
8010,0.014938089065253735
8011,0.01420522015541792
8012,0.045092903077602386
8013,0.01503078918904066
8014,0.015610136091709137
8015,0.016521260142326355
8016,0.014008721336722374
8017,0.017879176884889603
8018,0.014962735585868359
8019,0.08191222697496414
8020,0.01693788357079029
8021,0.016033068299293518
8022,0.016890423372387886
8023,0.01758767105638981
8024,0.015377990901470184
8025,0.033580854535102844
8026,0.015411553904414177
8027,0.014301903545856476
8028,0.014922281727194786
8029,0.01653285138309002
8030,0.014139662496745586
8031,0.015563040971755981
8032,0.015435840003192425
8033,0.014000593684613705
8034,0.7358746528625488
8035,0.04134523868560791
8036,0.017105570062994957
8037,0.015173608437180519
8038,0.017033476382493973
8039,0.018727105110883713
8040,0.01675763912498951
8041,0.017094505950808525
8042,0.015210136771202087
8043,0.016201337799429893
8044,0.024511991068720818
8045,0.025989197194576263
8046,0.017802482470870018
8047,0.01686268299818039
8048,0.019881272688508034
8049,0.06030774861574173
8050,0.055139005184173584
8051,0.036970362067222595
8052,0.03036116622388363
8053,0.20082056522369385
8054,0.10701830685138702
8055,0.11487140506505966
8056,0.03041837178170681
8057,0.06679201126098633
8058,0.07725943624973297
8059,0.060380831360816956
8060,0.05493422970175743
8061,0.06491269171237946
8062,0.059578340500593185
8063,0.042030539363622665
8064,0.04389004409313202
8065,0.05156285688281059
8066,0.03586767986416817
8067,0.030067041516304016
8068,0.046111296862363815
8069,0.03821548819541931
8070,0.032648153603076935
8071,0.03374452888965607
8072,0.030982747673988342
8073,0.027777642011642456
8074,0.02576475404202938
8075,0.03063935600221157
8076,0.03297436982393265
8077,0.031015418469905853
8078,0.024117451161146164
8079,0.027343085035681725
8080,0.026318205520510674
8081,0.023554418236017227
8082,0.023990457877516747
8083,0.02057383954524994
8084,0.019658977165818214
8085,0.019811108708381653
8086,0.022548183798789978
8087,0.01987326145172119
8088,0.02055852673947811
8089,0.019889384508132935
8090,0.018682092428207397
8091,0.01961902156472206
8092,0.018915606662631035
8093,0.016230858862400055
8094,0.017353778705000877
8095,0.05426754802465439
8096,0.021655527874827385
8097,0.06225816160440445
8098,0.01917039416730404
8099,0.07905992865562439
8100,0.020308995619416237
8101,0.018866276368498802
8102,0.040813054889440536
8103,0.01969991996884346
8104,0.019682133570313454
8105,0.019875667989253998
8106,0.017968013882637024
8107,0.10301195085048676
8108,0.01873079128563404
8109,0.019003242254257202
8110,0.01972997933626175
8111,0.05394776910543442
8112,0.021782413125038147
8113,0.029162144288420677
8114,0.02089083194732666
8115,0.016773642972111702
8116,0.023383911699056625
8117,0.02142905257642269
8118,0.020200632512569427
8119,0.018651869148015976
8120,0.018494268879294395
8121,0.020037444308400154
8122,0.018030712381005287
8123,0.016967734321951866
8124,0.01795114576816559
8125,0.017234303057193756
8126,0.03337068483233452
8127,0.019264668226242065
8128,0.019543481990695
8129,0.01721729338169098
8130,0.015494296327233315
8131,0.017972521483898163
8132,0.016671888530254364
8133,0.016486268490552902
8134,0.015399551019072533
8135,0.015594209544360638
8136,0.015571234747767448
8137,0.017113596200942993
8138,0.018359366804361343
8139,0.015266552567481995
8140,0.017168285325169563
8141,0.015847548842430115
8142,0.01725693605840206
8143,0.014491918496787548
8144,0.03897519409656525
8145,0.01640138030052185
8146,0.01746799796819687
8147,0.01704266481101513
8148,0.014400072395801544
8149,0.016332566738128662
8150,0.024545669555664062
8151,0.018544219434261322
8152,0.01636645942926407
8153,0.014160333201289177
8154,0.019175684079527855
8155,0.015609150752425194
8156,0.01408827118575573
8157,0.015507303178310394
8158,0.01446665357798338
8159,0.01409793458878994
8160,0.01527896337211132
8161,0.014362308196723461
8162,0.032400354743003845
8163,0.014243511483073235
8164,0.01575324684381485
8165,0.014023443683981895
8166,0.013794006779789925
8167,0.01421700231730938
8168,0.012552885338664055
8169,0.019290883094072342
8170,0.015426933765411377
8171,0.014480012468993664
8172,0.013261744752526283
8173,0.017881348729133606
8174,0.012446841225028038
8175,0.7893550395965576
8176,0.0178543608635664
8177,0.04779079556465149
8178,0.014798523858189583
8179,0.017636779695749283
8180,0.017455071210861206
8181,0.014475828036665916
8182,0.013540120795369148
8183,0.014250146225094795
8184,0.015086773782968521
8185,0.013543682172894478
8186,0.012921536341309547
8187,0.014466831460595131
8188,0.014865562319755554
8189,0.015300053171813488
8190,0.013515482656657696
8191,0.013935619965195656
8192,0.013407651335000992
8193,0.04505404829978943
8194,0.013606554828584194
8195,0.013285843655467033
8196,0.01280143391340971
8197,0.014210071414709091
8198,0.013984556309878826
8199,0.018549898639321327
8200,0.013734179548919201
8201,0.018200509250164032
8202,0.015749942511320114
8203,0.013974453322589397
8204,0.019238896667957306
8205,0.014799028635025024
8206,0.02817651256918907
8207,0.012392276898026466
8208,0.01365603320300579
8209,0.013084886595606804
8210,0.015458652749657631
8211,0.013021152466535568
8212,0.012258771806955338
8213,0.02329857647418976
8214,0.014024825766682625
8215,0.04999639838933945
8216,0.24245482683181763
8217,0.04095941781997681
8218,0.0190447848290205
8219,0.012807662598788738
8220,0.017349526286125183
8221,0.014245307072997093
8222,0.014242615550756454
8223,0.014877332374453545
8224,0.018912188708782196
8225,0.024982264265418053
8226,0.024996837601065636
8227,0.01636381819844246
8228,0.012782703153789043
8229,0.015616929158568382
8230,0.014688415452837944
8231,0.013906124979257584
8232,0.01949058473110199
8233,0.014959000051021576
8234,0.055303968489170074
8235,0.018882866948843002
8236,0.021621406078338623
8237,0.015274038538336754
8238,0.014588356018066406
8239,0.0173035841435194
8240,0.02109410986304283
8241,0.032132577151060104
8242,0.034221746027469635
8243,0.015559829771518707
8244,0.019689437001943588
8245,0.2799539566040039
8246,0.027571408078074455
8247,0.021150678396224976
8248,0.01653945818543434
8249,0.014676555059850216
8250,0.017343483865261078
8251,0.038148391991853714
8252,0.0237877294421196
8253,0.013781680725514889
8254,0.015494300052523613
8255,0.016123710200190544
8256,0.02257457934319973
8257,0.014867288991808891
8258,0.017866576090455055
8259,0.015811901539564133
8260,0.015309140086174011
8261,0.01571362093091011
8262,0.07686542719602585
8263,0.017700575292110443
8264,0.0241730734705925
8265,0.07638099789619446
8266,0.2103610634803772
8267,0.021952684968709946
8268,0.023628026247024536
8269,0.015636146068572998
8270,0.021681535989046097
8271,0.01875692792236805
8272,0.014325312338769436
8273,0.015728183090686798
8274,0.023446207866072655
8275,0.015326152555644512
8276,0.018697146326303482
8277,0.020239466801285744
8278,0.017182011157274246
8279,0.01709243468940258
8280,0.016819363459944725
8281,0.03423301875591278
8282,0.021042466163635254
8283,0.017474498599767685
8284,0.01659300923347473
8285,0.041499942541122437
8286,0.025712450966238976
8287,0.02043595165014267
8288,0.027688799425959587
8289,0.020479470491409302
8290,0.015181533992290497
8291,0.020068738609552383
8292,0.014922969043254852
8293,0.018696777522563934
8294,0.018553143367171288
8295,0.015931440517306328
8296,0.018381940200924873
8297,0.02169574424624443
8298,0.015902362763881683
8299,0.015393294394016266
8300,0.014519857242703438
8301,0.019565856084227562
8302,0.013146661221981049
8303,0.31641852855682373
8304,0.01707080751657486
8305,0.02102401852607727
8306,0.014743666164577007
8307,0.01895090378820896
8308,0.02247646078467369
8309,0.01711980253458023
8310,0.013930214568972588
8311,0.03022877685725689
8312,0.14834928512573242
8313,0.02332424372434616
8314,0.029360368847846985
8315,0.020483441650867462
8316,0.018421750515699387
8317,0.02446138486266136
8318,0.026740044355392456
8319,0.018936343491077423
8320,0.01967829279601574
8321,0.05030573531985283
8322,0.01628178171813488
8323,0.34394538402557373
8324,0.023777728900313377
8325,0.09798898547887802
8326,0.02767924778163433
8327,0.017643602564930916
8328,0.01653599552810192
8329,0.03445340692996979
8330,0.021142087876796722
8331,0.017792006954550743
8332,0.021357491612434387
8333,0.05839863419532776
8334,0.026331838220357895
8335,0.025300998240709305
8336,0.017243828624486923
8337,0.01730114221572876
8338,0.01838565431535244
8339,0.016812501475214958
8340,0.016135690733790398
8341,0.0297724436968565
8342,0.01644381694495678
8343,0.017960112541913986
8344,0.016326995566487312
8345,0.013725362718105316
8346,0.015245458111166954
8347,0.0158645398914814
8348,0.01795065775513649
8349,0.013763852417469025
8350,0.016396332532167435
8351,0.01626281812787056
8352,0.014635579660534859
8353,0.015460784547030926
8354,0.015065932646393776
8355,0.013463251292705536
8356,0.013168014585971832
8357,0.025819677859544754
8358,0.024644900113344193
8359,0.01798415556550026
8360,0.015226757153868675
8361,0.013310874812304974
8362,0.040177278220653534
8363,0.08907437324523926
8364,0.02251979522407055
8365,0.02551291696727276
8366,0.017344437539577484
8367,0.017517581582069397
8368,0.2780771851539612
8369,0.020286021754145622
8370,0.017245713621377945
8371,0.01625535637140274
8372,0.029878076165914536
8373,0.018048586323857307
8374,0.014903529547154903
8375,0.01800132356584072
8376,0.016669247299432755
8377,0.01649349555373192
8378,0.015767250210046768
8379,0.06645545363426208
8380,0.04708443209528923
8381,0.023617258295416832
8382,0.02495911344885826
8383,0.12687698006629944
8384,0.021433871239423752
8385,0.02141687273979187
8386,0.017303524538874626
8387,0.044203829020261765
8388,0.016812987625598907
8389,0.017424939200282097
8390,0.016152488067746162
8391,0.015925496816635132
8392,0.01466885581612587
8393,0.015378875657916069
8394,0.05621286481618881
8395,0.6494414806365967
8396,0.022461455315351486
8397,0.045481711626052856
8398,0.022520503029227257
8399,0.018008820712566376
8400,0.01659441739320755
8401,0.028537467122077942
8402,0.04611101746559143
8403,0.020570246502757072
8404,0.02882317826151848
8405,0.015786059200763702
8406,0.022276561707258224
8407,0.016184266656637192
8408,0.038052529096603394
8409,0.01376437209546566
8410,0.01801525615155697
8411,0.1135881170630455
8412,0.024601375684142113
8413,0.028784241527318954
8414,0.018185479566454887
8415,0.016916364431381226
8416,0.022937849164009094
8417,0.01901121437549591
8418,0.05805204436182976
8419,0.01892678439617157
8420,0.023017343133687973
8421,0.018811112269759178
8422,0.01612870953977108
8423,0.0184466652572155
8424,0.031428974121809006
8425,0.017063314095139503
8426,0.014808081090450287
8427,0.026460275053977966
8428,0.017572324723005295
8429,0.015645969659090042
8430,0.013598717749118805
8431,0.10042902082204819
8432,0.0206955187022686
8433,0.022412976250052452
8434,0.017000123858451843
8435,0.016055680811405182
8436,0.01944521814584732
8437,0.017017574980854988
8438,0.015153538435697556
8439,0.01933996006846428
8440,0.020339876413345337
8441,0.08065954595804214
8442,0.17702226340770721
8443,0.02148572728037834
8444,0.020511433482170105
8445,0.016224777325987816
8446,0.01848924160003662
8447,0.02031422220170498
8448,0.13990120589733124
8449,0.03180129453539848
8450,0.03561178222298622
8451,0.018225979059934616
8452,0.01784438267350197
8453,0.19096021354198456
8454,0.02341911569237709
8455,0.04089560732245445
8456,0.024140048772096634
8457,0.022638782858848572
8458,0.02199353277683258
8459,0.10762919485569
8460,0.02293156087398529
8461,0.025867532938718796
8462,0.026738187298178673
8463,0.027341358363628387
8464,0.03843817114830017
8465,0.017915792763233185
8466,0.02151717245578766
8467,0.021190594881772995
8468,0.05598638579249382
8469,0.017755649983882904
8470,0.01867867447435856
8471,0.03755277022719383
8472,0.02449764683842659
8473,0.01994607411324978
8474,0.01809803396463394
8475,0.03619995713233948
8476,0.03818720579147339
8477,0.02206389233469963
8478,0.019223138689994812
8479,0.04427339881658554
8480,0.01895911991596222
8481,0.017924515530467033
8482,0.04802258312702179
8483,0.0160689540207386
8484,0.01593594066798687
8485,0.374356210231781
8486,0.02032455801963806
8487,0.2516590356826782
8488,0.018049463629722595
8489,0.019654931500554085
8490,0.01891547068953514
8491,0.019757552072405815
8492,0.032254330813884735
8493,0.01984190009534359
8494,0.01762731373310089
8495,0.02123015746474266
8496,0.015036366879940033
8497,0.0151903685182333
8498,0.015591545030474663
8499,0.02157006226480007
8500,0.01527292188256979
8501,0.013309212401509285
8502,0.016798434779047966
8503,0.018451489508152008
8504,0.015870627015829086
8505,0.015954652801156044
8506,0.014865345321595669
8507,0.04557269811630249
8508,0.028299203142523766
8509,0.018704868853092194
8510,0.018078498542308807
8511,0.17213445901870728
8512,0.025039520114660263
8513,0.023570742458105087
8514,0.019728604704141617
8515,0.04003582522273064
8516,0.06637467443943024
8517,0.036674559116363525
8518,0.019431792199611664
8519,0.019406218081712723
8520,0.1640927791595459
8521,0.036174558103084564
8522,0.04011910781264305
8523,0.047885872423648834
8524,0.03176750987768173
8525,0.061068907380104065
8526,0.03711920976638794
8527,0.03845871984958649
8528,0.02841014787554741
8529,0.08633798360824585
8530,0.018624577671289444
8531,0.03863731026649475
8532,0.07312722504138947
8533,0.02573213540017605
8534,0.02273588627576828
8535,0.025923006236553192
8536,0.11167111247777939
8537,0.02361876890063286
8538,0.05676688998937607
8539,0.018294669687747955
8540,0.01896064169704914
8541,0.021356254816055298
8542,0.02145226299762726
8543,0.019534099847078323
8544,0.017557445913553238
8545,0.019259557127952576
8546,0.020635969936847687
8547,0.018820255994796753
8548,0.01956687495112419
8549,0.024455662816762924
8550,0.03219768404960632
8551,0.01666722260415554
8552,0.015608525834977627
8553,0.013869288377463818
8554,0.015615047886967659
8555,0.01650393009185791
8556,0.015788860619068146
8557,0.014533227309584618
8558,0.014979716390371323
8559,0.015299960039556026
8560,0.012548176571726799
8561,0.016042236238718033
8562,0.018665196374058723
8563,0.01530504785478115
8564,0.01574144884943962
8565,0.022813349962234497
8566,0.016784440726041794
8567,0.013832609169185162
8568,0.0386861190199852
8569,0.015677234157919884
8570,0.015552117489278316
8571,0.017787981778383255
8572,0.04049594700336456
8573,0.014096442610025406
8574,0.013228913769125938
8575,0.018388865515589714
8576,0.014032220467925072
8577,0.015466762706637383
8578,0.017912158742547035
8579,0.02543826773762703
8580,0.014828214421868324
8581,0.013880359940230846
8582,0.011893967166543007
8583,0.03633001446723938
8584,0.014083005487918854
8585,0.014047002419829369
8586,0.013665113598108292
8587,0.01496122032403946
8588,0.013165882788598537
8589,0.017221352085471153
8590,0.013189452700316906
8591,0.018104027956724167
8592,0.014308763667941093
8593,0.013144886121153831
8594,0.014151588082313538
8595,0.012911131605505943
8596,0.016695529222488403
8597,0.016066554933786392
8598,0.016500301659107208
8599,0.01718086190521717
8600,0.01319202035665512
8601,0.013401064090430737
8602,0.013316363096237183
8603,0.013693912886083126
8604,0.01985548809170723
8605,0.012585284188389778
8606,0.012487869709730148
8607,0.01232987456023693
8608,0.012230493128299713
8609,0.01279819943010807
8610,0.014994412660598755
8611,0.03603699803352356
8612,0.01405741274356842
8613,0.014082571491599083
8614,0.018636588007211685
8615,0.014635764062404633
8616,0.01362278126180172
8617,0.013866147957742214
8618,0.021000457927584648
8619,0.012787978164851665
8620,0.013606783002614975
8621,0.013931489549577236
8622,0.013780343346297741
8623,0.013903035782277584
8624,0.04051930829882622
8625,0.01452907919883728
8626,0.013948069885373116
8627,0.013707222416996956
8628,0.01237090677022934
8629,0.013021040707826614
8630,0.012920776382088661
8631,0.016545169055461884
8632,0.012503264471888542
8633,0.012296192348003387
8634,0.012891136109828949
8635,0.011632437817752361
8636,0.013063235208392143
8637,0.01493524294346571
8638,0.012394003570079803
8639,0.013081199489533901
8640,0.49785637855529785
8641,0.013985983096063137
8642,0.018705429509282112
8643,0.01284766010940075
8644,0.014831705018877983
8645,0.01506664790213108
8646,0.013231644406914711
8647,0.014568006619811058
8648,0.015100030228495598
8649,0.012552458792924881
8650,0.01747245155274868
8651,0.05626187473535538
8652,0.017269490286707878
8653,0.014396041631698608
8654,0.015974363312125206
8655,0.013597197830677032
8656,0.015570725314319134
8657,0.013345625251531601
8658,0.02201083116233349
8659,0.0132924048230052
8660,0.04093048721551895
8661,0.01355596911162138
8662,0.014469347894191742
8663,0.018593523651361465
8664,0.012700922787189484
8665,0.01536322757601738
8666,0.015263920649886131
8667,0.013717373833060265
8668,0.01632467657327652
8669,0.022190436720848083
8670,0.013797100633382797
8671,0.014568260870873928
8672,0.012528210878372192
8673,0.01552339643239975
8674,0.01717279478907585
8675,0.013524338603019714
8676,0.03960823267698288
8677,0.015200482681393623
8678,0.013268344104290009
8679,0.012414525263011456
8680,0.012699771672487259
8681,0.024613093584775925
8682,0.012268837541341782
8683,0.01525600254535675
8684,0.013291398994624615
8685,0.012926275841891766
8686,0.01611991412937641
8687,0.012230241671204567
8688,0.012716076336801052
8689,0.023603936657309532
8690,0.07057015597820282
8691,0.01488763839006424
8692,0.013274826109409332
8693,0.012999020516872406
8694,0.015029216185212135
8695,0.015061664395034313
8696,0.013023806735873222
8697,0.012592701241374016
8698,0.012730872258543968
8699,0.012282862327992916
8700,0.013087891042232513
8701,0.012746185064315796
8702,0.014114059507846832
8703,0.013802994042634964
8704,0.01221957802772522
8705,0.013090385124087334
8706,0.015548932366073132
8707,0.019156690686941147
8708,0.013230768963694572
8709,0.012337563559412956
8710,0.012662339024245739
8711,0.012199655175209045
8712,0.011957748793065548
8713,0.012364118359982967
8714,0.012338994070887566
8715,0.012456408701837063
8716,0.04436401277780533
8717,0.011636432260274887
8718,0.012356443330645561
8719,0.01196066103875637
8720,0.019590269774198532
8721,0.011560291051864624
8722,0.012208409607410431
8723,0.014513964764773846
8724,0.011809665709733963
8725,0.016762984916567802
8726,0.05366773530840874
8727,0.05636367201805115
8728,0.013570254668593407
8729,0.048329781740903854
8730,0.013351607136428356
8731,0.013326337561011314
8732,0.012434987351298332
8733,0.013195673935115337
8734,0.05236092209815979
8735,0.03741861879825592
8736,0.012616584077477455
8737,0.01313364040106535
8738,0.0221188273280859
8739,0.017921308055520058
8740,0.021414970979094505
8741,0.024638574570417404
8742,0.09229292720556259
8743,0.02341923862695694
8744,0.03347565978765488
8745,0.1674223244190216
8746,0.021761901676654816
8747,0.017225809395313263
8748,0.025444423779845238
8749,0.0359991118311882
8750,0.013599961996078491
8751,0.020772680640220642
8752,0.011513158679008484
8753,0.013754482381045818
8754,0.013204757124185562
8755,0.013363733887672424
8756,0.011822998523712158
8757,0.012411239556968212
8758,0.01402030698955059
8759,0.06916302442550659
8760,0.013394597917795181
8761,0.046976976096630096
8762,0.017141330987215042
8763,0.10115035623311996
8764,0.02015792764723301
8765,0.011628612875938416
8766,0.014405879192054272
8767,0.04156584292650223
8768,0.014055284671485424
8769,0.028125202283263206
8770,0.013485372066497803
8771,0.012703074142336845
8772,0.030307095497846603
8773,0.011112309992313385
8774,0.013161065988242626
8775,0.012363707646727562
8776,0.013356104493141174
8777,0.025585567578673363
8778,0.011543321423232555
8779,0.012273243628442287
8780,0.012979737482964993
8781,0.018980635330080986
8782,0.01169506087899208
8783,0.014409962110221386
8784,0.012920388951897621
8785,0.012564129196107388
8786,0.0158948116004467
8787,0.011635939590632915
8788,0.012858763337135315
8789,0.013332306407392025
8790,0.010889805853366852
8791,0.01930629275739193
8792,0.023448023945093155
8793,0.012503966689109802
8794,0.01355668157339096
8795,0.012121958658099174
8796,0.012301355600357056
8797,0.33858489990234375
8798,0.013787093572318554
8799,0.012886452488601208
8800,0.017077937722206116
8801,0.01365719921886921
8802,0.01234811544418335
8803,0.011696470901370049
8804,0.012960538268089294
8805,0.01215856522321701
8806,0.01571684703230858
8807,0.013424123637378216
8808,0.05221548303961754
8809,0.020235136151313782
8810,0.019491149112582207
8811,0.01680171862244606
8812,0.01876259408891201
8813,0.14353255927562714
8814,0.02200603112578392
8815,0.026393763720989227
8816,0.025184839963912964
8817,0.016425348818302155
8818,0.02161136269569397
8819,0.018083101138472557
8820,0.01791003718972206
8821,0.020793603733181953
8822,0.047899723052978516
8823,0.015154841355979443
8824,0.018285676836967468
8825,0.017342975363135338
8826,0.01798938401043415
8827,0.16085122525691986
8828,0.01808464527130127
8829,0.022544201463460922
8830,0.020666562020778656
8831,0.7510568499565125
8832,0.02396005392074585
8833,0.24925540387630463
8834,0.019938111305236816
8835,0.020983701571822166
8836,0.031618133187294006
8837,0.02810847759246826
8838,0.04611986503005028
8839,0.031933046877384186
8840,0.023693714290857315
8841,0.016085738316178322
8842,0.039993155747652054
8843,0.04384072870016098
8844,0.10079436749219894
8845,0.03249412029981613
8846,0.03520359843969345
8847,0.025546377524733543
8848,0.023738056421279907
8849,0.053972095251083374
8850,0.0232658963650465
8851,0.025610174983739853
8852,0.025105725973844528
8853,0.02206410840153694
8854,0.037643514573574066
8855,0.017282823100686073
8856,0.04111376404762268
8857,0.016675962135195732
8858,0.01579993963241577
8859,0.017851732671260834
8860,0.018807433545589447
8861,0.6910910606384277
8862,0.017226140946149826
8863,0.01918710395693779
8864,0.017713066190481186
8865,0.018343888223171234
8866,0.016148461028933525
8867,0.016780123114585876
8868,0.017579536885023117
8869,0.0184372216463089
8870,0.014677770435810089
8871,0.015392336063086987
8872,0.020086077973246574
8873,0.016816530376672745
8874,0.016005881130695343
8875,0.03595764935016632
8876,0.016621340066194534
8877,0.0162726491689682
8878,0.022386066615581512
8879,0.1857263296842575
8880,0.019226914271712303
8881,0.01877089962363243
8882,0.013849049806594849
8883,0.0238468199968338
8884,0.0250605046749115
8885,0.03088364005088806
8886,0.01694793812930584
8887,0.018347065895795822
8888,0.015432550571858883
8889,0.014980520121753216
8890,0.0239381305873394
8891,0.021203024312853813
8892,0.02177335135638714
8893,0.020809806883335114
8894,0.014995535835623741
8895,0.07595290243625641
8896,0.04171057045459747
8897,0.026890432462096214
8898,0.023798983544111252
8899,0.016360096633434296
8900,0.2906647324562073
8901,0.019567372277379036
8902,0.017791081219911575
8903,0.015038589015603065
8904,0.020520009100437164
8905,0.017557887360453606
8906,0.015919355675578117
8907,0.017810484394431114
8908,0.01566898822784424
8909,0.029950972646474838
8910,0.01353355310857296
8911,0.015532187186181545
8912,0.014100275933742523
8913,0.014979347586631775
8914,0.014799386262893677
8915,0.013482455164194107
8916,0.02298058196902275
8917,0.014708059839904308
8918,0.015236837789416313
8919,0.02327301725745201
8920,0.05360579490661621
8921,0.02150609716773033
8922,0.03054009936749935
8923,0.015598010271787643
8924,0.013059294782578945
8925,0.4726007580757141
8926,0.02615562081336975
8927,0.056114181876182556
8928,0.026294006034731865
8929,0.017403429374098778
8930,0.015183499082922935
8931,0.022976187989115715
8932,0.021620526909828186
8933,0.015994584187865257
8934,0.033146873116493225
8935,0.05352703854441643
8936,0.019446149468421936
8937,0.018747109919786453
8938,0.021670836955308914
8939,0.020894302055239677
8940,0.019450796768069267
8941,0.01609455980360508
8942,0.015589146874845028
8943,0.01724354177713394
8944,0.015107701532542706
8945,0.015046291053295135
8946,0.013278748840093613
8947,0.09329625964164734
8948,0.015004493296146393
8949,0.015399796888232231
8950,0.013796178624033928
8951,0.02431044541299343
8952,0.014969006180763245
8953,0.014893706887960434
8954,0.05635873228311539
8955,0.05234988033771515
8956,0.015941906720399857
8957,0.014103112742304802
8958,0.04604127258062363
8959,0.025180872529745102
8960,0.015237185172736645
8961,0.016689322888851166
8962,0.02081369422376156
8963,0.01505167968571186
8964,0.04835253208875656
8965,0.013465548865497112
8966,0.13524273037910461
8967,0.015184756368398666
8968,0.015359176322817802
8969,0.01907208561897278
8970,0.014327259734272957
8971,0.013632985763251781
8972,0.013405772857367992
8973,0.013960140757262707
8974,0.02062734216451645
8975,0.014467964880168438
8976,0.01418825052678585
8977,0.06614391505718231
8978,0.023035496473312378
8979,0.03665217012166977
8980,0.014866764657199383
8981,0.01409358810633421
8982,0.055728234350681305
8983,0.01531471312046051
8984,0.01889849826693535
8985,0.014623015187680721
8986,0.012717373669147491
8987,0.017258623614907265
8988,0.013879543170332909
8989,0.04240047559142113
8990,0.012391838245093822
8991,0.013785521499812603
8992,0.01469359826296568
8993,0.03409375995397568
8994,0.013907520100474358
8995,0.013825394213199615
8996,0.01350914966315031
8997,0.02598506584763527
8998,0.017725303769111633
8999,0.012716508470475674
9000,0.013024261221289635
9001,0.02349785529077053
9002,0.011657757684588432
9003,0.011705121025443077
9004,0.07689473032951355
9005,0.012323757633566856
9006,0.011709455400705338
9007,0.012441011145710945
9008,0.016481202095746994
9009,0.013020029291510582
9010,0.01800987869501114
9011,0.01171102374792099
9012,0.011941957287490368
9013,0.024462811648845673
9014,0.011522412300109863
9015,0.012459352612495422
9016,0.012361052446067333
9017,0.013455483131110668
9018,0.013273902237415314
9019,0.011599121615290642
9020,0.011463075876235962
9021,0.012080727145075798
9022,0.011503145098686218
9023,0.011308647692203522
9024,0.012569256126880646
9025,0.011972956359386444
9026,0.03436104953289032
9027,0.01214963011443615
9028,0.011688347905874252
9029,0.011146584525704384
9030,0.011118054389953613
9031,0.012065066955983639
9032,0.012703532353043556
9033,0.014055228792130947
9034,0.010558009147644043
9035,0.025006791576743126
9036,0.011930200271308422
9037,0.012129138223826885
9038,0.017320064827799797
9039,0.011777088046073914
9040,0.014146585017442703
9041,0.011317245662212372
9042,0.010665008798241615
9043,0.09886418282985687
9044,0.01197690051048994
9045,0.014038696885108948
9046,0.013943647965788841
9047,0.014389380812644958
9048,0.016645660623908043
9049,0.013892488554120064
9050,0.017313197255134583
9051,0.019915971904993057
9052,0.013312486931681633
9053,0.013338836841285229
9054,0.019678525626659393
9055,0.017755895853042603
9056,0.011984970420598984
9057,0.02912900224328041
9058,0.012246644124388695
9059,0.012501062825322151
9060,0.011515684425830841
9061,0.012212604284286499
9062,0.020563049241900444
9063,0.012994099408388138
9064,0.012509465217590332
9065,0.012137239798903465
9066,0.011144587770104408
9067,0.015687324106693268
9068,0.011858562938869
9069,0.012612098827958107
9070,0.03532041609287262
9071,0.02022412046790123
9072,0.012521176598966122
9073,0.01178885530680418
9074,0.01194482110440731
9075,0.011905110441148281
9076,0.027160674333572388
9077,0.018256746232509613
9078,0.013795223087072372
9079,0.011835719458758831
9080,0.016218064352869987
9081,0.012821009382605553
9082,0.010411940515041351
9083,0.012935011647641659
9084,0.013096108101308346
9085,0.011375447735190392
9086,0.012459106743335724
9087,0.02566763386130333
9088,0.011316826567053795
9089,0.013397603295743465
9090,0.011938958428800106
9091,0.013778168708086014
9092,0.011616572737693787
9093,0.011605511419475079
9094,0.01237946655601263
9095,0.011418233625590801
9096,0.01831679418683052
9097,0.01177755743265152
9098,0.011077795177698135
9099,0.32816630601882935
9100,0.011863982304930687
9101,0.012428853660821915
9102,0.01188255287706852
9103,0.013501170091331005
9104,0.019038615748286247
9105,0.012591823935508728
9106,0.013673692010343075
9107,0.013623865321278572
9108,0.011977652087807655
9109,0.013151172548532486
9110,0.016064127907156944
9111,0.013075215741991997
9112,0.011763187125325203
9113,0.010823707096278667
9114,0.011123687028884888
9115,0.01868497207760811
9116,0.022645141929388046
9117,0.016831105574965477
9118,0.01525569986552
9119,0.012579396367073059
9120,0.015892839059233665
9121,0.6804983019828796
9122,0.024473778903484344
9123,0.03574006259441376
9124,0.016724132001399994
9125,0.020596304908394814
9126,0.02538289502263069
9127,0.021585308015346527
9128,0.04612039774656296
9129,0.01927129365503788
9130,0.018757518380880356
9131,0.02426752820611
9132,0.015338711440563202
9133,0.01767631247639656
9134,0.026475390419363976
9135,0.016168050467967987
9136,0.021618222817778587
9137,0.01660274714231491
9138,0.018726710230112076
9139,0.014059561304748058
9140,0.019251344725489616
9141,0.03400241583585739
9142,0.01904759183526039
9143,0.01929294876754284
9144,0.016565248370170593
9145,0.01664012297987938
9146,0.015593066811561584
9147,0.015841107815504074
9148,0.015140633098781109
9149,0.03595109283924103
9150,0.020551176741719246
9151,0.01916946843266487
9152,0.2072189748287201
9153,0.02266990765929222
9154,0.01917734369635582
9155,0.015452582389116287
9156,0.021653389558196068
9157,0.42138588428497314
9158,0.019593924283981323
9159,0.025655820965766907
9160,0.017365440726280212
9161,0.016901392489671707
9162,0.019811388105154037
9163,0.024893593043088913
9164,0.019747436046600342
9165,0.02109694480895996
9166,0.026933012530207634
9167,0.013904385268688202
9168,0.03510817512869835
9169,0.015332716517150402
9170,0.015379021875560284
9171,0.1510387361049652
9172,0.021196309477090836
9173,0.01875278353691101
9174,0.3655797839164734
9175,0.020502950996160507
9176,0.014376084320247173
9177,0.015407919883728027
9178,0.18049566447734833
9179,0.017423687502741814
9180,0.031873997300863266
9181,0.020113205537199974
9182,0.01720600016415119
9183,0.018016228452324867
9184,0.09366529434919357
9185,0.017014723271131516
9186,0.026088178157806396
9187,0.022716961801052094
9188,0.01730325073003769
9189,0.016987036913633347
9190,0.324582040309906
9191,0.026535745710134506
9192,0.035217463970184326
9193,0.03425326198339462
9194,0.016947122290730476
9195,0.022245844826102257
9196,0.08630110323429108
9197,0.04863389581441879
9198,0.17528991401195526
9199,0.03465423732995987
9200,0.03534259274601936
9201,0.07471637427806854
9202,0.030894964933395386
9203,0.05022966489195824
9204,0.03265906497836113
9205,0.036881521344184875
9206,0.03314487263560295
9207,0.029601439833641052
9208,0.02138635516166687
9209,0.02005539834499359
9210,0.023959916085004807
9211,0.02865663915872574
9212,0.02103326842188835
9213,0.018071822822093964
9214,0.020091962069272995
9215,0.04245027154684067
9216,0.04040206968784332
9217,0.02910461090505123
9218,0.02074255794286728
9219,0.018035683780908585
9220,0.056168846786022186
9221,0.03627350553870201
9222,0.01582927256822586
9223,0.01921137422323227
9224,0.01767759956419468
9225,0.015744302421808243
9226,0.013361439108848572
9227,0.026571307331323624
9228,0.02214125357568264
9229,0.013296766206622124
9230,0.014234043657779694
9231,0.014181084930896759
9232,0.01443149708211422
9233,0.7338272929191589
9234,0.017367087304592133
9235,0.015520654618740082
9236,0.015375500544905663
9237,0.014501425437629223
9238,0.015089060179889202
9239,0.028925742954015732
9240,0.015370926819741726
9241,0.015671588480472565
9242,0.01321311667561531
9243,0.014173144474625587
9244,0.013209933415055275
9245,0.015697134658694267
9246,0.11113974452018738
9247,0.017160458490252495
9248,0.019128840416669846
9249,0.016707085072994232
9250,0.013363569974899292
9251,0.018876980990171432
9252,0.015460128895938396
9253,0.018370850011706352
9254,0.01762838289141655
9255,0.013376633636653423
9256,0.015326684340834618
9257,0.01363766472786665
9258,0.01329572033137083
9259,0.03372497484087944
9260,0.017160221934318542
9261,0.016662221401929855
9262,0.012459362857043743
9263,0.013153893873095512
9264,0.01956058293581009
9265,0.012583720497786999
9266,0.013691755943000317
9267,0.014712071977555752
9268,0.01477152481675148
9269,0.012069265358150005
9270,0.020520569756627083
9271,0.012170728296041489
9272,0.012033335864543915
9273,0.011466337367892265
9274,0.01170622929930687
9275,0.011678002774715424
9276,0.01196510624140501
9277,0.011140845715999603
9278,0.01152884028851986
9279,0.012171837501227856
9280,0.010624336078763008
9281,0.013530366122722626
9282,0.010427404195070267
9283,0.011564257554709911
9284,0.014215206727385521
9285,0.016731619834899902
9286,0.01097881980240345
9287,0.011382326483726501
9288,0.01637585461139679
9289,0.011014017276465893
9290,0.027970902621746063
9291,0.010849631391465664
9292,0.016202498227357864
9293,0.21404926478862762
9294,0.013032945804297924
9295,0.013054532930254936
9296,0.01069592870771885
9297,0.013431496918201447
9298,0.014558272436261177
9299,0.011970356106758118
9300,0.04130735248327255
9301,0.011073636822402477
9302,0.01372551079839468
9303,0.011724940501153469
9304,0.01100220438092947
9305,0.02560575306415558
9306,0.011879055760800838
9307,0.01138478796929121
9308,0.012501555494964123
9309,0.013335118070244789
9310,0.020848793908953667
9311,0.012441451661288738
9312,0.010429835878312588
9313,0.02550419047474861
9314,0.011421903036534786
9315,0.01220671646296978
9316,0.010392246767878532
9317,0.011865474283695221
9318,0.013407362625002861
9319,0.01116122305393219
9320,0.012195924296975136
9321,0.011522389948368073
9322,0.05961007624864578
9323,0.018695645034313202
9324,0.012640781700611115
9325,0.019114186987280846
9326,0.011717014014720917
9327,0.41492053866386414
9328,0.015158443711698055
9329,0.014226148836314678
9330,0.015580485574901104
9331,0.014936353079974651
9332,0.013485818170011044
9333,0.01281675510108471
9334,0.030479159206151962
9335,0.012198909185826778
9336,0.013131359592080116
9337,0.02245773933827877
9338,0.013907666318118572
9339,0.016336284577846527
9340,0.012576616369187832
9341,0.020499762147665024
9342,0.01175147294998169
9343,0.015026828274130821
9344,0.022578444331884384
9345,0.01238747127354145
9346,0.01253176387399435
9347,0.012005940079689026
9348,0.012198835611343384
9349,0.0111317727714777
9350,0.058686815202236176
9351,0.018419848755002022
9352,0.03126586973667145
9353,0.011051340028643608
9354,0.011776771396398544
9355,0.03351739048957825
9356,0.011714017018675804
9357,0.01329406164586544
9358,0.09595131874084473
9359,0.016896415501832962
9360,0.019402287900447845
9361,0.01188169326633215
9362,0.0345412939786911
9363,0.03974037617444992
9364,0.01180512085556984
9365,0.012326506897807121
9366,0.011833077296614647
9367,0.028352608904242516
9368,0.014010380022227764
9369,0.01572924666106701
9370,0.07187385857105255
9371,0.014740082435309887
9372,0.010804716497659683
9373,0.011142279021441936
9374,0.01164371520280838
9375,0.013313144445419312
9376,0.010682964697480202
9377,0.011266017332673073
9378,0.013340644538402557
9379,0.010931698605418205
9380,0.010749418288469315
9381,0.019201485440135002
9382,0.018937047570943832
9383,0.01192491315305233
9384,0.012163141742348671
9385,0.012861130759119987
9386,0.011340467259287834
9387,0.01626608707010746
9388,0.012125708162784576
9389,0.0118939857929945
9390,0.011224154382944107
9391,0.014378978870809078
9392,0.013085756450891495
9393,0.01062693726271391
9394,0.011450083926320076
9395,0.011383464559912682
9396,0.010953903198242188
9397,0.01545250415802002
9398,0.05277600884437561
9399,0.012893381528556347
9400,0.013368106447160244
9401,0.011207539588212967
9402,0.012271851301193237
9403,0.031060537323355675
9404,0.012261198833584785
9405,0.019704964011907578
9406,0.0344451405107975
9407,0.010396962985396385
9408,0.014063671231269836
9409,0.010437807068228722
9410,0.03820580244064331
9411,0.01483217068016529
9412,0.015322908759117126
9413,0.011182582937180996
9414,0.011479845270514488
9415,0.010431013070046902
9416,0.010127626359462738
9417,0.012486614286899567
9418,0.02596385031938553
9419,0.012332646176218987
9420,0.014550184831023216
9421,0.014877176843583584
9422,0.010722093284130096
9423,0.011935594491660595
9424,0.010274541564285755
9425,0.010530668310821056
9426,0.021209998056292534
9427,0.010797622613608837
9428,0.28431448340415955
9429,0.014536052942276001
9430,0.012185046449303627
9431,0.01337607391178608
9432,0.01183950062841177
9433,0.01137927733361721
9434,0.027528908103704453
9435,0.01167508028447628
9436,0.011152210645377636
9437,0.010295758955180645
9438,0.014032518491148949
9439,0.045278653502464294
9440,0.6426073312759399
9441,0.013613201677799225
9442,0.013386823236942291
9443,0.010772998444736004
9444,0.014828437939286232
9445,0.01184177678078413
9446,0.010079199448227882
9447,0.017233956605196
9448,0.01181415282189846
9449,0.011930279433727264
9450,0.01253008097410202
9451,0.08839356899261475
9452,0.03929602727293968
9453,0.016871199011802673
9454,0.01255237590521574
9455,0.01679201051592827
9456,0.3371153473854065
9457,0.01587696000933647
9458,0.030180886387825012
9459,0.017788123339414597
9460,0.02021508477628231
9461,0.022332269698381424
9462,0.019061457365751266
9463,0.017777884379029274
9464,0.04737226292490959
9465,0.015489453449845314
9466,0.014040805399417877
9467,0.01855851709842682
9468,0.015713674947619438
9469,0.0125362453982234
9470,0.014237141236662865
9471,0.015415090136229992
9472,0.10253965109586716
9473,0.03345608711242676
9474,0.024360742419958115
9475,0.018446531146764755
9476,0.027828406542539597
9477,0.016648000106215477
9478,0.03145429491996765
9479,0.026496902108192444
9480,0.01580977812409401
9481,0.014115563593804836
9482,0.03445745259523392
9483,0.027613727375864983
9484,0.020137595012784004
9485,0.023446455597877502
9486,0.023217832669615746
9487,0.014397216960787773
9488,0.028283149003982544
9489,0.01707550138235092
9490,0.013031496666371822
9491,0.08055661618709564
9492,0.01290321908891201
9493,0.01610945537686348
9494,0.026690004393458366
9495,0.08793692290782928
9496,0.015295307151973248
9497,0.017957698553800583
9498,0.015837710350751877
9499,0.0148963313549757
9500,0.015201650559902191
9501,0.013819899410009384
9502,0.014654750935733318
9503,0.012743473052978516
9504,0.011363527737557888
9505,0.017794877290725708
9506,0.0135171664878726
9507,0.06083466112613678
9508,0.029893964529037476
9509,0.11406028270721436
9510,0.02061150223016739
9511,0.014067811891436577
9512,0.020896531641483307
9513,0.024522315710783005
9514,0.017069047316908836
9515,0.022221028804779053
9516,0.01833842694759369
9517,0.01527080312371254
9518,0.014324195683002472
9519,0.2774185538291931
9520,0.021921319887042046
9521,0.024426020681858063
9522,0.015416299924254417
9523,0.027057012543082237
9524,0.018605533987283707
9525,0.01702875643968582
9526,0.01570732705295086
9527,0.015904027968645096
9528,0.0185325276106596
9529,0.030129801481962204
9530,0.01741158589720726
9531,0.017648162320256233
9532,0.016608674079179764
9533,0.015686452388763428
9534,0.015424377284944057
9535,0.015835583209991455
9536,0.027071772143244743
9537,0.016607148572802544
9538,0.01751500740647316
9539,0.019895462319254875
9540,0.03874794393777847
9541,0.018989408388733864
9542,0.018725711852312088
9543,0.016922619193792343
9544,0.016441278159618378
9545,0.016579002141952515
9546,0.013171171769499779
9547,0.014526775106787682
9548,0.011983787640929222
9549,0.013147993944585323
9550,0.7342583537101746
9551,0.04736843332648277
9552,0.08497543632984161
9553,0.04427807778120041
9554,0.020201796665787697
9555,0.03817190229892731
9556,0.04193031042814255
9557,0.027605127543210983
9558,0.025752734392881393
9559,0.023152895271778107
9560,0.027804812416434288
9561,0.032027196139097214
9562,0.033509351313114166
9563,0.02533077262341976
9564,0.0199783556163311
9565,0.32783040404319763
9566,0.11909347772598267
9567,0.03094862960278988
9568,0.02927188202738762
9569,0.027280837297439575
9570,0.036760032176971436
9571,0.0323173962533474
9572,0.03437308222055435
9573,0.02619323879480362
9574,0.019796457141637802
9575,0.01979653351008892
9576,0.04728281497955322
9577,0.06931602209806442
9578,0.02741677686572075
9579,0.03806032985448837
9580,0.04033280536532402
9581,0.17646634578704834
9582,0.03390680253505707
9583,0.03261716663837433
9584,0.04484843835234642
9585,0.046332698315382004
9586,0.0540672168135643
9587,0.025866365060210228
9588,0.0254522617906332
9589,0.019158735871315002
9590,0.02409442327916622
9591,0.023364640772342682
9592,0.05072186514735222
9593,0.0390191450715065
9594,0.02319600246846676
9595,0.02927236817777157
9596,0.022804327309131622
9597,0.024745885282754898
9598,0.020785098895430565
9599,0.03121715784072876
9600,0.01767064444720745
9601,0.02039186842739582
9602,0.017493437975645065
9603,0.01701623760163784
9604,0.020283419638872147
9605,0.01686309278011322
9606,0.5163228511810303
9607,0.02455883100628853
9608,0.02095654234290123
9609,0.018560227006673813
9610,0.020426839590072632
9611,0.1740608662366867
9612,0.05929011106491089
9613,0.02350829541683197
9614,0.03825390338897705
9615,0.02999909780919552
9616,0.026527922600507736
9617,0.02069699764251709
9618,0.03855203092098236
9619,0.019317476078867912
9620,0.039859671145677567
9621,0.02466866374015808
9622,0.01737615279853344
9623,0.022018110379576683
9624,0.02067488245666027
9625,0.019663006067276
9626,0.7646689414978027
9627,0.0706740990281105
9628,0.045389324426651
9629,0.022969573736190796
9630,0.07016274333000183
9631,0.027514562010765076
9632,0.0267324298620224
9633,0.046940259635448456
9634,0.024360056966543198
9635,0.08549817651510239
9636,0.030634691938757896
9637,0.039690423756837845
9638,0.03978557139635086
9639,0.03187614306807518
9640,0.029203785583376884
9641,0.023447295650839806
9642,0.030764762312173843
9643,0.03216373920440674
9644,0.03328760713338852
9645,0.03154382109642029
9646,0.04609046131372452
9647,0.023450640961527824
9648,0.02576461061835289
9649,0.021598918363451958
9650,0.021834466606378555
9651,0.017630362883210182
9652,0.0415775328874588
9653,0.017832918092608452
9654,0.01750246062874794
9655,0.0245332233607769
9656,0.02049049362540245
9657,0.017604930326342583
9658,0.017415836453437805
9659,0.017049124464392662
9660,0.04392213374376297
9661,0.01584456115961075
9662,0.015470417216420174
9663,0.014280442148447037
9664,0.013709606602787971
9665,0.019734367728233337
9666,0.013173630461096764
9667,0.014070450328290462
9668,0.013411475345492363
9669,0.01602410525083542
9670,0.019019819796085358
9671,0.01449648104608059
9672,0.01643240451812744
9673,0.011790069751441479
9674,0.012933357618749142
9675,0.012063223868608475
9676,0.013903370127081871
9677,0.012615097686648369
9678,0.011601350270211697
9679,0.011798469349741936
9680,0.18244999647140503
9681,0.02770046703517437
9682,0.04934011399745941
9683,0.013529231771826744
9684,0.023400843143463135
9685,0.032639406621456146
9686,0.030341466888785362
9687,0.01876690983772278
9688,0.014199260622262955
9689,0.018196625635027885
9690,0.01871619001030922
9691,0.02025330811738968
9692,0.014290662482380867
9693,0.01707662269473076
9694,0.017355935648083687
9695,0.017106372863054276
9696,0.013711074367165565
9697,0.013561129570007324
9698,0.06736057251691818
9699,0.022328956052660942
9700,0.03281380608677864
9701,0.044247906655073166
9702,0.02755758725106716
9703,0.016840491443872452
9704,0.020634949207305908
9705,0.39096277952194214
9706,0.03596954420208931
9707,0.09850180149078369
9708,0.13178959488868713
9709,0.06441545486450195
9710,0.08134207129478455
9711,0.05082192271947861
9712,0.05732820928096771
9713,0.058371298015117645
9714,0.06446520984172821
9715,0.052692897617816925
9716,0.040540002286434174
9717,0.03566257283091545
9718,0.03162837401032448
9719,0.03366733714938164
9720,0.03171161934733391
9721,0.04033379256725311
9722,0.036815278232097626
9723,0.13237351179122925
9724,0.027723921462893486
9725,0.02529194951057434
9726,0.05645562335848808
9727,0.024219682440161705
9728,0.028410393744707108
9729,0.026149313896894455
9730,0.025096949189901352
9731,0.019182194024324417
9732,0.021351588889956474
9733,0.019982976838946342
9734,0.019679367542266846
9735,0.040346384048461914
9736,0.020114095881581306
9737,0.036337047815322876
9738,0.048285357654094696
9739,0.01655883714556694
9740,0.01943211629986763
9741,0.01975291594862938
9742,0.01775391772389412
9743,0.03148514777421951
9744,0.01988041028380394
9745,0.021613389253616333
9746,0.01516314223408699
9747,0.01515592448413372
9748,0.015323122963309288
9749,0.013913476839661598
9750,0.01574094034731388
9751,0.017028292641043663
9752,0.016129732131958008
9753,0.1551617980003357
9754,0.015085242688655853
9755,0.014547730796039104
9756,0.01836143434047699
9757,0.015181025490164757
9758,0.02486833930015564
9759,0.013440996408462524
9760,0.01448124647140503
9761,0.024459637701511383
9762,0.013565950095653534
9763,0.014909910969436169
9764,0.023214174434542656
9765,0.012730336748063564
9766,0.01656438037753105
9767,0.01310353260487318
9768,0.01666834205389023
9769,0.012889157980680466
9770,0.014839584939181805
9771,0.01143680326640606
9772,0.02136019989848137
9773,0.012897685170173645
9774,0.060643892735242844
9775,0.014991778880357742
9776,0.013301452621817589
9777,0.012828628532588482
9778,0.012115071527659893
9779,0.22879576683044434
9780,0.013970179483294487
9781,0.014474205672740936
9782,0.015292203053832054
9783,0.013536075130105019
9784,0.017330393195152283
9785,0.0256853885948658
9786,0.014929970726370811
9787,0.01571504771709442
9788,0.07628049701452255
9789,0.016527067869901657
9790,0.05546845123171806
9791,0.02251402661204338
9792,0.020891418680548668
9793,0.016180701553821564
9794,0.01917877420783043
9795,0.025012290105223656
9796,0.012679478153586388
9797,0.01875244826078415
9798,0.017851080745458603
9799,0.013237999752163887
9800,0.013007745146751404
9801,0.018074991181492805
9802,0.015178627334535122
9803,0.012628222815692425
9804,0.014680134132504463
9805,0.11312836408615112
9806,0.037986524403095245
9807,0.015460973605513573
9808,0.016359154134988785
9809,0.015575907193124294
9810,0.0513729602098465
9811,0.014659743756055832
9812,0.014530748128890991
9813,0.014262668788433075
9814,0.013002577237784863
9815,0.01376880519092083
9816,0.023159146308898926
9817,0.012514937669038773
9818,0.01433774083852768
9819,0.012698258273303509
9820,0.014882557094097137
9821,0.012825652956962585
9822,0.012353982776403427
9823,0.015253650024533272
9824,0.011363517493009567
9825,0.012066399678587914
9826,0.01194863673299551
9827,0.012887824326753616
9828,0.013597024604678154
9829,0.011765329167246819
9830,0.010978594422340393
9831,0.015157932415604591
9832,0.0134699996560812
9833,0.01281767524778843
9834,0.011708639562129974
9835,0.011953692883253098
9836,0.013597763143479824
9837,0.012237700633704662
9838,0.015146601013839245
9839,0.010514776222407818
9840,0.010298414155840874
9841,0.012056677602231503
9842,0.011273721233010292
9843,0.013427048921585083
9844,0.011306088417768478
9845,0.043090127408504486
9846,0.012728719972074032
9847,0.014854894950985909
9848,0.012174626812338829
9849,0.041210003197193146
9850,0.014961760491132736
9851,0.010492644272744656
9852,0.010925877839326859
9853,0.010707559995353222
9854,0.0122962212190032
9855,0.010900059714913368
9856,0.01159687526524067
9857,0.04751162976026535
9858,0.011732034385204315
9859,0.011027049273252487
9860,0.05295034497976303
9861,0.02521187625825405
9862,0.018601853400468826
9863,0.013943562284111977
9864,0.012367352843284607
9865,0.013847116380929947
9866,0.013709880411624908
9867,0.014689948409795761
9868,0.014035811647772789
9869,0.024542083963751793
9870,0.033272869884967804
9871,0.23524275422096252
9872,0.019552156329154968
9873,0.015266582369804382
9874,0.015312058851122856
9875,0.017566051334142685
9876,0.014719732105731964
9877,0.01295258104801178
9878,0.028979528695344925
9879,0.011560298502445221
9880,0.012136748060584068
9881,0.012481327168643475
9882,0.013432602398097515
9883,0.011655952781438828
9884,0.011937826871871948
9885,0.01689157634973526
9886,0.013362149707973003
9887,0.01235906407237053
9888,0.021978378295898438
9889,0.013902443461120129
9890,0.010640988126397133
9891,0.14743778109550476
9892,0.014904933981597424
9893,0.013723565265536308
9894,0.011467304080724716
9895,0.013285341672599316
9896,0.012661117129027843
9897,0.012600510381162167
9898,0.011939069256186485
9899,0.013743937015533447
9900,0.014175433665513992
9901,0.011306888423860073
9902,0.03398294001817703
9903,0.011946178041398525
9904,0.011812441051006317
9905,0.011441005393862724
9906,0.01145714521408081
9907,0.010764261707663536
9908,0.011204523965716362
9909,0.014383070170879364
9910,0.011054711416363716
9911,0.04876158758997917
9912,0.012587605975568295
9913,0.013020120561122894
9914,0.012754194438457489
9915,0.012671510688960552
9916,0.019015327095985413
9917,0.01136565487831831
9918,0.009984771721065044
9919,0.010501472279429436
9920,0.0176902674138546
9921,0.017429254949092865
9922,0.012944482266902924
9923,0.4590917229652405
9924,0.013744662515819073
9925,0.024494092911481857
9926,0.015214428305625916
9927,0.012334240600466728
9928,0.014785749837756157
9929,0.033231623470783234
9930,0.011210018768906593
9931,0.009925762191414833
9932,0.019844917580485344
9933,0.019477766007184982
9934,0.013256145641207695
9935,0.011776953004300594
9936,0.01147257536649704
9937,0.012341427616775036
9938,0.015587689355015755
9939,0.02939721569418907
9940,0.01609259843826294
9941,0.014482426457107067
9942,0.011548045091331005
9943,0.01913183182477951
9944,0.04457894712686539
9945,0.01185529213398695
9946,0.4390062689781189
9947,0.025177277624607086
9948,0.024012044072151184
9949,0.013355362229049206
9950,0.016986340284347534
9951,0.022617533802986145
9952,0.013719659298658371
9953,0.02687552385032177
9954,0.01465058233588934
9955,0.011885223910212517
9956,0.056359149515628815
9957,0.015916453674435616
9958,0.02026604674756527
9959,0.01381453312933445
9960,0.02736591175198555
9961,0.04050415754318237
9962,0.01337132416665554
9963,0.012171211652457714
9964,0.014216268435120583
9965,0.014256860129535198
9966,0.012833928689360619
9967,0.011724299751222134
9968,0.02648468129336834
9969,0.013420681469142437
9970,0.012661093845963478
9971,0.3474512994289398
9972,0.017713196575641632
9973,0.01690991222858429
9974,0.02477302774786949
9975,0.015555704943835735
9976,0.031731534749269485
9977,0.6673473119735718
9978,0.018900468945503235
9979,0.03606140613555908
9980,0.014935526065528393
9981,0.296369343996048
9982,0.04395313188433647
9983,0.027496904134750366
9984,0.025252914056181908
9985,0.01880529522895813
9986,0.017738986760377884
9987,0.02369910478591919
9988,0.015817422419786453
9989,0.017147213220596313
9990,0.017323799431324005
9991,0.01816466823220253
9992,0.034798722714185715
9993,0.01337947603315115
9994,0.016647228971123695
9995,0.051981620490550995
9996,0.01643701270222664
9997,0.021440580487251282
9998,0.012497751042246819
9999,0.014720137231051922
10000,0.014164015650749207
10001,0.014537493698298931
10002,0.016237905248999596
10003,0.0157379861921072
10004,0.02183416858315468
10005,0.013863473199307919
10006,0.012169724330306053
10007,0.019747450947761536
10008,0.22902822494506836
10009,0.015175677835941315
10010,0.01725028082728386
10011,0.05277280509471893
10012,0.021485790610313416
10013,0.01418343000113964
10014,0.015074007213115692
10015,0.014430145733058453
10016,0.016315851360559464
10017,0.013480603694915771
10018,0.01310588326305151
10019,0.12781235575675964
10020,0.012609901838004589
10021,0.013612043112516403
10022,0.012710499577224255
10023,0.01238350011408329
10024,0.013355648145079613
10025,0.012063778936862946
10026,0.011806494556367397
10027,0.012852772139012814
10028,0.012069016695022583
10029,0.0382450707256794
10030,0.011719143018126488
10031,0.011938023380935192
10032,0.02000204287469387
10033,0.012023424729704857
10034,0.011280132457613945
10035,0.01122666709125042
10036,0.011232687160372734
10037,0.01996937021613121
10038,0.010695415548980236
10039,0.010562112554907799
10040,0.011651746928691864
10041,0.03343117982149124
10042,0.011081762611865997
10043,0.010384595952928066
10044,0.014676539227366447
10045,0.01198558695614338
10046,0.05068638548254967
10047,0.010878759436309338
10048,0.01554408110678196
10049,0.07073099911212921
10050,0.0177056472748518
10051,0.013927365653216839
10052,0.026146432384848595
10053,0.010111046954989433
10054,0.011852527968585491
10055,0.0212948527187109
10056,0.010541188530623913
10057,0.024823740124702454
10058,0.07475850731134415
10059,0.019188575446605682
10060,0.012348352000117302
10061,0.010393327102065086
10062,0.02078523114323616
10063,0.0134443249553442
10064,0.010941754095256329
10065,0.016873616725206375
10066,0.010581116192042828
10067,0.010120194405317307
10068,0.010130510665476322
10069,0.010330638848245144
10070,0.009572618640959263
10071,0.011884791776537895
10072,0.015676623210310936
10073,0.014877851121127605
10074,0.02185351774096489
10075,0.03165106475353241
10076,0.010565917938947678
10077,0.009037366136908531
10078,0.01072100829333067
10079,0.010947691276669502
10080,0.014375850558280945
10081,0.010415766388177872
10082,0.011339761316776276
10083,0.015253993682563305
10084,0.012116014026105404
10085,0.015538444742560387
10086,0.010365419089794159
10087,0.011044885031878948
10088,0.012435302138328552
10089,0.010502933524549007
10090,0.012956654652953148
10091,0.032597847282886505
10092,0.020148957148194313
10093,0.009682372212409973
10094,0.026979831978678703
10095,0.01609700918197632
10096,0.010390440002083778
10097,0.01717660389840603
10098,0.009431660175323486
10099,0.03175905719399452
10100,0.011285169050097466
10101,0.00996851921081543
10102,0.009821495041251183
10103,0.00970065500587225
10104,0.016941670328378677
10105,0.017310142517089844
10106,0.009632348082959652
10107,0.010313721373677254
10108,0.011419137939810753
10109,0.01059652492403984
10110,0.009793367236852646
10111,0.009325185790657997
10112,0.009979462251067162
10113,0.009728765115141869
10114,0.022157561033964157
10115,0.010469255968928337
10116,0.010731471702456474
10117,0.01035368163138628
10118,0.02257579192519188
10119,0.009766606613993645
10120,0.0172126367688179
10121,0.01141585223376751
10122,0.009537107311189175
10123,0.009194079786539078
10124,0.01188095472753048
10125,0.008715614676475525
10126,0.009751224890351295
10127,0.009783506393432617
10128,0.010153019800782204
10129,0.009365858510136604
10130,0.010344918817281723
10131,0.008927656337618828
10132,0.010394248180091381
10133,0.010511955246329308
10134,0.012012499384582043
10135,0.011158749461174011
10136,0.010891462676227093
10137,0.011479049921035767
10138,0.12520089745521545
10139,0.011770098470151424
10140,0.03260365128517151
10141,0.009139331057667732
10142,0.011227945797145367
10143,0.013151377439498901
10144,0.010411683470010757
10145,0.015432196669280529
10146,0.009719843044877052
10147,0.009484953247010708
10148,0.0316312238574028
10149,0.011765507981181145
10150,0.009828133508563042
10151,0.029827851802110672
10152,0.011077500879764557
10153,0.00988049991428852
10154,0.013462450355291367
10155,0.010037573054432869
10156,0.009414900094270706
10157,0.028939705342054367
10158,0.00936323031783104
10159,0.008799582719802856
10160,0.017770228907465935
10161,0.010401315987110138
10162,0.008950838819146156
10163,0.012079930864274502
10164,0.009709558449685574
10165,0.010901140980422497
10166,0.009569353424012661
10167,0.009252640418708324
10168,0.009423544630408287
10169,0.008717423304915428
10170,0.00914212316274643
10171,0.010998638346791267
10172,0.11746245622634888
10173,0.010474210605025291
10174,0.017546745017170906
10175,0.00909017026424408
10176,0.01560135092586279
10177,0.009580478072166443
10178,0.009622327983379364
10179,0.00919271819293499
10180,0.009290358982980251
10181,0.010146509855985641
10182,0.02193586155772209
10183,0.009498250670731068
10184,0.013865826651453972
10185,0.009395316243171692
10186,0.008373044431209564
10187,0.014367902651429176
10188,0.017180055379867554
10189,0.010432622395455837
10190,0.011052469722926617
10191,0.03286067023873329
10192,0.009509256109595299
10193,0.021773796528577805
10194,0.010102352127432823
10195,0.008580271154642105
10196,0.009746996685862541
10197,0.008540233597159386
10198,0.009540405124425888
10199,0.012187128886580467
10200,0.009169083088636398
10201,0.028290679678320885
10202,0.009757115505635738
10203,0.009100522845983505
10204,0.0138254938647151
10205,0.009059804491698742
10206,0.009684081189334393
10207,0.025358036160469055
10208,0.009803547523915768
10209,0.008883760310709476
10210,0.008852933533489704
10211,0.03457304835319519
10212,0.01118897832930088
10213,0.01246928796172142
10214,0.01026009302586317
10215,0.009642110206186771
10216,0.009930597618222237
10217,0.009633978828787804
10218,0.020964739844202995
10219,0.012530352920293808
10220,0.009888685308396816
10221,0.011833813041448593
10222,0.010458000004291534
10223,0.009993467479944229
10224,0.010747028514742851
10225,0.016071250662207603
10226,0.009602315723896027
10227,0.009239287115633488
10228,0.008500535972416401
10229,0.016916325315833092
10230,0.009303819388151169
10231,0.009662367403507233
10232,0.009966740384697914
10233,0.009339692071080208
10234,0.009015241637825966
10235,0.009363006800413132
10236,0.017762333154678345
10237,0.00911262258887291
10238,0.009892814792692661
10239,0.011128120124340057
10240,0.008881265297532082
10241,0.013761009089648724
10242,0.009148731827735901
10243,0.009154641069471836
10244,0.008769681677222252
10245,0.021879693493247032
10246,0.010371082462370396
10247,0.01001772191375494
10248,0.009356061927974224
10249,0.0350852906703949
10250,0.010655517689883709
10251,0.013023462146520615
10252,0.015592565760016441
10253,0.02252517268061638
10254,0.009388946928083897
10255,0.009031371213495731
10256,0.010290218517184258
10257,0.011035713367164135
10258,0.02374647930264473
10259,0.00949600525200367
10260,0.16635866463184357
10261,0.009766639210283756
10262,0.02652568742632866
10263,0.012793461792171001
10264,0.014483621343970299
10265,0.01840762421488762
10266,0.009236752055585384
10267,0.013108853250741959
10268,0.08524760603904724
10269,0.010667836293578148
10270,0.03713396191596985
10271,0.012753089889883995
10272,0.033978067338466644
10273,0.008970022201538086
10274,0.03304233029484749
10275,0.01298271119594574
10276,0.00992684718221426
10277,0.00976991094648838
10278,0.01111020427197218
10279,0.010267367586493492
10280,0.15906012058258057
10281,0.026911210268735886
10282,0.033318281173706055
10283,0.014037183485925198
10284,0.012191537767648697
10285,0.03346773236989975
10286,0.01406171452254057
10287,0.012477917596697807
10288,0.023877378553152084
10289,0.02218122035264969
10290,0.01707841455936432
10291,0.012094378471374512
10292,0.01508608739823103
10293,0.014425864443182945
10294,0.15337207913398743
10295,0.014639078639447689
10296,0.01514340564608574
10297,0.04819093272089958
10298,0.012033823877573013
10299,0.012748475186526775
10300,0.06041852384805679
10301,0.009708859026432037
10302,0.009973432868719101
10303,0.009949798695743084
10304,0.011078092269599438
10305,0.00916065089404583
10306,0.00971296988427639
10307,0.012109405361115932
10308,0.12173733115196228
10309,0.010847216472029686
10310,0.009301282465457916
10311,0.01217309944331646
10312,0.0288982093334198
10313,0.019740670919418335
10314,0.030309196561574936
10315,0.01225715409964323
10316,0.009889736771583557
10317,0.02727343887090683
10318,0.011111287400126457
10319,0.011635958217084408
10320,0.010637695901095867
10321,0.010311592370271683
10322,0.010667838156223297
10323,0.01123074721544981
10324,0.015290982089936733
10325,0.0117146922275424
10326,0.0967039093375206
10327,0.012658603489398956
10328,0.02472943812608719
10329,0.009728222154080868
10330,0.020819008350372314
10331,0.010814557783305645
10332,0.00938466191291809
10333,0.009592940099537373
10334,0.009637769311666489
10335,0.016634678468108177
10336,0.008846530690789223
10337,0.009108235128223896
10338,0.008892986923456192
10339,0.3220408856868744
10340,0.021617334336042404
10341,0.01719844341278076
10342,0.013018107041716576
10343,0.010345338843762875
10344,0.01789925992488861
10345,0.010949159972369671
10346,0.00986829586327076
10347,0.00978240929543972
10348,0.029002457857131958
10349,0.011345903389155865
10350,0.010485341772437096
10351,0.010188025422394276
10352,0.014822478406131268
10353,0.012073444202542305
10354,0.020744871348142624
10355,0.01241330336779356
10356,0.010555710643529892
10357,0.009401473216712475
10358,0.010828746482729912
10359,0.011161388829350471
10360,0.01390292402356863
10361,0.010882357135415077
10362,0.016206882894039154
10363,0.011960647068917751
10364,0.012977370992302895
10365,0.009602932259440422
10366,0.010351387783885002
10367,0.009422664530575275
10368,0.010674047283828259
10369,0.011008255183696747
10370,0.008759001269936562
10371,0.008601789362728596
10372,0.009588437154889107
10373,0.009796300902962685
10374,0.00922210793942213
10375,0.17490848898887634
10376,0.011229120194911957
10377,0.010986614041030407
10378,0.05251334607601166
10379,0.02526744268834591
10380,0.014730098657310009
10381,0.010594086721539497
10382,0.012626027688384056
10383,0.01312430202960968
10384,0.010513103567063808
10385,0.013345301151275635
10386,0.011544710956513882
10387,0.011086697690188885
10388,0.01149421464651823
10389,0.039991579949855804
10390,0.012191258370876312
10391,0.017019685357809067
10392,0.04016716405749321
10393,0.012785501778125763
10394,0.026182007044553757
10395,0.013392483815550804
10396,0.014361036941409111
10397,0.022947680205106735
10398,0.009945964440703392
10399,0.020148884505033493
10400,0.010496361181139946
10401,0.01104305125772953
10402,0.010308479890227318
10403,0.011164456605911255
10404,0.01216090377420187
10405,0.009275160729885101
10406,0.010320628061890602
10407,0.009874324314296246
10408,0.01027577556669712
10409,0.010432800278067589
10410,0.009683337062597275
10411,0.008546831086277962
10412,0.010930707678198814
10413,0.009580440819263458
10414,0.00931616686284542
10415,0.00995493121445179
10416,0.008702142164111137
10417,0.011937445029616356
10418,0.010353824123740196
10419,0.009970338083803654
10420,0.009610624983906746
10421,0.009841591119766235
10422,0.010301033966243267
10423,0.00837775133550167
10424,0.010099167004227638
10425,0.009954358451068401
10426,0.011675297282636166
10427,0.009015414863824844
10428,0.009290233254432678
10429,0.00958515889942646
10430,0.011904047802090645
10431,0.010278201662003994
10432,0.009423605166375637
10433,0.03409573435783386
10434,0.012017657980322838
10435,0.012172427028417587
10436,0.009757370688021183
10437,0.013766109943389893
10438,0.01308215782046318
10439,0.010662421584129333
10440,0.00868537649512291
10441,0.009024779312312603
10442,0.00923040322959423
10443,0.00978033896535635
10444,0.0277883168309927
10445,0.011330008506774902
10446,0.00961308367550373
10447,0.008745674975216389
10448,0.026002755388617516
10449,0.011547732166945934
10450,0.011026489548385143
10451,0.01017619390040636
10452,0.013204890303313732
10453,0.008341487497091293
10454,0.02600235305726528
10455,0.01070595532655716
10456,0.012557832524180412
10457,0.008521519601345062
10458,0.010107927955687046
10459,0.01280556246638298
10460,0.009889470413327217
10461,0.019656745716929436
10462,0.010086684487760067
10463,0.012272210791707039
10464,0.008381943218410015
10465,0.007701843045651913
10466,0.014461463317275047
10467,0.008870478719472885
10468,0.010397262871265411
10469,0.01177394948899746
10470,0.01499174814671278
10471,0.008017550222575665
10472,0.007808019872754812
10473,0.008676884695887566
10474,0.00946478359401226
10475,0.008729648776352406
10476,0.009185279719531536
10477,0.007722423877567053
10478,0.07642543315887451
10479,0.017462704330682755
10480,0.010869677178561687
10481,0.011144047603011131
10482,0.010109145194292068
10483,0.0109088234603405
10484,0.011463230475783348
10485,0.009668800979852676
10486,0.008621900342404842
10487,0.012357326224446297
10488,0.051611267030239105
10489,0.009885603561997414
10490,0.010744143277406693
10491,0.008644778281450272
10492,0.009578957222402096
10493,0.00880974531173706
10494,0.012950396165251732
10495,0.011392340064048767
10496,0.008105895482003689
10497,0.03509026765823364
10498,0.00981337483972311
10499,0.014865957200527191
10500,0.00892544910311699
10501,0.008217588067054749
10502,0.010344652459025383
10503,0.0250372476875782
10504,0.00868753157556057
10505,0.033768218010663986
10506,0.01344802975654602
10507,0.0643027126789093
10508,0.01175982877612114
10509,0.00916085671633482
10510,0.011449499055743217
10511,0.010730952024459839
10512,0.012129303067922592
10513,0.010164555162191391
10514,0.009552918374538422
10515,0.008622493594884872
10516,0.011369570158421993
10517,0.06670686602592468
10518,0.012323918752372265
10519,0.011696187779307365
10520,0.046291910111904144
10521,0.010193416848778725
10522,0.010817593894898891
10523,0.01025246549397707
10524,0.009855713695287704
10525,0.009879907593131065
10526,0.00938786007463932
10527,0.008833413943648338
10528,0.008304120972752571
10529,0.012250511907041073
10530,0.008864062838256359
10531,0.00976240262389183
10532,0.009403851814568043
10533,0.008130996488034725
10534,0.009827259927988052
10535,0.008297981694340706
10536,0.031054219231009483
10537,0.01098043005913496
10538,0.00959496758878231
10539,0.013348083943128586
10540,0.015256295911967754
10541,0.014448240399360657
10542,0.010951216332614422
10543,0.017366139218211174
10544,0.00835619866847992
10545,0.013544964604079723
10546,0.011307838372886181
10547,0.01058821938931942
10548,0.01034098956733942
10549,0.01095457375049591
10550,0.023415789008140564
10551,0.009761550463736057
10552,0.02518443390727043
10553,0.009630106389522552
10554,0.015133963897824287
10555,0.01167961023747921
10556,0.011680944822728634
10557,0.011465361341834068
10558,0.008647410199046135
10559,0.010389860719442368
10560,0.02370028756558895
10561,0.010450979694724083
10562,0.011509435251355171
10563,0.010086487047374249
10564,0.05677878111600876
10565,0.011808682233095169
10566,0.009419448673725128
10567,0.008694368414580822
10568,0.008872061967849731
10569,0.014563225209712982
10570,0.010595723055303097
10571,0.0108990129083395
10572,0.008369311690330505
10573,0.008402656763792038
10574,0.00924585573375225
10575,0.01594207063317299
10576,0.010643008165061474
10577,0.011685563251376152
10578,0.008565764874219894
10579,0.009075192734599113
10580,0.06199852377176285
10581,0.01967627927660942
10582,0.025956224650144577
10583,0.011888078413903713
10584,0.011028358712792397
10585,0.016855034977197647
10586,0.009933793917298317
10587,0.01347646489739418
10588,0.013920917175710201
10589,0.010088923387229443
10590,0.019713900983333588
10591,0.012514408677816391
10592,0.14552953839302063
10593,0.015620460733771324
10594,0.015260903164744377
10595,0.017015365883708
10596,0.011651943437755108
10597,0.014746507629752159
10598,0.030640795826911926
10599,0.012176599353551865
10600,0.020415054634213448
10601,0.008780954405665398
10602,0.012595455162227154
10603,0.011399984359741211
10604,0.01896783709526062
10605,0.010350698605179787
10606,0.010103653185069561
10607,0.016229435801506042
10608,0.012358402833342552
10609,0.009410709142684937
10610,0.06130659580230713
10611,0.013051331043243408
10612,0.01244109496474266
10613,0.009286792948842049
10614,0.010674139484763145
10615,0.011865846812725067
10616,0.009595831856131554
10617,0.009938627481460571
10618,0.013002095744013786
10619,0.020611455664038658
10620,0.01188488956540823
10621,0.014495505020022392
10622,0.011060166172683239
10623,0.009521961212158203
10624,0.015035460703074932
10625,0.010232890956103802
10626,0.06651277840137482
10627,0.014913703314960003
10628,0.013526223599910736
10629,0.00967153999954462
10630,0.010441708378493786
10631,0.013763593509793282
10632,0.012145946733653545
10633,0.01244900282472372
10634,0.013232683762907982
10635,0.01004585437476635
10636,0.02113247476518154
10637,0.009904689155519009
10638,0.010277660563588142
10639,0.027883045375347137
10640,0.011530013754963875
10641,0.014044707641005516
10642,0.008695876225829124
10643,0.014674942940473557
10644,0.009703267365694046
10645,0.009205633774399757
10646,0.009654847905039787
10647,0.018070785328745842
10648,0.009018318727612495
10649,0.010909317061305046
10650,0.016041666269302368
10651,0.008710607886314392
10652,0.011165035888552666
10653,0.008906206116080284
10654,0.008392615243792534
10655,0.009517166763544083
10656,0.008414912037551403
10657,0.012800117954611778
10658,0.008747579529881477
10659,0.009106844663619995
10660,0.008710866793990135
10661,0.009394114837050438
10662,0.007834390737116337
10663,0.009867205284535885
10664,0.010881997644901276
10665,0.007899889722466469
10666,0.01548047922551632
10667,0.012773729860782623
10668,0.01032237894833088
10669,0.011761598289012909
10670,0.008231628686189651
10671,0.008906995877623558
10672,0.009052662178874016
10673,0.015350138768553734
10674,0.009991188533604145
10675,0.009526384063065052
10676,0.009612354449927807
10677,0.00841293204575777
10678,0.00924694538116455
10679,0.008677130565047264
10680,0.009526875801384449
10681,0.008746759034693241
10682,0.008833966217935085
10683,0.017504651099443436
10684,0.009651798754930496
10685,0.008598050102591515
10686,0.008487365208566189
10687,0.010666780173778534
10688,0.01604430563747883
10689,0.008617963641881943
10690,0.012009087018668652
10691,0.015180825255811214
10692,0.007930254563689232
10693,0.009316541254520416
10694,0.022208210080862045
10695,0.01027047261595726
10696,0.008602414280176163
10697,0.01007959246635437
10698,0.00990493968129158
10699,0.0081728994846344
10700,0.009301305748522282
10701,0.011030810885131359
10702,0.008606125600636005
10703,0.010217403993010521
10704,0.008296437561511993
10705,0.007908377796411514
10706,0.019463902339339256
10707,0.009576523676514626
10708,0.008222457952797413
10709,0.008151392452418804
10710,0.009653626009821892
10711,0.008924383670091629
10712,0.007652441971004009
10713,0.009836960583925247
10714,0.008571682497859001
10715,0.008746553212404251
10716,0.00788767822086811
10717,0.008878744207322598
10718,0.007966695353388786
10719,0.007811249233782291
10720,0.009193087927997112
10721,0.008455906063318253
10722,0.00988884549587965
10723,0.018114272505044937
10724,0.008263597264885902
10725,0.07444807887077332
10726,0.009238291531801224
10727,0.008786249905824661
10728,0.0113312853500247
10729,0.00852802861481905
10730,0.009009035304188728
10731,0.009982610121369362
10732,0.008736034855246544
10733,0.0076896389946341515
10734,0.008131118491292
10735,0.019709482789039612
10736,0.009070022031664848
10737,0.01640171930193901
10738,0.009913166053593159
10739,0.009629707783460617
10740,0.009463923051953316
10741,0.007921973243355751
10742,0.010359056293964386
10743,0.007394204847514629
10744,0.010351117700338364
10745,0.045642465353012085
10746,0.008730740286409855
10747,0.007993683218955994
10748,0.01614917628467083
10749,0.025918062776327133
10750,0.024822529405355453
10751,0.009212805889546871
10752,0.03244383633136749
10753,0.010656222701072693
10754,0.12564325332641602
10755,0.012351913377642632
10756,0.015245802700519562
10757,0.011601186357438564
10758,0.16052637994289398
10759,0.018904445692896843
10760,0.016968630254268646
10761,0.010161331854760647
10762,0.024481019005179405
10763,0.011534917168319225
10764,0.018829209730029106
10765,0.08346456289291382
10766,0.015864403918385506
10767,0.02858854830265045
10768,0.017760705202817917
10769,0.008574672043323517
10770,0.013123023323714733
10771,0.06147046014666557
10772,0.021822836250066757
10773,0.012832727283239365
10774,0.010210667736828327
10775,0.012836266309022903
10776,0.010527780279517174
10777,0.010779639706015587
10778,0.015848493203520775
10779,0.01870729587972164
10780,0.0173310749232769
10781,0.011269759386777878
10782,0.08497457206249237
10783,0.013178299181163311
10784,0.01284896768629551
10785,0.009469417855143547
10786,0.008555328473448753
10787,0.009877590462565422
10788,0.07604368776082993
10789,0.02432004176080227
10790,0.026870084926486015
10791,0.01231951080262661
10792,0.0093679903075099
10793,0.24051037430763245
10794,0.019269593060016632
10795,0.01602022722363472
10796,0.010146803222596645
10797,0.017297102138400078
10798,0.016726503148674965
10799,0.01184013020247221
10800,0.009667130187153816
10801,0.01175212673842907
10802,0.010596200823783875
10803,0.010941698215901852
10804,0.017671480774879456
10805,0.013144208118319511
10806,0.014498035423457623
10807,0.07599633187055588
10808,0.014850251376628876
10809,0.013931073248386383
10810,0.012073970399796963
10811,0.010221213102340698
10812,0.011449305340647697
10813,0.011410331353545189
10814,0.037824906408786774
10815,0.24071870744228363
10816,0.04050125926733017
10817,0.0269918255507946
10818,0.011644328944385052
10819,0.024233458563685417
10820,0.03872149810194969
10821,0.04019269347190857
10822,0.021387912333011627
10823,0.01172517891973257
10824,0.022844333201646805
10825,0.08327432721853256
10826,0.014865105971693993
10827,0.01897108554840088
10828,0.024651631712913513
10829,0.025091469287872314
10830,0.30737119913101196
10831,0.020134292542934418
10832,0.02669663354754448
10833,0.0178943183273077
10834,0.018689749762415886
10835,0.02074601873755455
10836,0.019116947427392006
10837,0.023499293252825737
10838,0.016365543007850647
10839,0.017393101006746292
10840,0.018829701468348503
10841,0.015606018714606762
10842,0.045031171292066574
10843,0.0157918781042099
10844,0.07898987829685211
10845,0.02000301517546177
10846,0.02075665444135666
10847,0.012797648087143898
10848,0.03422968089580536
10849,0.013695590198040009
10850,0.17132353782653809
10851,0.02158590406179428
10852,0.0329362228512764
10853,0.101371631026268
10854,0.017563598230481148
10855,0.03394324332475662
10856,0.0373169481754303
10857,0.024655740708112717
10858,0.016920868307352066
10859,0.029894396662712097
10860,0.02561284601688385
10861,0.03791932016611099
10862,0.017558354884386063
10863,0.05952025204896927
10864,0.026212861761450768
10865,0.02171596884727478
10866,0.014948076568543911
10867,0.028787583112716675
10868,0.03676280379295349
10869,0.019335901364684105
10870,0.02072722651064396
10871,0.029481496661901474
10872,0.01635993830859661
10873,0.03995858132839203
10874,0.03020489774644375
10875,0.033939115703105927
10876,0.01536624040454626
10877,0.013884276151657104
10878,0.035698745399713516
10879,0.014260726980865002
10880,0.012224579229950905
10881,0.015276267193257809
10882,0.027748500928282738
10883,0.02294730208814144
10884,0.01163609977811575
10885,0.010964985005557537
10886,0.01799785904586315
10887,0.010590187273919582
10888,0.010869413614273071
10889,0.13795939087867737
10890,0.011376509442925453
10891,0.013960383832454681
10892,0.011668208986520767
10893,0.01021250057965517
10894,0.012315839529037476
10895,0.01920085772871971
10896,0.01140860840678215
10897,0.013751627877354622
10898,0.011205121874809265
10899,0.009956113994121552
10900,0.0160607248544693
10901,0.01258481852710247
10902,0.010425012558698654
10903,0.010306226089596748
10904,0.011710092425346375
10905,0.010250295512378216
10906,0.010557450354099274
10907,0.011974489316344261
10908,0.0656680017709732
10909,0.012163009494543076
10910,0.012716873548924923
10911,0.0442248098552227
10912,0.010160667821764946
10913,0.012264471501111984
10914,0.010048450902104378
10915,0.05821751058101654
10916,0.014157990925014019
10917,0.008540257811546326
10918,0.13711223006248474
10919,0.02656354382634163
10920,0.022935424000024796
10921,0.010254206135869026
10922,0.011115746572613716
10923,0.01620515249669552
10924,0.010337753221392632
10925,0.014421503059566021
10926,0.03424031287431717
10927,0.009248938411474228
10928,0.021362220868468285
10929,0.024425266310572624
10930,0.011081462725996971
10931,0.01549350842833519
10932,0.009270044043660164
10933,0.022081753239035606
10934,0.011606297455728054
10935,0.04299667477607727
10936,0.012064455077052116
10937,0.010261062532663345
10938,0.01070704497396946
10939,0.017243143171072006
10940,0.010175364091992378
10941,0.010785089805722237
10942,0.008873888291418552
10943,0.008682293817400932
10944,0.02740280143916607
10945,0.012079514563083649
10946,0.009281367063522339
10947,0.008791623637080193
10948,0.010150730609893799
10949,0.019845958799123764
10950,0.008884206414222717
10951,0.010213927365839481
10952,0.011411437764763832
10953,0.008985167369246483
10954,0.011810598894953728
10955,0.009568661451339722
10956,0.008764063939452171
10957,0.00853336974978447
10958,0.009259164333343506
10959,0.02454408071935177
10960,0.008873920887708664
10961,0.008884062059223652
10962,0.008834321051836014
10963,0.02999066561460495
10964,0.01782173104584217
10965,0.017098359763622284
10966,0.013835452497005463
10967,0.010544080287218094
10968,0.009559589438140392
10969,0.010004769079387188
10970,0.02413894794881344
10971,0.013118928298354149
10972,0.010346557945013046
10973,0.008246338926255703
10974,0.010876360349357128
10975,0.00884597934782505
10976,0.008703650906682014
10977,0.01171748898923397
10978,0.011360546573996544
10979,0.010152710601687431
10980,0.019514454528689384
10981,0.008769555948674679
10982,0.017098572105169296
10983,0.019153133034706116
10984,0.01985279470682144
10985,0.02270611748099327
10986,0.024860914796590805
10987,0.0105367973446846
10988,0.010462446138262749
10989,0.009963998571038246
10990,0.009164735674858093
10991,0.008146137930452824
10992,0.008614923804998398
10993,0.008747780695557594
10994,0.00918128527700901
10995,0.008473905734717846
10996,0.008322364650666714
10997,0.0091986283659935
10998,0.009169804863631725
10999,0.015714816749095917
11000,0.01033429242670536
11001,0.03168819844722748
11002,0.01939624547958374
11003,0.012833191081881523
11004,0.010343872010707855
11005,0.021062275394797325
11006,0.015690846368670464
11007,0.011759023182094097
11008,0.012324015609920025
11009,0.021859630942344666
11010,0.013733687810599804
11011,0.012658700346946716
11012,0.013352122157812119
11013,0.02548931911587715
11014,0.008619069121778011
11015,0.009768334217369556
11016,0.08963200449943542
11017,0.01070998515933752
11018,0.011841564439237118
11019,0.014718664810061455
11020,0.010460905730724335
11021,0.022769596427679062
11022,0.014108829200267792
11023,0.011161843314766884
11024,0.016989491879940033
11025,0.010439569130539894
11026,0.010782789438962936
11027,0.009484043344855309
11028,0.00947326049208641
11029,0.012433988973498344
11030,0.05536932498216629
11031,0.010118544101715088
11032,0.009848691523075104
11033,0.00858974363654852
11034,0.00997103564441204
11035,0.010537429712712765
11036,0.011567718349397182
11037,0.009341329336166382
11038,0.012948965653777122
11039,0.009366262704133987
11040,0.028535261750221252
11041,0.010489697568118572
11042,0.008907965384423733
11043,0.008514723740518093
11044,0.012632976286113262
11045,0.008954465389251709
11046,0.032638080418109894
11047,0.010291635058820248
11048,0.011175236664712429
11049,0.008433413691818714
11050,0.011457002721726894
11051,0.009613796137273312
11052,0.009664157405495644
11053,0.00785374827682972
11054,0.008531976491212845
11055,0.009281374514102936
11056,0.008470690809190273
11057,0.026560742408037186
11058,0.010938664898276329
11059,0.013876168988645077
11060,0.007807604968547821
11061,0.026059214025735855
11062,0.00760500505566597
11063,0.00801854394376278
11064,0.013551482930779457
11065,0.057378776371479034
11066,0.009960683062672615
11067,0.008639305830001831
11068,0.007971268147230148
11069,0.008153170347213745
11070,0.008169325068593025
11071,0.01983482763171196
11072,0.02845139056444168
11073,0.010314861312508583
11074,0.01023915410041809
11075,0.020047103986144066
11076,0.008016109466552734
11077,0.010082762688398361
11078,0.06313415616750717
11079,0.012265531346201897
11080,0.010687418282032013
11081,0.009171861223876476
11082,0.009209348820149899
11083,0.01287598442286253
11084,0.0140040572732687
11085,0.010297183878719807
11086,0.008731464855372906
11087,0.009245119988918304
11088,0.010285772383213043
11089,0.0096189696341753
11090,0.009318581782281399
11091,0.008912553079426289
11092,0.009283811785280704
11093,0.010268264450132847
11094,0.00957140326499939
11095,0.013490721583366394
11096,0.008314847014844418
11097,0.008130532689392567
11098,0.012660945765674114
11099,0.007818536832928658
11100,0.15940499305725098
11101,0.026387330144643784
11102,0.018334314227104187
11103,0.012309981510043144
11104,0.022310620173811913
11105,0.01682090573012829
11106,0.010217081755399704
11107,0.022433795034885406
11108,0.01760469749569893
11109,0.009736310690641403
11110,0.014814822934567928
11111,0.019764725118875504
11112,0.010168161243200302
11113,0.0928507074713707
11114,0.012317980639636517
11115,0.01585838943719864
11116,0.013044837862253189
11117,0.013400876894593239
11118,0.013831096701323986
11119,0.02664789929986
11120,0.010875935666263103
11121,0.013003818690776825
11122,0.011666531674563885
11123,0.08736929297447205
11124,0.01855340227484703
11125,0.015065422281622887
11126,0.015971869230270386
11127,0.02803429588675499
11128,0.01459139958024025
11129,0.011172386817634106
11130,0.017926139757037163
11131,0.047514475882053375
11132,0.019691867753863335
11133,0.010722490958869457
11134,0.010109715163707733
11135,0.010775956325232983
11136,0.010649044066667557
11137,0.009826846420764923
11138,0.34091848134994507
11139,0.054724063724279404
11140,0.030965439975261688
11141,0.012925940565764904
11142,0.0169221181422472
11143,0.05887835472822189
11144,0.02733207866549492
11145,0.017611507326364517
11146,0.010649450123310089
11147,0.1273825466632843
11148,0.14211338758468628
11149,0.02561812847852707
11150,0.031740702688694
11151,0.03268377482891083
11152,0.02724071405827999
11153,0.02215481549501419
11154,0.025067925453186035
11155,0.026376230642199516
11156,0.01796077936887741
11157,0.014856338500976562
11158,0.01721785217523575
11159,0.018138032406568527
11160,0.01891428790986538
11161,0.03990042582154274
11162,0.014963324181735516
11163,0.02572258934378624
11164,0.018162235617637634
11165,0.025640903040766716
11166,0.041802700608968735
11167,0.014137416146695614
11168,0.015260063111782074
11169,0.02524581551551819
11170,0.013120882213115692
11171,0.693995475769043
11172,0.017775706946849823
11173,0.02031050994992256
11174,0.01413480844348669
11175,0.012724189087748528
11176,0.02491731196641922
11177,0.02680002525448799
11178,0.019607465714216232
11179,0.04282708093523979
11180,0.012567366473376751
11181,0.03518102318048477
11182,0.02152746170759201
11183,0.024126559495925903
11184,0.016723869368433952
11185,0.020860744640231133
11186,0.017877276986837387
11187,0.285412460565567
11188,0.04967256635427475
11189,0.06216767430305481
11190,0.028959065675735474
11191,0.020998582243919373
11192,0.034425295889377594
11193,0.0434836745262146
11194,0.10393237322568893
11195,0.047253549098968506
11196,0.023740334436297417
11197,0.018956445157527924
11198,0.36946624517440796
11199,0.07028734683990479
11200,0.02676571160554886
11201,0.024183616042137146
11202,0.02583589032292366
11203,0.026387279853224754
11204,0.025966476649045944
11205,0.021218083798885345
11206,0.029432829469442368
11207,0.02348531037569046
11208,0.01927873119711876
11209,0.016736095771193504
11210,0.014968723058700562
11211,0.043170176446437836
11212,0.08765879273414612
11213,0.02128225564956665
11214,0.022162146866321564
11215,0.021333493292331696
11216,0.017315208911895752
11217,0.016388090327382088
11218,0.015255464240908623
11219,0.018423888832330704
11220,0.016069378703832626
11221,0.016223667189478874
11222,0.061349838972091675
11223,0.04430795833468437
11224,0.02245788834989071
11225,0.050437480211257935
11226,0.016604948788881302
11227,0.017759568989276886
11228,0.01299181580543518
11229,0.012909714132547379
11230,0.01289144717156887
11231,0.01306980475783348
11232,0.013570817187428474
11233,0.01063804142177105
11234,0.13540734350681305
11235,0.014504730701446533
11236,0.013341739773750305
11237,0.017263291403651237
11238,0.01005660928785801
11239,0.011622225865721703
11240,0.011648821644484997
11241,0.011168316006660461
11242,0.010726197622716427
11243,0.014450947754085064
11244,0.011511191725730896
11245,0.04301944002509117
11246,0.00988702941685915
11247,0.008966954424977303
11248,0.010545025579631329
11249,0.009666746482253075
11250,0.010593193583190441
11251,0.013811725191771984
11252,0.014983167871832848
11253,0.009860098361968994
11254,0.010070757940411568
11255,0.00994066707789898
11256,0.00970107689499855
11257,0.008899922482669353
11258,0.008479837328195572
11259,0.008547765202820301
11260,0.009543086402118206
11261,0.010789874009788036
11262,0.009269130416214466
11263,0.007985422387719154
11264,0.008851194754242897
11265,0.009217941202223301
11266,0.007728248368948698
11267,0.009484504349529743
11268,0.01315264217555523
11269,0.010331204161047935
11270,0.00954536534845829
11271,0.0094870300963521
11272,0.015865735709667206
11273,0.01308609452098608
11274,0.00881868600845337
11275,0.01754103973507881
11276,0.010345022194087505
11277,0.00793406181037426
11278,0.008242478594183922
11279,0.00791209563612938
11280,0.016366522759199142
11281,0.010160147212445736
11282,0.009469612501561642
11283,0.02363266423344612
11284,0.008649672381579876
11285,0.016788717359304428
11286,0.008153773844242096
11287,0.11399247497320175
11288,0.011684572324156761
11289,0.010207259096205235
11290,0.008645620197057724
11291,0.04245937615633011
11292,0.013302840292453766
11293,0.014945151284337044
11294,0.009113060310482979
11295,0.008968687616288662
11296,0.01591070555150509
11297,0.011457366868853569
11298,0.010148047469556332
11299,0.009999528527259827
11300,0.023010093718767166
11301,0.012662017717957497
11302,0.02464047074317932
11303,0.013650542125105858
11304,0.014086439274251461
11305,0.011644328013062477
11306,0.009763164445757866
11307,0.014688152819871902
11308,0.04594346880912781
11309,0.012051320634782314
11310,0.01481273677200079
11311,0.017704501748085022
11312,0.011440947651863098
11313,0.00980391912162304
11314,0.012649282813072205
11315,0.009354201145470142
11316,0.008668587543070316
11317,0.008560234680771828
11318,0.011717082932591438
11319,0.008471219800412655
11320,0.01141907088458538
11321,0.01387634314596653
11322,0.0074762157164514065
11323,0.01936331018805504
11324,0.008312657475471497
11325,0.01119924709200859
11326,0.008395049721002579
11327,0.009520076215267181
11328,0.008861389011144638
11329,0.007685492746531963
11330,0.007985049858689308
11331,0.008601263165473938
11332,0.02419181726872921
11333,0.008531641215085983
11334,0.009081732481718063
11335,0.01144469901919365
11336,0.008376257494091988
11337,0.008029710501432419
11338,0.009006286039948463
11339,0.012620490044355392
11340,0.01244262233376503
11341,0.008487273007631302
11342,0.008491940796375275
11343,0.01652008667588234
11344,0.00828244537115097
11345,0.008408321999013424
11346,0.008338138461112976
11347,0.00952928513288498
11348,0.009485071524977684
11349,0.007387388497591019
11350,0.010282926261425018
11351,0.008404365740716457
11352,0.008218096569180489
11353,0.007796198129653931
11354,0.00824202410876751
11355,0.008614625781774521
11356,0.010470311157405376
11357,0.007278683595359325
11358,0.04809943959116936
11359,0.008327930234372616
11360,0.014687894843518734
11361,0.011046851985156536
11362,0.007739300839602947
11363,0.01529885083436966
11364,0.0070559801533818245
11365,0.010049769654870033
11366,0.007930602878332138
11367,0.008630452677607536
11368,0.007752180099487305
11369,0.0074384212493896484
11370,0.008477519266307354
11371,0.012007603421807289
11372,0.007240829523652792
11373,0.007927749305963516
11374,0.011222290806472301
11375,0.026634581387043
11376,0.009724588133394718
11377,0.007885093800723553
11378,0.03226194530725479
11379,0.007848929613828659
11380,0.014776370488107204
11381,0.007617916911840439
11382,0.0077632418833673
11383,0.00827835127711296
11384,0.007462543901056051
11385,0.026793545112013817
11386,0.04933436959981918
11387,0.014570130966603756
11388,0.020707719027996063
11389,0.024836774915456772
11390,0.1274004876613617
11391,0.011281242594122887
11392,0.036035384982824326
11393,0.01088039018213749
11394,0.011971498839557171
11395,0.027319520711898804
11396,0.022821776568889618
11397,0.009646311402320862
11398,0.019691433757543564
11399,0.009120190516114235
11400,0.01880878023803234
11401,0.011362679302692413
11402,0.030155614018440247
11403,0.008673325181007385
11404,0.02228923700749874
11405,0.011981195770204067
11406,0.019110482186079025
11407,0.007965000346302986
11408,0.021211709827184677
11409,0.007507631555199623
11410,0.008319196291267872
11411,0.008414717391133308
11412,0.009225168265402317
11413,0.009169632568955421
11414,0.015791120007634163
11415,0.0090121328830719
11416,0.007673171814531088
11417,0.008666591718792915
11418,0.012659601867198944
11419,0.008808305487036705
11420,0.009683763608336449
11421,0.011365699581801891
11422,0.008532180450856686
11423,0.015298232436180115
11424,0.010220194235444069
11425,0.01356707327067852
11426,0.12112778425216675
11427,0.0101554486900568
11428,0.015309525653719902
11429,0.009097344242036343
11430,0.010022366419434547
11431,0.01371503435075283
11432,0.053428273648023605
11433,0.012294963002204895
11434,0.008771417662501335
11435,0.01248641312122345
11436,0.02063356712460518
11437,0.01754777505993843
11438,0.010486948303878307
11439,0.009258164092898369
11440,0.00943705067038536
11441,0.011163483373820782
11442,0.013960545882582664
11443,0.010984424501657486
11444,0.012291554361581802
11445,0.012937329709529877
11446,0.008897187188267708
11447,0.008200973272323608
11448,0.009362151846289635
11449,0.008435104042291641
11450,0.007052350789308548
11451,0.008193224668502808
11452,0.008811023086309433
11453,0.007918629795312881
11454,0.008354049175977707
11455,0.007975460030138493
11456,0.007456793449819088
11457,0.01495660375803709
11458,0.01125745102763176
11459,0.014036099426448345
11460,0.00965462252497673
11461,0.007280255667865276
11462,0.008014622144401073
11463,0.013690436258912086
11464,0.1419575810432434
11465,0.02483770251274109
11466,0.027328630909323692
11467,0.012156400829553604
11468,0.058832794427871704
11469,0.02718108892440796
11470,0.6491366624832153
11471,0.02177935466170311
11472,0.012374518439173698
11473,0.012614874169230461
11474,0.049374811351299286
11475,0.011894382536411285
11476,0.05410095304250717
11477,0.018518898636102676
11478,0.02088608220219612
11479,0.015094928443431854
11480,0.023896824568510056
11481,0.012608401477336884
11482,0.013256477192044258
11483,0.02827797830104828
11484,0.019068393856287003
11485,0.025861889123916626
11486,0.01323649100959301
11487,0.011858048848807812
11488,0.018708860501646996
11489,0.01134179811924696
11490,0.010252000764012337
11491,0.014255374670028687
11492,0.016006862744688988
11493,0.012398028746247292
11494,0.011561783030629158
11495,0.37765735387802124
11496,0.014267226681113243
11497,0.019701840355992317
11498,0.011991141363978386
11499,0.011275923810899258
11500,0.06004926562309265
11501,0.0873441994190216
11502,0.017488572746515274
11503,0.019671309739351273
11504,0.019487177953124046
11505,0.037986673414707184
11506,0.01934933289885521
11507,0.016492880880832672
11508,0.011825027875602245
11509,0.011843280866742134
11510,0.01320444792509079
11511,0.011729101650416851
11512,0.024819551035761833
11513,0.01395195722579956
11514,0.01749413087964058
11515,0.01719706505537033
11516,0.012600207701325417
11517,0.010523504577577114
11518,0.054239656776189804
11519,0.013099404983222485
11520,0.015659846365451813
11521,0.016790393739938736
11522,0.4574119448661804
11523,0.01783611625432968
11524,0.01675943098962307
11525,0.02116059511899948
11526,0.012989903800189495
11527,0.02078796923160553
11528,0.014589302241802216
11529,0.01077047735452652
11530,0.01818854734301567
11531,0.011997274123132229
11532,0.012838184833526611
11533,0.010949928313493729
11534,0.009652838110923767
11535,0.010454780422151089
11536,0.011195173487067223
11537,0.010683482512831688
11538,0.009544909931719303
11539,0.5042863488197327
11540,0.020113788545131683
11541,0.03083413653075695
11542,0.01842588558793068
11543,0.014266133308410645
11544,0.01942540518939495
11545,0.019189421087503433
11546,0.047887131571769714
11547,0.029433853924274445
11548,0.019609710201621056
11549,0.015480605885386467
11550,0.01683013327419758
11551,0.016035227105021477
11552,0.016737719997763634
11553,0.013853433541953564
11554,0.01360725611448288
11555,0.0163106806576252
11556,0.0380348265171051
11557,0.013276999816298485
11558,0.012102503329515457
11559,0.02127673290669918
11560,0.1367233693599701
11561,0.010427122935652733
11562,0.011895757168531418
11563,0.04393617436289787
11564,0.013667414896190166
11565,0.012528123334050179
11566,0.012944785878062248
11567,0.011099813506007195
11568,0.08611717075109482
11569,0.009834819473326206
11570,0.009818061254918575
11571,0.012567426078021526
11572,0.010924046859145164
11573,0.010818845592439175
11574,0.009531892836093903
11575,0.026224007830023766
11576,0.009443311020731926
11577,0.011860511265695095
11578,0.009302506223320961
11579,0.012166030704975128
11580,0.00856273528188467
11581,0.010481885634362698
11582,0.009016791358590126
11583,0.00840646494179964
11584,0.0076552266255021095
11585,0.009275522083044052
11586,0.012018504552543163
11587,0.008005814626812935
11588,0.008660214021801949
11589,0.007771089673042297
11590,0.010795434936881065
11591,0.008227418176829815
11592,0.007495938800275326
11593,0.00873376801609993
11594,0.008216830901801586
11595,0.008394155651330948
11596,0.00773708475753665
11597,0.008875038474798203
11598,0.04467069357633591
11599,0.3116035759449005
11600,0.6334471702575684
11601,0.08546730130910873
11602,0.026564117521047592
11603,0.0396680124104023
11604,0.05365500971674919
11605,0.01921868696808815
11606,0.0181317999958992
11607,0.03024505451321602
11608,0.032676830887794495
11609,0.020219244062900543
11610,0.10208481550216675
11611,0.035345666110515594
11612,0.022275662049651146
11613,0.016773920506238937
11614,0.02434217557311058
11615,0.06562440097332001
11616,0.016762277111411095
11617,0.017379155382514
11618,0.015054769814014435
11619,0.015908461064100266
11620,0.01658596284687519
11621,0.1060042679309845
11622,0.026317980140447617
11623,0.018318673595786095
11624,0.019193053245544434
11625,0.0146138621494174
11626,0.014654173515737057
11627,0.013698450289666653
11628,0.013705268502235413
11629,0.03466448187828064
11630,0.020724885165691376
11631,0.02815369889140129
11632,0.01460813358426094
11633,0.01148289442062378
11634,0.07736964523792267
11635,0.01815083809196949
11636,0.6001376509666443
11637,0.018574703484773636
11638,0.046350862830877304
11639,0.011698020622134209
11640,0.012354115955531597
11641,0.03154146298766136
11642,0.013078275136649609
11643,0.012718379497528076
11644,0.01254175417125225
11645,0.011589943431317806
11646,0.010726943612098694
11647,0.035098008811473846
11648,0.014309032820165157
11649,0.015860173851251602
11650,0.02222159132361412
11651,0.00924460869282484
11652,0.009069802239537239
11653,0.011373475193977356
11654,0.008997142314910889
11655,0.009260574355721474
11656,0.019539346918463707
11657,0.014451717957854271
11658,0.013833073899149895
11659,0.011260611936450005
11660,0.012117205187678337
11661,0.008449161425232887
11662,0.008507516235113144
11663,0.011510958895087242
11664,0.007543489336967468
11665,0.01030508428812027
11666,0.00846153125166893
11667,0.008732165209949017
11668,0.02074013650417328
11669,0.00861793290823698
11670,0.012914314866065979
11671,0.010588031262159348
11672,0.008614441379904747
11673,0.008859286084771156
11674,0.011039473116397858
11675,0.011944266967475414
11676,0.00801041629165411
11677,0.00855712965130806
11678,0.011302742175757885
11679,0.008669747970998287
11680,0.007110712584108114
11681,0.028453737497329712
11682,0.008371787145733833
11683,0.008650957606732845
11684,0.007376066409051418
11685,0.008227232843637466
11686,0.04046835005283356
11687,0.009547233581542969
11688,0.01634052023291588
11689,0.008423477411270142
11690,0.008686577901244164
11691,0.008641647174954414
11692,0.008442981168627739
11693,0.011980819515883923
11694,0.007928295060992241
11695,0.3485812544822693
11696,0.011883008293807507
11697,0.013135961256921291
11698,0.00919618085026741
11699,0.013981929048895836
11700,0.00781417265534401
11701,0.014725270681083202
11702,0.008636183105409145
11703,0.007987895980477333
11704,0.01750962808728218
11705,0.00827244482934475
11706,0.009103135205805302
11707,0.007744248490780592
11708,0.009823082946240902
11709,0.007368202321231365
11710,0.007206431590020657
11711,0.00710431020706892
11712,0.007162587717175484
11713,0.007734665181487799
11714,0.007216270547360182
11715,0.009390308521687984
11716,0.006744819693267345
11717,0.017998216673731804
11718,0.012025764212012291
11719,0.152898371219635
11720,0.026908759027719498
11721,0.012171383015811443
11722,0.012829515151679516
11723,0.018239468336105347
11724,0.025338023900985718
11725,0.010903701186180115
11726,0.14404377341270447
11727,0.00890884455293417
11728,0.011391106992959976
11729,0.008468427695333958
11730,0.010775732807815075
11731,0.03909221291542053
11732,0.013718950562179089
11733,0.012307739816606045
11734,0.01749010756611824
11735,0.007343786768615246
11736,0.018387392163276672
11737,0.011013011448085308
11738,0.009139234200119972
11739,0.010823069140315056
11740,0.008693907409906387
11741,0.009708043187856674
11742,0.008560913614928722
11743,0.05705839395523071
11744,0.01913643255829811
11745,0.015281297266483307
11746,0.009152527898550034
11747,0.02645532414317131
11748,0.01039006095379591
11749,0.010349865071475506
11750,0.011273212730884552
11751,0.016124064102768898
11752,0.008235671557486057
11753,0.014740429818630219
11754,0.04531138762831688
11755,0.009333877824246883
11756,0.018796872347593307
11757,0.009097469970583916
11758,0.008808577433228493
11759,0.00842248648405075
11760,0.007867364212870598
11761,0.010997946374118328
11762,0.009700600057840347
11763,0.026285527274012566
11764,0.00877538975328207
11765,0.008290939033031464
11766,0.01186528243124485
11767,0.011900047771632671
11768,0.00949889700859785
11769,0.00874332245439291
11770,0.009774859063327312
11771,0.007924172095954418
11772,0.012853661552071571
11773,0.0105995312333107
11774,0.01710972562432289
11775,0.009571846574544907
11776,0.014971381053328514
11777,0.009162482805550098
11778,0.023080792278051376
11779,0.007116922177374363
11780,0.1361629068851471
11781,0.00939856469631195
11782,0.008308608084917068
11783,0.008116820827126503
11784,0.008691784925758839
11785,0.0214078389108181
11786,0.007742771413177252
11787,0.07082846760749817
11788,0.007162768393754959
11789,0.007346959784626961
11790,0.007815352641046047
11791,0.007138069253414869
11792,0.007402902003377676
11793,0.008008676581084728
11794,0.01376301795244217
11795,0.006776647176593542
11796,0.015288508497178555
11797,0.006675258278846741
11798,0.007142135873436928
11799,0.006824174430221319
11800,0.006632626987993717
11801,0.009403765201568604
11802,0.007452588528394699
11803,0.018730536103248596
11804,0.007628900930285454
11805,0.006809349171817303
11806,0.007048377767205238
11807,0.00715500395745039
11808,0.007032372057437897
11809,0.006338036619126797
11810,0.010870527476072311
11811,0.013186908327043056
11812,0.008009491488337517
11813,0.007853402756154537
11814,0.37748366594314575
11815,0.008951236493885517
11816,0.008653094992041588
11817,0.00823449157178402
11818,0.009606888517737389
11819,0.00819680280983448
11820,0.008425088599324226
11821,0.06823113560676575
11822,0.00747661292552948
11823,0.014212718233466148
11824,0.008455737493932247
11825,0.00876200944185257
11826,0.008542448282241821
11827,0.012055686675012112
11828,0.007407089229673147
11829,0.008798894472420216
11830,0.01369826402515173
11831,0.04606739804148674
11832,0.38217782974243164
11833,0.06811433285474777
11834,0.008250575512647629
11835,0.007900397293269634
11836,0.008682514540851116
11837,0.007210711948573589
11838,0.01073548011481762
11839,0.016247738152742386
11840,0.030131176114082336
11841,0.014672636985778809
11842,0.00806963350623846
11843,0.00963299348950386
11844,0.008985081687569618
11845,0.26816630363464355
11846,0.022716006264090538
11847,0.02350725792348385
11848,0.11821439117193222
11849,0.03193230181932449
11850,0.025138942524790764
11851,0.017033737152814865
11852,0.02339072898030281
11853,0.011014923453330994
11854,0.019244838505983353
11855,0.013496121391654015
11856,0.013259883038699627
11857,0.01577533595263958
11858,0.020436419174075127
11859,0.01939120702445507
11860,0.01756179705262184
11861,0.01464277133345604
11862,0.0467284619808197
11863,0.01639137975871563
11864,0.015669070184230804
11865,0.011587503366172314
11866,0.05602269619703293
11867,0.010019492357969284
11868,0.05298247188329697
11869,0.023435521870851517
11870,0.010736605152487755
11871,0.010378420352935791
11872,0.010765820741653442
11873,0.019095851108431816
11874,0.01135973446071148
11875,0.02987714484333992
11876,0.0984632819890976
11877,0.01334383711218834
11878,0.7481496334075928
11879,0.044949986040592194
11880,0.010773014277219772
11881,0.04011402279138565
11882,0.04481842368841171
11883,0.019771289080381393
11884,0.015423303470015526
11885,0.03394981473684311
11886,0.029007351025938988
11887,0.012488419190049171
11888,0.0215226411819458
11889,0.025253694504499435
11890,0.43510159850120544
11891,0.037860527634620667
11892,0.14665529131889343
11893,0.018658939749002457
11894,0.012160982005298138
11895,0.014832097105681896
11896,0.024896150454878807
11897,0.04003915935754776
11898,0.05887802690267563
11899,0.04138943925499916
11900,0.02067655511200428
11901,0.013062462210655212
11902,0.018500681966543198
11903,0.019775409251451492
11904,0.037733860313892365
11905,0.020777177065610886
11906,0.030024923384189606
11907,0.03251434117555618
11908,0.021083569154143333
11909,0.027159003540873528
11910,0.016065998002886772
11911,0.34341880679130554
11912,0.034575752913951874
11913,0.038074713200330734
11914,0.052780479192733765
11915,0.030135219916701317
11916,0.03501380980014801
11917,0.03827255219221115
11918,0.028059691190719604
11919,0.02627028524875641
11920,0.03232260048389435
11921,0.023293424397706985
11922,0.019720107316970825
11923,0.01765594258904457
11924,0.021250423043966293
11925,0.022160327062010765
11926,0.046284135431051254
11927,0.01539625134319067
11928,0.017323486506938934
11929,0.019888319075107574
11930,0.02501070871949196
11931,0.014805333688855171
11932,0.01919948309659958
11933,0.01748698204755783
11934,0.017646051943302155
11935,0.017743542790412903
11936,0.013756886124610901
11937,0.01206407230347395
11938,0.01566842943429947
11939,0.013407601043581963
11940,0.02796930819749832
11941,0.07403866946697235
11942,0.12823234498500824
11943,0.042237840592861176
11944,0.04305735230445862
11945,0.016299594193696976
11946,0.01876424439251423
11947,0.0283283032476902
11948,0.03196179121732712
11949,0.21606981754302979
11950,0.016098259016871452
11951,0.019837575033307076
11952,0.020281575620174408
11953,0.01831430196762085
11954,0.021824505180120468
11955,0.07535284757614136
11956,0.03501124307513237
11957,0.026617301627993584
11958,0.03133483603596687
11959,0.02248404547572136
11960,0.01753292977809906
11961,0.01929490454494953
11962,0.02986876480281353
11963,0.02479526773095131
11964,0.020770583301782608
11965,0.016685161739587784
11966,0.02036287821829319
11967,0.0205594003200531
11968,0.0709429532289505
11969,0.033499330282211304
11970,0.01598016917705536
11971,0.016001207754015923
11972,0.015217510983347893
11973,0.01488027349114418
11974,0.0834837257862091
11975,0.013218248263001442
11976,0.015176525339484215
11977,0.07368819415569305
11978,0.020020466297864914
11979,0.018516944721341133
11980,0.015341134741902351
11981,0.02699289843440056
11982,0.020911619067192078
11983,0.012117557227611542
11984,0.012546421959996223
11985,0.012308123521506786
11986,0.011652867309749126
11987,0.011881520971655846
11988,0.4703647792339325
11989,0.012436296790838242
11990,0.01795635186135769
11991,0.030437340959906578
11992,0.016438471153378487
11993,0.015673190355300903
11994,0.05818787217140198
11995,0.012801498174667358
11996,0.012272144667804241
11997,0.017915228381752968
11998,0.011708056554198265
11999,0.011323600076138973
12000,0.03060450404882431
12001,0.012520777992904186
12002,0.013363160192966461
12003,0.01621931791305542
12004,0.01127449981868267
12005,0.01107073575258255
12006,0.010351177304983139
12007,0.035392798483371735
12008,0.01220773160457611
12009,0.016451558098196983
12010,0.01738095097243786
12011,0.012910621240735054
12012,0.009691296145319939
12013,0.009128951467573643
12014,0.011724194511771202
12015,0.00932651199400425
12016,0.009332649409770966
12017,0.00989436637610197
12018,0.0105669517070055
12019,0.009109393693506718
12020,0.017708729952573776
12021,0.011219765059649944
12022,0.009510536678135395
12023,0.008175867609679699
12024,0.008300635032355785
12025,0.008297210559248924
12026,0.01379886083304882
12027,0.008415473625063896
12028,0.012096485123038292
12029,0.019159521907567978
12030,0.011606847867369652
12031,0.007059936411678791
12032,0.008199149742722511
12033,0.017346492037177086
12034,0.008003728464245796
12035,0.0112716443836689
12036,0.007851507514715195
12037,0.008122827857732773
12038,0.007753003388643265
12039,0.009416468441486359
12040,0.012059932574629784
12041,0.008152341470122337
12042,0.010680491104722023
12043,0.024042945355176926
12044,0.007265309803187847
12045,0.007479406893253326
12046,0.016238993033766747
12047,0.007371941115707159
12048,0.008318517357110977
12049,0.03317905589938164
12050,0.007949817925691605
12051,0.008462422527372837
12052,0.014939656481146812
12053,0.008449690416455269
12054,0.007568840868771076
12055,0.007881443947553635
12056,0.007495086174458265
12057,0.02334430441260338
12058,0.059992801398038864
12059,0.010233692824840546
12060,0.008726581931114197
12061,0.007016208954155445
12062,0.10393156111240387
12063,0.009707171469926834
12064,0.03798811882734299
12065,0.007682632654905319
12066,0.024440892040729523
12067,0.017445966601371765
12068,0.012558307498693466
12069,0.012358355335891247
12070,0.008459147065877914
12071,0.008394349366426468
12072,0.009924239479005337
12073,0.03714405745267868
12074,0.011127687990665436
12075,0.0336536280810833
12076,0.02745615318417549
12077,0.009002895094454288
12078,0.007659748196601868
12079,0.01818198710680008
12080,0.01925284042954445
12081,0.013168521225452423
12082,0.010484062135219574
12083,0.01037256047129631
12084,0.03462591767311096
12085,0.008936978876590729
12086,0.009567524306476116
12087,0.011447254568338394
12088,0.00885666161775589
12089,0.008532678708434105
12090,0.015878736972808838
12091,0.009851306676864624
12092,0.02288585528731346
12093,0.008209820836782455
12094,0.012013576924800873
12095,0.00803568959236145
12096,0.007645099423825741
12097,0.008079062215983868
12098,0.00824623554944992
12099,0.008512204512953758
12100,0.008277933113276958
12101,0.007185782305896282
12102,0.01202396210283041
12103,0.015711452811956406
12104,0.010980680584907532
12105,0.010220030322670937
12106,0.0081216711550951
12107,0.01817230135202408
12108,0.00808735378086567
12109,0.008330103941261768
12110,0.008404634892940521
12111,0.008350955322384834
12112,0.00747712654992938
12113,0.007999922148883343
12114,0.13625703752040863
12115,0.012568136677145958
12116,0.023936092853546143
12117,0.009945427998900414
12118,0.013652081601321697
12119,0.01408083550632
12120,0.01219010166823864
12121,0.009234294295310974
12122,0.04231427237391472
12123,0.008371632546186447
12124,0.00982638355344534
12125,0.009579592384397984
12126,0.012960001826286316
12127,0.010695159435272217
12128,0.011652818880975246
12129,0.007362662814557552
12130,0.022025709971785545
12131,0.03058594837784767
12132,0.01091417670249939
12133,0.009868566878139973
12134,0.009695654734969139
12135,0.008744152262806892
12136,0.022920390591025352
12137,0.00950198620557785
12138,0.008742474019527435
12139,0.012307888828217983
12140,0.007331888657063246
12141,0.008477676659822464
12142,0.008375253528356552
12143,0.007672847714275122
12144,0.008211969397962093
12145,0.008385829627513885
12146,0.00830705277621746
12147,0.013467468321323395
12148,0.007441422902047634
12149,0.007995737716555595
12150,0.006861429195851088
12151,0.009916801005601883
12152,0.010354043915867805
12153,0.008056468330323696
12154,0.008212454617023468
12155,0.016357943415641785
12156,0.01006324589252472
12157,0.016348114237189293
12158,0.0072729820385575294
12159,0.008281784132122993
12160,0.007267512381076813
12161,0.006642667111009359
12162,0.00921831838786602
12163,0.0070464517921209335
12164,0.012902704998850822
12165,0.007098696194589138
12166,0.020013613626360893
12167,0.019155649468302727
12168,0.010727412067353725
12169,0.007324302103370428
12170,0.6103273630142212
12171,0.015150224789977074
12172,0.027541598305106163
12173,0.008963624015450478
12174,0.028435474261641502
12175,0.02331654354929924
12176,0.0124738160520792
12177,0.0146286366507411
12178,0.015820767730474472
12179,0.011960096657276154
12180,0.009947801008820534
12181,0.009814413264393806
12182,0.014816823415458202
12183,0.011205587536096573
12184,0.009086628444492817
12185,0.026104435324668884
12186,0.008092006668448448
12187,0.009140470996499062
12188,0.0077203260734677315
12189,0.008546384051442146
12190,0.00876786932349205
12191,0.009938682429492474
12192,0.008877596817910671
12193,0.00851667020469904
12194,0.009373871609568596
12195,0.012296875938773155
12196,0.0361342653632164
12197,0.010784211568534374
12198,0.011926254257559776
12199,0.0089712580665946
12200,0.03018742799758911
12201,0.009427232667803764
12202,0.008431732654571533
12203,0.007458326872438192
12204,0.007744604721665382
12205,0.006979306694120169
12206,0.013677334412932396
12207,0.012489916756749153
12208,0.00945555791258812
12209,0.008543821051716805
12210,0.006878691725432873
12211,0.007905157282948494
12212,0.006103239022195339
12213,0.017932124435901642
12214,0.010224582627415657
12215,0.007163816597312689
12216,0.007574369199573994
12217,0.016822148114442825
12218,0.07193734496831894
12219,0.0216501634567976
12220,0.013334807008504868
12221,0.007134562358260155
12222,0.010297349654138088
12223,0.012618981301784515
12224,0.3354153037071228
12225,0.10368387401103973
12226,0.016095662489533424
12227,0.017976032570004463
12228,0.028471384197473526
12229,0.015899280086159706
12230,0.013224589638411999
12231,0.010854042135179043
12232,0.07814355194568634
12233,0.008443821221590042
12234,0.011681853793561459
12235,0.007329714950174093
12236,0.009036706760525703
12237,0.009338535368442535
12238,0.008655468001961708
12239,0.007289432920515537
12240,0.0426822155714035
12241,0.007891879417002201
12242,0.008444176986813545
12243,0.015182234346866608
12244,0.007946657948195934
12245,0.008587101474404335
12246,0.015197202563285828
12247,0.05666021257638931
12248,0.010164003819227219
12249,0.01952691376209259
12250,0.00889102928340435
12251,0.02473939023911953
12252,0.5316451191902161
12253,0.015068918466567993
12254,0.014073856174945831
12255,0.0089959017932415
12256,0.009810157120227814
12257,0.02628301829099655
12258,0.016765451058745384
12259,0.010929557494819164
12260,0.009925502352416515
12261,0.24522188305854797
12262,0.0724634975194931
12263,0.06123707816004753
12264,0.026630785316228867
12265,0.01510930061340332
12266,0.059625521302223206
12267,0.04090447723865509
12268,0.02200627326965332
12269,0.01759135164320469
12270,0.026208890601992607
12271,0.05640638619661331
12272,0.01966020092368126
12273,0.08455927670001984
12274,0.3036147952079773
12275,0.04595087096095085
12276,0.05544435232877731
12277,0.04204685986042023
12278,0.02671385370194912
12279,0.020200561732053757
12280,0.031922124326229095
12281,0.10566198080778122
12282,0.04219982028007507
12283,0.035105470567941666
12284,0.09548565000295639
12285,0.04921410605311394
12286,0.03676009923219681
12287,0.027104362845420837
12288,0.018883703276515007
12289,0.021848080679774284
12290,0.02926412597298622
12291,0.030727079138159752
12292,0.046681493520736694
12293,0.04142230749130249
12294,0.02045595273375511
12295,0.030704732984304428
12296,0.03142354637384415
12297,0.030294563621282578
12298,0.025789663195610046
12299,0.016941886395215988
12300,0.0162824597209692
12301,0.017068224027752876
12302,0.022965557873249054
12303,0.02339683473110199
12304,0.017453614622354507
12305,0.025682568550109863
12306,0.0152755631133914
12307,0.01566372625529766
12308,0.01768140122294426
12309,0.046544477343559265
12310,0.013343345373868942
12311,0.012227321043610573
12312,0.01562398113310337
12313,0.014600726775825024
12314,0.012437756173312664
12315,0.014590675942599773
12316,0.014034992083907127
12317,0.011567561887204647
12318,0.012157830409705639
12319,0.012135210447013378
12320,0.011606111191213131
12321,0.016865985468029976
12322,0.015444694086909294
12323,0.009881187230348587
12324,0.00931972824037075
12325,0.0131846247240901
12326,0.008597919717431068
12327,0.039545901119709015
12328,0.013917302712798119
12329,0.012259110808372498
12330,0.017144693061709404
12331,0.014936204068362713
12332,0.019057482481002808
12333,0.01295504905283451
12334,0.017053429037332535
12335,0.009364744648337364
12336,0.010345256887376308
12337,0.01012987457215786
12338,0.008028884418308735
12339,0.009373011067509651
12340,0.03893467038869858
12341,0.017892949283123016
12342,0.00857122428715229
12343,0.008228997699916363
12344,0.008609193377196789
12345,0.017502229660749435
12346,0.008759725838899612
12347,0.017208924517035484
12348,0.017777277156710625
12349,0.010542812757194042
12350,0.008679850958287716
12351,0.00784493237733841
12352,0.02859281748533249
12353,0.008912473917007446
12354,0.010360492393374443
12355,0.011244140565395355
12356,0.017609328031539917
12357,0.1643357127904892
12358,0.022393811494112015
12359,0.026175029575824738
12360,0.14783701300621033
12361,0.01347191259264946
12362,0.020539168268442154
12363,0.01817375421524048
12364,0.032545674592256546
12365,0.022234540432691574
12366,0.02131052315235138
12367,0.009922648780047894
12368,0.010455629788339138
12369,0.011463332921266556
12370,0.010617908090353012
12371,0.011788534000515938
12372,0.01746681146323681
12373,0.01181030459702015
12374,0.010817818343639374
12375,0.01030152477324009
12376,0.011063983663916588
12377,0.00931462086737156
12378,0.009924734011292458
12379,0.02798483893275261
12380,0.015532352030277252
12381,0.013956604525446892
12382,0.011511242017149925
12383,0.00877312384545803
12384,0.01083818357437849
12385,0.013003232888877392
12386,0.013570388779044151
12387,0.011300137266516685
12388,0.011529199779033661
12389,0.01263345219194889
12390,0.009778544306755066
12391,0.01554153859615326
12392,0.011935348622500896
12393,0.01156279444694519
12394,0.00839584693312645
12395,0.010213933885097504
12396,0.03518172353506088
12397,0.01021510735154152
12398,0.08246733993291855
12399,0.015720903873443604
12400,0.010373859666287899
12401,0.00816893670707941
12402,0.4244115352630615
12403,0.03181513398885727
12404,0.008621163666248322
12405,0.00853526871651411
12406,0.01001313142478466
12407,0.03142678365111351
12408,0.008861839771270752
12409,0.013377144001424313
12410,0.010671637952327728
12411,0.041601672768592834
12412,0.013210381381213665
12413,0.03428710997104645
12414,0.010733617469668388
12415,0.009694123640656471
12416,0.008953481912612915
12417,0.008153321221470833
12418,0.031121548265218735
12419,0.028195153921842575
12420,0.034134045243263245
12421,0.01036914810538292
12422,0.01020756270736456
12423,0.010407937690615654
12424,0.009355561807751656
12425,0.009474514983594418
12426,0.010734091512858868
12427,0.011209137737751007
12428,0.011871015653014183
12429,0.00845822412520647
12430,0.027011141180992126
12431,0.013084936887025833
12432,0.00802258774638176
12433,0.009937223978340626
12434,0.012825258076190948
12435,0.08878639340400696
12436,0.011744312010705471
12437,0.008969898335635662
12438,0.007997062057256699
12439,0.0074719758704304695
12440,0.12265374511480331
12441,0.00906105525791645
12442,0.009199146181344986
12443,0.00904051959514618
12444,0.012098880484700203
12445,0.008572611957788467
12446,0.009311982430517673
12447,0.007487487979233265
12448,0.031141867861151695
12449,0.007020134478807449
12450,0.009228779934346676
12451,0.0073303719982504845
12452,0.02905752882361412
12453,0.013154531829059124
12454,0.048062290996313095
12455,0.013324102386832237
12456,0.010465211234986782
12457,0.007009141147136688
12458,0.008955730125308037
12459,0.010712092742323875
12460,0.00971884373575449
12461,0.00828710850328207
12462,0.03648483008146286
12463,0.010668802075088024
12464,0.009299632161855698
12465,0.007653183303773403
12466,0.02906995639204979
12467,0.009307528845965862
12468,0.008604401722550392
12469,0.01856369338929653
12470,0.008884025737643242
12471,0.00899746548384428
12472,0.006956899538636208
12473,0.009153557941317558
12474,0.02750280126929283
12475,0.009440889582037926
12476,0.00897914171218872
12477,0.007283088751137257
12478,0.00747317960485816
12479,0.009955874644219875
12480,0.007189270108938217
12481,0.007325002457946539
12482,0.055439915508031845
12483,0.007552692200988531
12484,0.008291114121675491
12485,0.008266249671578407
12486,0.007420800626277924
12487,0.034087151288986206
12488,0.025970082730054855
12489,0.009440608322620392
12490,0.007535981014370918
12491,0.04681944474577904
12492,0.030176609754562378
12493,0.030771560966968536
12494,0.009381971322000027
12495,0.011505006812512875
12496,0.024311259388923645
12497,0.00720590353012085
12498,0.010593201033771038
12499,0.017141930758953094
12500,0.009139196947216988
12501,0.015173680149018764
12502,0.007386801298707724
12503,0.011505557224154472
12504,0.008483233861625195
12505,0.007284637540578842
12506,0.06066739186644554
12507,0.010636272840201855
12508,0.011280082166194916
12509,0.006826970726251602
12510,0.07463322579860687
12511,0.01039322093129158
12512,0.011315490119159222
12513,0.008409582078456879
12514,0.013080759905278683
12515,0.00868755578994751
12516,0.0089995376765728
12517,0.00795862264931202
12518,0.008665663190186024
12519,0.009015658870339394
12520,0.006873612757772207
12521,0.0072670443914830685
12522,0.039940543472766876
12523,0.018186718225479126
12524,0.010784519836306572
12525,0.008221954107284546
12526,0.015107868239283562
12527,0.00777884665876627
12528,0.008916109800338745
12529,0.006891130935400724
12530,0.007231773808598518
12531,0.007319730706512928
12532,0.009586925618350506
12533,0.039783962070941925
12534,0.008931459859013557
12535,0.008601897396147251
12536,0.010443218052387238
12537,0.10219486802816391
12538,0.00806477852165699
12539,0.008591383695602417
12540,0.0074278078973293304
12541,0.007480768021196127
12542,0.010993397794663906
12543,0.012740567326545715
12544,0.02898806892335415
12545,0.011648153886198997
12546,0.010273803025484085
12547,0.007327724248170853
12548,0.025077519938349724
12549,0.02066127024590969
12550,0.018867554143071175
12551,0.01615767925977707
12552,0.009126564487814903
12553,0.013819027692079544
12554,0.015121662989258766
12555,0.018463389948010445
12556,0.012782780453562737
12557,0.02013804018497467
12558,0.011258970946073532
12559,0.009132876060903072
12560,0.012255184352397919
12561,0.13209177553653717
12562,0.016047095879912376
12563,0.02208433300256729
12564,0.01403601374477148
12565,0.009819654747843742
12566,0.021461864933371544
12567,0.018883712589740753
12568,0.027481019496917725
12569,0.013130683451890945
12570,0.015214547514915466
12571,0.010003740899264812
12572,0.0105600506067276
12573,0.012495391070842743
12574,0.014140958897769451
12575,0.010159912519156933
12576,0.01136151235550642
12577,0.011431860737502575
12578,0.009055208414793015
12579,0.019191768020391464
12580,0.04720481485128403
12581,0.02047206647694111
12582,0.022923750802874565
12583,0.01964365690946579
12584,0.012095857411623001
12585,0.013269755989313126
12586,0.015280304476618767
12587,0.01711500808596611
12588,0.01773102954030037
12589,0.013821206986904144
12590,0.014744567684829235
12591,0.01401168666779995
12592,0.010119318030774593
12593,0.012551217339932919
12594,0.018334979191422462
12595,0.011670909821987152
12596,0.011832362040877342
12597,0.01446719840168953
12598,0.026775430887937546
12599,0.009933418594300747
12600,0.008442188613116741
12601,0.00913293194025755
12602,0.008943140506744385
12603,0.010918287560343742
12604,0.00837224442511797
12605,0.007435319479554892
12606,0.014989363960921764
12607,0.019847404211759567
12608,0.04539325088262558
12609,0.014113633893430233
12610,0.011652037501335144
12611,0.00793659221380949
12612,0.026689525693655014
12613,0.01028493419289589
12614,0.017165934666991234
12615,0.009313775226473808
12616,0.008403867483139038
12617,0.007543042302131653
12618,0.013411848805844784
12619,0.007770919241011143
12620,0.046959638595581055
12621,0.009147380478680134
12622,0.014590313658118248
12623,0.00923855509608984
12624,0.021718274801969528
12625,0.009743567556142807
12626,0.009133964776992798
12627,0.01887015625834465
12628,0.006852743215858936
12629,0.008446484804153442
12630,0.04836973547935486
12631,0.011071411892771721
12632,0.019360650330781937
12633,0.009908472187817097
12634,0.008804833516478539
12635,0.07085303962230682
12636,0.0185441542416811
12637,0.017682749778032303
12638,0.006784783210605383
12639,0.009824639186263084
12640,0.010431541129946709
12641,0.007498153485357761
12642,0.007787096779793501
12643,0.012537344358861446
12644,0.006225011311471462
12645,0.01089504174888134
12646,0.008832002058625221
12647,0.006290265824645758
12648,0.006849939934909344
12649,0.10312975943088531
12650,0.011581191793084145
12651,0.011218665167689323
12652,0.00821810495108366
12653,0.05962534248828888
12654,0.010853665880858898
12655,0.024055426940321922
12656,0.0076103778555989265
12657,0.06428232789039612
12658,0.018401602283120155
12659,0.014158672653138638
12660,0.016966821625828743
12661,0.01054864190518856
12662,0.007529705762863159
12663,0.04509783908724785
12664,0.009552745148539543
12665,0.027220865711569786
12666,0.012614360079169273
12667,0.02132517844438553
12668,0.007788395043462515
12669,0.011076493188738823
12670,0.011523289605975151
12671,0.02438691258430481
12672,0.013441845774650574
12673,0.04852401465177536
12674,0.007973743602633476
12675,0.00833315309137106
12676,0.0072240643203258514
12677,0.007899590767920017
12678,0.009328804910182953
12679,0.009268147870898247
12680,0.01916724257171154
12681,0.007509257644414902
12682,0.006899605505168438
12683,0.0072983792051672935
12684,0.012550001963973045
12685,0.0075114513747394085
12686,0.008453710936009884
12687,0.007649332284927368
12688,0.007044201251119375
12689,0.03551401197910309
12690,0.007444341666996479
12691,0.008651974610984325
12692,0.006880156230181456
12693,0.007710959762334824
12694,0.027556216344237328
12695,0.009825251065194607
12696,0.015667272731661797
12697,0.0069236159324646
12698,0.015722330659627914
12699,0.00682294275611639
12700,0.008036501705646515
12701,0.3743053078651428
12702,0.010783066973090172
12703,0.016817301511764526
12704,0.009052835404872894
12705,0.012801893055438995
12706,0.010168641805648804
12707,0.013780929148197174
12708,0.023337481543421745
12709,0.009862111881375313
12710,0.04669277369976044
12711,0.01019021775573492
12712,0.010390390641987324
12713,0.023657172918319702
12714,0.009843461215496063
12715,0.02914014458656311
12716,0.01078062504529953
12717,0.009510318748652935
12718,0.009105040691792965
12719,0.008743268437683582
12720,0.008131287060678005
12721,0.009695541113615036
12722,0.009108979254961014
12723,0.008927756920456886
12724,0.008736548013985157
12725,0.02072448469698429
12726,0.011365878395736217
12727,0.012720339000225067
12728,0.008981081657111645
12729,0.007997648790478706
12730,0.008041839115321636
12731,0.008485719561576843
12732,0.009798269718885422
12733,0.008929956704378128
12734,0.008096517994999886
12735,0.007762995548546314
12736,0.007647570222616196
12737,0.0066576553508639336
12738,0.007710437290370464
12739,0.007977943867444992
12740,0.006640933454036713
12741,0.008124154061079025
12742,0.008482957258820534
12743,0.007731474936008453
12744,0.007122540380805731
12745,0.009816208854317665
12746,0.007669282145798206
12747,0.015890829265117645
12748,0.014483673498034477
12749,0.009525032714009285
12750,0.007910831831395626
12751,0.006489630322903395
12752,0.00732083385810256
12753,0.006726409308612347
12754,0.006289913319051266
12755,0.006981818936765194
12756,0.007450370118021965
12757,0.007310595363378525
12758,0.007128712721168995
12759,0.0057912166230380535
12760,0.008757095783948898
12761,0.0065999990329146385
12762,0.006741371005773544
12763,0.014252923429012299
12764,0.006875139661133289
12765,0.17571362853050232
12766,0.013905435800552368
12767,0.00650061247870326
12768,0.2974645793437958
12769,0.008192773908376694
12770,0.011143285781145096
12771,0.009669004939496517
12772,0.009433120489120483
12773,0.015843909233808517
12774,0.009172337129712105
12775,0.007828572764992714
12776,0.007063329219818115
12777,0.025658054277300835
12778,0.013257714919745922
12779,0.010521434247493744
12780,0.007341641932725906
12781,0.008421976119279861
12782,0.008312786929309368
12783,0.011806037276983261
12784,0.011184888891875744
12785,0.00885715615004301
12786,0.0077516152523458
12787,0.01014227420091629
12788,0.008045684546232224
12789,0.012555230408906937
12790,0.012255693785846233
12791,0.008892543613910675
12792,0.01600375398993492
12793,0.011361902579665184
12794,0.014622381888329983
12795,0.026262983679771423
12796,0.011503148823976517
12797,0.007701992057263851
12798,0.024541398510336876
12799,0.008583645336329937
12800,0.015151615254580975
12801,0.00899592973291874
12802,0.022675063461065292
12803,0.008152894675731659
12804,0.009751047007739544
12805,0.009001871570944786
12806,0.007347883190959692
12807,0.008263769559562206
12808,0.013912312686443329
12809,0.010906155221164227
12810,0.009292002767324448
12811,0.007602608762681484
12812,0.011488337069749832
12813,0.009577371180057526
12814,0.00701373815536499
12815,0.008486581966280937
12816,0.007228098344057798
12817,0.007662775926291943
12818,0.02301490679383278
12819,0.008531126193702221
12820,0.006425576284527779
12821,0.006497281603515148
12822,0.01920546591281891
12823,0.034916311502456665
12824,0.011380275711417198
12825,0.011822729371488094
12826,0.009403996169567108
12827,0.010106399655342102
12828,0.01045811828225851
12829,0.1032198965549469
12830,0.04156504571437836
12831,0.021548178046941757
12832,0.007156487088650465
12833,0.013241225853562355
12834,0.012183820828795433
12835,0.007475496735423803
12836,0.010013388469815254
12837,0.008989769965410233
12838,0.007147925905883312
12839,0.028005894273519516
12840,0.006205533631145954
12841,0.01066901907324791
12842,0.009843731299042702
12843,0.02215423248708248
12844,0.007873783819377422
12845,0.012718620710074902
12846,0.009492520242929459
12847,0.06665755063295364
12848,0.015831056982278824
12849,0.011167995631694794
12850,0.03162477910518646
12851,0.008866009302437305
12852,0.007708774413913488
12853,0.01042400673031807
12854,0.006825392600148916
12855,0.008326253853738308
12856,0.01189243420958519
12857,0.00929483212530613
12858,0.007636701688170433
12859,0.006569507997483015
12860,0.011480342596769333
12861,0.006775042973458767
12862,0.009281320497393608
12863,0.007804290857166052
12864,0.009804405272006989
12865,0.007071980275213718
12866,0.008960748091340065
12867,0.006877891719341278
12868,0.016405850648880005
12869,0.009368948638439178
12870,0.02136842906475067
12871,0.00997809786349535
12872,0.008792356587946415
12873,0.01287972554564476
12874,0.006390787661075592
12875,0.011923622339963913
12876,0.010968264192342758
12877,0.009389707818627357
12878,0.008848851546645164
12879,0.006034082733094692
12880,0.013758046552538872
12881,0.010454889386892319
12882,0.008079216815531254
12883,0.007177822291851044
12884,0.010445235297083855
12885,0.008177483454346657
12886,0.007428027223795652
12887,0.02541649341583252
12888,0.007592254783958197
12889,0.006330539938062429
12890,0.007396736182272434
12891,0.006561866030097008
12892,0.00697685033082962
12893,0.006106792949140072
12894,0.005851236637681723
12895,0.014035589061677456
12896,0.0063910335302352905
12897,0.006361133418977261
12898,0.006681359838694334
12899,0.024160098284482956
12900,0.007153855171054602
12901,0.006984641309827566
12902,0.006133204326033592
12903,0.006359844468533993
12904,0.021678760647773743
12905,0.011148354038596153
12906,0.008503412827849388
12907,0.009646802209317684
12908,0.0058700814843177795
12909,0.008836708962917328
12910,0.007034715265035629
12911,0.0068784430623054504
12912,0.0063591888174414635
12913,0.006340657826513052
12914,0.011458203196525574
12915,0.01331215538084507
12916,0.01709877699613571
12917,0.008232083171606064
12918,0.0064783222042024136
12919,0.04574389383196831
12920,0.0065079908818006516
12921,0.011305502615869045
12922,0.008254718035459518
12923,0.007617625407874584
12924,0.00863274373114109
12925,0.007000067736953497
12926,0.0069707478396594524
12927,0.008409248664975166
12928,0.006786555051803589
12929,0.026523908600211143
12930,0.012935138307511806
12931,0.009547747671604156
12932,0.006291694939136505
12933,0.00918986089527607
12934,0.08216165006160736
12935,0.016801048070192337
12936,0.022129764780402184
12937,0.009715462103486061
12938,0.011818530969321728
12939,0.019915496930480003
12940,0.015413090586662292
12941,0.012927548959851265
12942,0.011325947940349579
12943,0.07169489562511444
12944,0.010336576029658318
12945,0.016298694536089897
12946,0.042593978345394135
12947,0.013943497091531754
12948,0.0199301578104496
12949,0.009778166189789772
12950,0.01034167967736721
12951,0.010105672292411327
12952,0.010778948664665222
12953,0.008312998339533806
12954,0.00814313255250454
12955,0.011044822633266449
12956,0.029604166746139526
12957,0.00963673461228609
12958,0.007664981298148632
12959,0.012320625595748425
12960,0.5926826596260071
12961,0.009388880804181099
12962,0.008275806903839111
12963,0.007162556052207947
12964,0.006609122268855572
12965,0.05164886638522148
12966,0.021560188382864
12967,0.03323208540678024
12968,0.009611285291612148
12969,0.008463988080620766
12970,0.13365831971168518
12971,0.01671762950718403
12972,0.013540321961045265
12973,0.010216474533081055
12974,0.014107204042375088
12975,0.013500827364623547
12976,0.008225062862038612
12977,0.01655418798327446
12978,0.018553735688328743
12979,0.008175497874617577
12980,0.010270901024341583
12981,0.2300182580947876
12982,0.06628219038248062
12983,0.07782010734081268
12984,0.01585780829191208
12985,0.029395800083875656
12986,0.13906705379486084
12987,0.044672973453998566
12988,0.029121724888682365
12989,0.03612828627228737
12990,0.022190716117620468
12991,0.03131017088890076
12992,0.03203749656677246
12993,0.025659315288066864
12994,0.020203210413455963
12995,0.019947070628404617
12996,0.02113981544971466
12997,0.02513742446899414
12998,0.029995134100317955
12999,0.023483172059059143
13000,0.027407674118876457
13001,0.014062955975532532
13002,0.015170862898230553
13003,0.015581652522087097
13004,0.02185618132352829
13005,0.01129130832850933
13006,0.058486372232437134
13007,0.017207857221364975
13008,0.020334534347057343
13009,0.017577016726136208
13010,0.01781409978866577
13011,0.014763809740543365
13012,0.011640789918601513
13013,0.010611310601234436
13014,0.02306036278605461
13015,0.008754413574934006
13016,0.009254388511180878
13017,0.012447003275156021
13018,0.010122036561369896
13019,0.009021930396556854
13020,0.00990383606404066
13021,0.010712887160480022
13022,0.010906483978033066
13023,0.009180305525660515
13024,0.00767791923135519
13025,0.00878605991601944
13026,0.03360685706138611
13027,0.011956730857491493
13028,0.011044958606362343
13029,0.013436204753816128
13030,0.018137214705348015
13031,0.007937153801321983
13032,0.016520339995622635
13033,0.008225064724683762
13034,0.010200847871601582
13035,0.0069783953949809074
13036,0.00694268150255084
13037,0.008349173702299595
13038,0.011403558775782585
13039,0.006532201077789068
13040,0.00794549472630024
13041,0.006917064543813467
13042,0.009309370070695877
13043,0.007099219597876072
13044,0.006509026046842337
13045,0.0074537466280162334
13046,0.006666194181889296
13047,0.006687703542411327
13048,0.008179198950529099
13049,0.006732461042702198
13050,0.01125410571694374
13051,0.009419990703463554
13052,0.007893064059317112
13053,0.010213958099484444
13054,0.011640826240181923
13055,0.0071333907544612885
13056,0.03037288784980774
13057,0.008944705128669739
13058,0.008707525208592415
13059,0.009613154456019402
13060,0.010670989751815796
13061,0.008565313182771206
13062,0.009615546092391014
13063,0.00709234643727541
13064,0.01736302301287651
13065,0.011126868426799774
13066,0.016420183703303337
13067,0.012301000766456127
13068,0.00860373955219984
13069,0.00863309483975172
13070,0.19612571597099304
13071,0.050444748252630234
13072,0.06845515221357346
13073,0.02351241372525692
13074,0.022595882415771484
13075,0.037691496312618256
13076,0.04745175689458847
13077,0.02929132804274559
13078,0.018095020204782486
13079,0.01648848131299019
13080,0.18827436864376068
13081,0.027862265706062317
13082,0.03483368456363678
13083,0.02691136673092842
13084,0.025060003623366356
13085,0.024069158360362053
13086,0.025569207966327667
13087,0.030032243579626083
13088,0.046338438987731934
13089,0.020016055554151535
13090,0.02279992215335369
13091,0.02734193205833435
13092,0.02995271608233452
13093,0.02062373422086239
13094,0.0186455175280571
13095,0.018607664853334427
13096,0.020712539553642273
13097,0.026832012459635735
13098,0.015369651839137077
13099,0.0725909173488617
13100,0.025166787207126617
13101,0.023294975981116295
13102,0.015452957712113857
13103,0.07254454493522644
13104,0.014301089569926262
13105,0.026583023369312286
13106,0.011874249204993248
13107,0.012117734178900719
13108,0.013883471488952637
13109,0.029158299788832664
13110,0.013910132460296154
13111,0.013335729949176311
13112,0.016625002026557922
13113,0.011916164308786392
13114,0.010671193711459637
13115,0.023676257580518723
13116,0.009759513661265373
13117,0.545962393283844
13118,0.02572563849389553
13119,0.056480955332517624
13120,0.017408091574907303
13121,0.016052966937422752
13122,0.015304806642234325
13123,0.011212947778403759
13124,0.012606248259544373
13125,0.014102950692176819
13126,0.011783327907323837
13127,0.01114753820002079
13128,0.01181468553841114
13129,0.01170512568205595
13130,0.009535187855362892
13131,0.022866729646921158
13132,0.05130809545516968
13133,0.01869330368936062
13134,0.03270002827048302
13135,0.01923082023859024
13136,0.009647750295698643
13137,0.011038116179406643
13138,0.011168008670210838
13139,0.0212564580142498
13140,0.011466702446341515
13141,0.011647744104266167
13142,0.01315049733966589
13143,0.010376633144915104
13144,0.019109532237052917
13145,0.008953073993325233
13146,0.259288489818573
13147,0.018172122538089752
13148,0.04525669664144516
13149,0.012347245588898659
13150,0.017019493505358696
13151,0.016240976750850677
13152,0.019517920911312103
13153,0.010673041455447674
13154,0.01676926761865616
13155,0.016146056354045868
13156,0.01167723536491394
13157,0.011333782225847244
13158,0.015388964675366879
13159,0.01285642385482788
13160,0.011544442735612392
13161,0.01229262538254261
13162,0.01155022718012333
13163,0.009081427939236164
13164,0.00958829652518034
13165,0.009199198335409164
13166,0.00869196467101574
13167,0.010010721161961555
13168,0.008462682366371155
13169,0.010249625891447067
13170,0.007847614586353302
13171,0.025065675377845764
13172,0.009651645086705685
13173,0.011894929222762585
13174,0.00758641492575407
13175,0.011273503303527832
13176,0.008128238841891289
13177,0.008935411460697651
13178,0.008678629994392395
13179,0.007488866336643696
13180,0.007436293177306652
13181,0.008587704971432686
13182,0.007624366786330938
13183,0.011919565498828888
13184,0.0070473081432282925
13185,0.42169317603111267
13186,0.04427867382764816
13187,0.03726373612880707
13188,0.010851702652871609
13189,0.04249417409300804
13190,0.03952912241220474
13191,0.026773154735565186
13192,0.012481021694839
13193,0.020640959963202477
13194,0.04012142866849899
13195,0.018831253051757812
13196,0.05119764432311058
13197,0.024485670030117035
13198,0.03434492647647858
13199,0.03408588841557503
13200,0.030354438349604607
13201,0.020637748762965202
13202,0.03064560517668724
13203,0.08523329347372055
13204,0.02358834445476532
13205,0.023350706323981285
13206,0.020818669348955154
13207,0.024252591654658318
13208,0.017755966633558273
13209,0.05139263719320297
13210,0.021331317722797394
13211,0.017551563680171967
13212,0.014610132202506065
13213,0.05049292743206024
13214,0.012342441827058792
13215,0.01582733914256096
13216,0.018540389835834503
13217,0.013374924659729004
13218,0.014438758604228497
13219,0.014056290499866009
13220,0.011500599794089794
13221,0.01120663434267044
13222,0.01550562959164381
13223,0.009135894477367401
13224,0.024238664656877518
13225,0.011135971173644066
13226,0.03035622462630272
13227,0.007671037223190069
13228,0.39185604453086853
13229,0.02313004434108734
13230,0.03016645461320877
13231,0.017078828066587448
13232,0.11503478139638901
13233,0.02295951545238495
13234,0.0291169174015522
13235,0.025844823569059372
13236,0.018294818699359894
13237,0.14455820620059967
13238,0.010336882434785366
13239,0.025414010509848595
13240,0.014834701083600521
13241,0.014471357688307762
13242,0.011787878349423409
13243,0.029799481853842735
13244,0.01631368324160576
13245,0.01986704021692276
13246,0.013383012264966965
13247,0.015330372378230095
13248,0.2244296669960022
13249,0.012102290987968445
13250,0.025336137041449547
13251,0.014014242216944695
13252,0.011396398767828941
13253,0.012291664257645607
13254,0.049259722232818604
13255,0.05066094920039177
13256,0.03630521893501282
13257,0.053267400711774826
13258,0.12328966706991196
13259,0.02330092154443264
13260,0.02670082077383995
13261,0.031848542392253876
13262,0.030894272029399872
13263,0.0396830253303051
13264,0.014088891446590424
13265,0.019898198544979095
13266,0.03351163864135742
13267,0.01865658164024353
13268,0.02002696320414543
13269,0.029089920222759247
13270,0.027742400765419006
13271,0.08728301525115967
13272,0.02088518999516964
13273,0.031382396817207336
13274,0.027084913104772568
13275,0.022319048643112183
13276,0.012592820450663567
13277,0.00959767121821642
13278,0.03183621168136597
13279,0.01489828061312437
13280,0.01082730945199728
13281,0.020862150937318802
13282,0.011709364131093025
13283,0.011509782634675503
13284,0.01578812673687935
13285,0.009997992776334286
13286,0.013667941093444824
13287,0.008816207759082317
13288,0.011117830872535706
13289,0.007624512072652578
13290,0.009636739268898964
13291,0.013675803318619728
13292,0.00951086450368166
13293,0.04424464702606201
13294,0.011409647762775421
13295,0.011544215492904186
13296,0.007842062041163445
13297,0.008642454631626606
13298,0.013052191585302353
13299,0.008466825820505619
13300,0.007732025347650051
13301,0.01849880814552307
13302,0.010009825229644775
13303,0.011304895393550396
13304,0.012476349249482155
13305,0.007803644984960556
13306,0.007811930030584335
13307,0.00792725570499897
13308,0.052104413509368896
13309,0.009335065260529518
13310,0.008715000003576279
13311,0.026252489537000656
13312,0.012585765682160854
13313,0.01154106855392456
13314,0.009108025580644608
13315,0.012289043515920639
13316,0.007094736211001873
13317,0.010141754522919655
13318,0.007008978631347418
13319,0.006388737820088863
13320,0.006712867878377438
13321,0.007987486198544502
13322,0.007447391282767057
13323,0.0066863978281617165
13324,0.007167998701334
13325,0.006642844062298536
13326,0.011118924245238304
13327,0.011022912338376045
13328,0.010490914806723595
13329,0.011434915475547314
13330,0.5520956516265869
13331,0.015816539525985718
13332,0.024996284395456314
13333,0.010168115608394146
13334,0.014165110886096954
13335,0.01579398661851883
13336,0.03649194911122322
13337,0.013443795964121819
13338,0.013150356709957123
13339,0.027769802138209343
13340,0.012784965336322784
13341,0.00753651512786746
13342,0.03351724147796631
13343,0.009163359180092812
13344,0.009221501648426056
13345,0.03797531872987747
13346,0.010352781042456627
13347,0.00870622880756855
13348,0.009256415069103241
13349,0.008615577593445778
13350,0.00793997012078762
13351,0.007334506139159203
13352,0.01563085801899433
13353,0.08188106119632721
13354,0.007256758864969015
13355,0.00785490870475769
13356,0.020897766575217247
13357,0.007580605335533619
13358,0.008319606073200703
13359,0.017139092087745667
13360,0.00772172212600708
13361,0.007599439471960068
13362,0.006960161030292511
13363,0.007926146499812603
13364,0.007276485674083233
13365,0.04409138485789299
13366,0.008967979811131954
13367,0.010388302616775036
13368,0.010854324325919151
13369,0.008377933874726295
13370,0.007112722843885422
13371,0.0074205584824085236
13372,0.008435259573161602
13373,0.008436890318989754
13374,0.0065848007798194885
13375,0.006820728536695242
13376,0.009884646162390709
13377,0.011624295264482498
13378,0.007787035778164864
13379,0.008142554201185703
13380,0.010885010473430157
13381,0.01085218321532011
13382,0.008680875413119793
13383,0.01892826147377491
13384,0.007604063954204321
13385,0.021335136145353317
13386,0.009006494656205177
13387,0.008120077662169933
13388,0.011543292552232742
13389,0.007244836073368788
13390,0.006898179184645414
13391,0.00972925778478384
13392,0.007178253959864378
13393,0.010032208636403084
13394,0.007618896663188934
13395,0.0241544209420681
13396,0.005951497703790665
13397,0.006124292965978384
13398,0.009260018356144428
13399,0.006494796834886074
13400,0.036591578274965286
13401,0.0066004106774926186
13402,0.006638421677052975
13403,0.04501431807875633
13404,0.008891947567462921
13405,0.008074003271758556
13406,0.006370022892951965
13407,0.007471249904483557
13408,0.0073494454845786095
13409,0.03094520792365074
13410,0.015426124446094036
13411,0.00814620591700077
13412,0.007201221771538258
13413,0.006306729279458523
13414,0.008698795922100544
13415,0.006930905394256115
13416,0.01000523567199707
13417,0.008494388312101364
13418,0.006090837996453047
13419,0.009736325591802597
13420,0.008385410532355309
13421,0.008149972185492516
13422,0.023357508704066277
13423,0.5128418207168579
13424,0.011029047891497612
13425,0.010228756815195084
13426,0.007604868616908789
13427,0.010835233144462109
13428,0.013687609694898129
13429,0.009452017024159431
13430,0.08232523500919342
13431,0.008217144757509232
13432,0.011608272790908813
13433,0.010631738230586052
13434,0.006790565326809883
13435,0.009464578703045845
13436,0.09433597326278687
13437,0.011580431833863258
13438,0.010343994945287704
13439,0.007430975325405598
13440,0.010545216500759125
13441,0.1707744300365448
13442,0.02059273235499859
13443,0.017679128795862198
13444,0.015305842272937298
13445,0.012095420621335506
13446,0.01304053794592619
13447,0.012563992291688919
13448,0.012581310234963894
13449,0.010482635349035263
13450,0.009515266865491867
13451,0.01011935155838728
13452,0.013912854716181755
13453,0.009847711771726608
13454,0.008032198995351791
13455,0.008029465563595295
13456,0.011749748140573502
13457,0.009135651402175426
13458,0.03472810238599777
13459,0.008435684256255627
13460,0.009136227890849113
13461,0.006723323371261358
13462,0.009323325008153915
13463,0.009227549657225609
13464,0.01217255275696516
13465,0.006428718101233244
13466,0.047000136226415634
13467,0.01018926315009594
13468,0.009082282893359661
13469,0.008036739192903042
13470,0.009010580368340015
13471,0.011996667832136154
13472,0.0077400836162269115
13473,0.5745985507965088
13474,0.010692104697227478
13475,0.04141322523355484
13476,0.01078432984650135
13477,0.011335231363773346
13478,0.017826102674007416
13479,0.016380101442337036
13480,0.014661355875432491
13481,0.019699223339557648
13482,0.023433595895767212
13483,0.008633863180875778
13484,0.022767474874854088
13485,0.027097677811980247
13486,0.019353214651346207
13487,0.020452219992876053
13488,0.012449215166270733
13489,0.011352084577083588
13490,0.027619238942861557
13491,0.008871993981301785
13492,0.016941126435995102
13493,0.015666328370571136
13494,0.008847890421748161
13495,0.009337106719613075
13496,0.15695597231388092
13497,0.039944857358932495
13498,0.012332223355770111
13499,0.01881970837712288
13500,0.009553631767630577
13501,0.012116405181586742
13502,0.020259249955415726
13503,0.009390495717525482
13504,0.008586607873439789
13505,0.014837361872196198
13506,0.007540285121649504
13507,0.010143201798200607
13508,0.007853079587221146
13509,0.008043371140956879
13510,0.009683970361948013
13511,0.010583348572254181
13512,0.01490075420588255
13513,0.007415349595248699
13514,0.009211840108036995
13515,0.007925445213913918
13516,0.008047237992286682
13517,0.008374214172363281
13518,0.009821753948926926
13519,0.007371319457888603
13520,0.008509517647325993
13521,0.007206853479146957
13522,0.015241486951708794
13523,0.014397934079170227
13524,0.020030884072184563
13525,0.010070087388157845
13526,0.007854413241147995
13527,0.017240962013602257
13528,0.006598567124456167
13529,0.0065080029889941216
13530,0.032242536544799805
13531,0.008012563921511173
13532,0.007382524665445089
13533,0.007338670548051596
13534,0.007402173243463039
13535,0.00899883359670639
13536,0.00712632155045867
13537,0.009303644299507141
13538,0.007007489912211895
13539,0.010899284854531288
13540,0.010371687822043896
13541,0.012543833814561367
13542,0.017426883801817894
13543,0.019319096580147743
13544,0.006865339353680611
13545,0.006891322787851095
13546,0.05036808177828789
13547,0.008093099109828472
13548,0.25149020552635193
13549,0.01121421530842781
13550,0.010880306363105774
13551,0.007200562860816717
13552,0.009254325181245804
13553,0.009419545531272888
13554,0.008245488628745079
13555,0.09953661262989044
13556,0.009800299070775509
13557,0.011866527609527111
13558,0.01046049129217863
13559,0.11791246384382248
13560,0.03613860905170441
13561,0.017248786985874176
13562,0.020858198404312134
13563,0.014456694945693016
13564,0.011611178517341614
13565,0.020478658378124237
13566,0.013339250348508358
13567,0.013690484687685966
13568,0.04366295784711838
13569,0.017729327082633972
13570,0.014126323163509369
13571,0.012965145520865917
13572,0.011457022279500961
13573,0.013436796143651009
13574,0.16323356330394745
13575,0.01657768338918686
13576,0.011141017079353333
13577,0.05888501554727554
13578,0.010227217338979244
13579,0.010103661566972733
13580,0.014341898262500763
13581,0.008133113384246826
13582,0.01094516646116972
13583,0.009343460202217102
13584,0.020266419276595116
13585,0.007704820483922958
13586,0.007642719894647598
13587,0.008553335443139076
13588,0.11225192993879318
13589,0.00978654995560646
13590,0.011022821068763733
13591,0.009499753825366497
13592,0.05917758494615555
13593,0.03832961991429329
13594,0.010404199361801147
13595,0.008291400969028473
13596,0.02745526097714901
13597,0.009519653394818306
13598,0.04045412689447403
13599,0.013070134446024895
13600,0.008777318522334099
13601,0.011605782434344292
13602,0.010455559007823467
13603,0.00813962146639824
13604,0.007850599475204945
13605,0.010027378797531128
13606,0.010356628336012363
13607,0.0075012026354670525
13608,0.007162244524806738
13609,0.019199665635824203
13610,0.007066650316119194
13611,0.009268398396670818
13612,0.008061414584517479
13613,0.0071197147481143475
13614,0.007634613662958145
13615,0.014638297259807587
13616,0.0066262586042284966
13617,0.023784248158335686
13618,0.010455884039402008
13619,0.0066290199756622314
13620,0.03914817422628403
13621,0.00683699082583189
13622,0.009198043495416641
13623,0.006365034729242325
13624,0.007048200350254774
13625,0.011132773011922836
13626,0.013958150520920753
13627,0.012188385240733624
13628,0.0068808957003057
13629,0.021951233968138695
13630,0.08445340394973755
13631,0.017253924161195755
13632,0.007153332233428955
13633,0.007456798106431961
13634,0.34965166449546814
13635,0.006316855549812317
13636,0.012194855138659477
13637,0.008085179142653942
13638,0.0056399134919047356
13639,0.01136990450322628
13640,0.010905202478170395
13641,0.00643253605812788
13642,0.006821817718446255
13643,0.010274140164256096
13644,0.007001450285315514
13645,0.013712464831769466
13646,0.008459404110908508
13647,0.011319573037326336
13648,0.00791795365512371
13649,0.007341507822275162
13650,0.009338876232504845
13651,0.0068820929154753685
13652,0.006630171090364456
13653,0.1257246732711792
13654,0.025684451684355736
13655,0.018394872546195984
13656,0.007096325512975454
13657,0.019110985100269318
13658,0.019640862941741943
13659,0.011313706636428833
13660,0.014219315722584724
13661,0.011423620395362377
13662,0.04483185335993767
13663,0.01107420027256012
13664,0.01771719567477703
13665,0.01076577603816986
13666,0.007717918138951063
13667,0.021353892982006073
13668,0.01027180440723896
13669,0.008214358240365982
13670,0.012055951170623302
13671,0.014213393442332745
13672,0.01010066270828247
13673,0.009622585028409958
13674,0.008833811618387699
13675,0.008439918980002403
13676,0.008880126290023327
13677,0.035521648824214935
13678,0.008238548412919044
13679,0.00789334625005722
13680,0.00869950745254755
13681,0.007803213782608509
13682,0.012203829362988472
13683,0.017455754801630974
13684,0.048887595534324646
13685,0.009128396399319172
13686,0.011030136607587337
13687,0.006568877026438713
13688,0.011060766875743866
13689,0.010555239394307137
13690,0.011472302488982677
13691,0.009694818407297134
13692,0.007401792332530022
13693,0.01970439963042736
13694,0.00690592173486948
13695,0.02727440558373928
13696,0.01150786317884922
13697,0.007399634923785925
13698,0.006519826129078865
13699,0.011123999953269958
13700,0.014890095219016075
13701,0.00824529118835926
13702,0.009540462866425514
13703,0.009989721700549126
13704,0.009902337566018105
13705,0.006359940394759178
13706,0.006843339651823044
13707,0.0060723163187503815
13708,0.008224235847592354
13709,0.019818997010588646
13710,0.008041976019740105
13711,0.006785500328987837
13712,0.005621405318379402
13713,0.006225936114788055
13714,0.027093376964330673
13715,0.007162055000662804
13716,0.00725744292140007
13717,0.0060699633322656155
13718,0.009106112644076347
13719,0.007553876377642155
13720,0.01561005786061287
13721,0.017764270305633545
13722,0.006914870347827673
13723,0.008552329614758492
13724,0.006129623856395483
13725,0.012846080586314201
13726,0.006441634148359299
13727,0.07034175843000412
13728,0.022120369598269463
13729,0.012231195345520973
13730,0.0070268502458930016
13731,0.008126141503453255
13732,0.007747536059468985
13733,0.00901715736836195
13734,0.006723422557115555
13735,0.012172695249319077
13736,0.016567347571253777
13737,0.010440178215503693
13738,0.007400521542876959
13739,0.009376375935971737
13740,0.011469075456261635
13741,0.020613927394151688
13742,0.010662294924259186
13743,0.008578293025493622
13744,0.009185121394693851
13745,0.008546339347958565
13746,0.007530395872890949
13747,0.010149317793548107
13748,0.008096301928162575
13749,0.007185185328125954
13750,0.009479544125497341
13751,0.009031346067786217
13752,0.0059192790649831295
13753,0.016351018100976944
13754,0.03199566900730133
13755,0.012403803877532482
13756,0.009464181959629059
13757,0.007373453583568335
13758,0.00912025198340416
13759,0.006446236744523048
13760,0.008240852504968643
13761,0.006419936195015907
13762,0.0171063132584095
13763,0.0065996041521430016
13764,0.005928653758019209
13765,0.005913154222071171
13766,0.011686000041663647
13767,0.00720599852502346
13768,0.016326304525136948
13769,0.007403185125440359
13770,0.007314053829759359
13771,0.02687787264585495
13772,0.007248514797538519
13773,0.0057749077677726746
13774,0.01942681521177292
13775,0.006726650055497885
13776,0.01671610027551651
13777,0.006591266021132469
13778,0.018134135752916336
13779,0.006152018904685974
13780,0.006235199980437756
13781,0.006248083896934986
13782,0.00550024164840579
13783,0.00824863649904728
13784,0.022000573575496674
13785,0.007553677074611187
13786,0.0072976648807525635
13787,0.00658192066475749
13788,0.006389651447534561
13789,0.014973767101764679
13790,0.007815408520400524
13791,0.00959536712616682
13792,0.006965547800064087
13793,0.005833814851939678
13794,0.008179273456335068
13795,0.006317611318081617
13796,0.007309275679290295
13797,0.0056350212544202805
13798,0.0077521237544715405
13799,0.018361104652285576
13800,0.050014398992061615
13801,0.008366785012185574
13802,0.009629612788558006
13803,0.005231055896729231
13804,0.008302321657538414
13805,0.007415901869535446
13806,0.006758734583854675
13807,0.006269948557019234
13808,0.008772281929850578
13809,0.0063729542307555676
13810,0.018382569774985313
13811,0.00943105947226286
13812,0.009395996108651161
13813,0.006741277873516083
13814,0.005924854427576065
13815,0.011051125824451447
13816,0.005892355926334858
13817,0.00616893544793129
13818,0.007720229681581259
13819,0.009317375719547272
13820,0.00901016965508461
13821,0.01384766586124897
13822,0.015309620648622513
13823,0.008985447697341442
13824,0.007442698813974857
13825,0.008578556589782238
13826,0.08941374719142914
13827,0.008457470685243607
13828,0.01080983504652977
13829,0.02006468176841736
13830,0.03165068477392197
13831,0.012296303175389767
13832,0.006466607563197613
13833,0.006531561724841595
13834,0.012078753672540188
13835,0.005684395786374807
13836,0.0067484453320503235
13837,0.008451448753476143
13838,0.006047997623682022
13839,0.009662335738539696
13840,0.006028197705745697
13841,0.0060189273208379745
13842,0.005881066434085369
13843,0.02360423468053341
13844,0.010862810537219048
13845,0.008377473801374435
13846,0.0054037864319980145
13847,0.008968591690063477
13848,0.007863513194024563
13849,0.01002413034439087
13850,0.009855363517999649
13851,0.0076468042097985744
13852,0.008038271218538284
13853,0.01904568448662758
13854,0.010141009464859962
13855,0.016650311648845673
13856,0.01001286506652832
13857,0.008235166780650616
13858,0.016153188422322273
13859,0.016672957688570023
13860,0.0066878776997327805
13861,0.007199396844953299
13862,0.10994472354650497
13863,0.02228141389787197
13864,0.02125224471092224
13865,0.009163355454802513
13866,0.01529481541365385
13867,0.009605487808585167
13868,0.007670430466532707
13869,0.03139576315879822
13870,0.009267684072256088
13871,0.006930849980562925
13872,0.008286948315799236
13873,0.008506806567311287
13874,0.006701989099383354
13875,0.0064584482461214066
13876,0.013838903978466988
13877,0.010253450833261013
13878,0.0069563258439302444
13879,0.011541011743247509
13880,0.052285488694906235
13881,0.00816646870225668
13882,0.009768490679562092
13883,0.008022408932447433
13884,0.007484594359993935
13885,0.06622288376092911
13886,0.018673593178391457
13887,0.009136040695011616
13888,0.009967543184757233
13889,0.005628017242997885
13890,0.006564028561115265
13891,0.007518622558563948
13892,0.006848694756627083
13893,0.013050947338342667
13894,0.007838258519768715
13895,0.008846655488014221
13896,0.007062343880534172
13897,0.012369445525109768
13898,0.016661368310451508
13899,0.010672837495803833
13900,0.009391054511070251
13901,0.006860510911792517
13902,0.0072631435468792915
13903,0.052645858377218246
13904,0.013366165570914745
13905,0.019058214500546455
13906,0.009711600840091705
13907,0.021040011197328568
13908,0.22808203101158142
13909,0.017395203933119774
13910,0.01592504233121872
13911,0.014999615028500557
13912,0.04650699347257614
13913,0.01840779185295105
13914,0.019275173544883728
13915,0.01942085102200508
13916,0.01363084465265274
13917,0.01550061535090208
13918,0.01328865997493267
13919,0.07831800729036331
13920,0.016109999269247055
13921,0.021728117018938065
13922,0.0197796281427145
13923,0.02756841480731964
13924,0.019428839907050133
13925,0.052605725824832916
13926,0.020517392084002495
13927,0.01773560792207718
13928,0.017257481813430786
13929,0.021733589470386505
13930,0.011444216594099998
13931,0.012988308444619179
13932,0.013896308839321136
13933,0.012415061704814434
13934,0.009701928123831749
13935,0.03800684213638306
13936,0.012408336624503136
13937,0.012261709198355675
13938,0.009616823866963387
13939,0.01525937020778656
13940,0.03899756446480751
13941,0.008507355116307735
13942,0.010156671516597271
13943,0.01628176122903824
13944,0.017386626452207565
13945,0.0173018928617239
13946,0.009053784422576427
13947,0.00816627498716116
13948,0.007632409688085318
13949,0.008129785768687725
13950,0.02291920594871044
13951,0.01070480328053236
13952,0.010463166050612926
13953,0.01074196957051754
13954,0.009501702152192593
13955,0.008808661252260208
13956,0.006664677523076534
13957,0.006195965688675642
13958,0.009975831024348736
13959,0.007636381313204765
13960,0.008452078327536583
13961,0.008079132065176964
13962,0.0061907460913062096
13963,0.006174986716359854
13964,0.007148273289203644
13965,0.005887871142476797
13966,0.007151649333536625
13967,0.006325067486613989
13968,0.006520838942378759
13969,0.0065047480165958405
13970,0.005752767436206341
13971,0.006324357353150845
13972,0.007213531993329525
13973,0.01654565893113613
13974,0.008604895323514938
13975,0.007279924117028713
13976,0.005594720132648945
13977,0.02842232584953308
13978,0.005652803461998701
13979,0.006980148609727621
13980,0.007738985121250153
13981,0.010429657995700836
13982,0.0061758337542414665
13983,0.03033330850303173
13984,0.006747347302734852
13985,0.007127499207854271
13986,0.006800313945859671
13987,0.006192886270582676
13988,0.018741367384791374
13989,0.009400402195751667
13990,0.028141915798187256
13991,0.007173568941652775
13992,0.007942846044898033
13993,0.005695357918739319
13994,0.005864271894097328
13995,0.01079682819545269
13996,0.008076552301645279
13997,0.013893330469727516
13998,0.006848190911114216
13999,0.00801076553761959
14000,0.005902322940528393
14001,0.006107858382165432
14002,0.0053490884602069855
14003,0.0056396289728581905
14004,0.011761469766497612
14005,0.006913564167916775
14006,0.007654597517102957
14007,0.005808076821267605
14008,0.0064291441813111305
14009,0.006754507776349783
14010,0.009824207983911037
14011,0.015499940142035484
14012,0.011939222924411297
14013,0.017636902630329132
14014,0.008334977552294731
14015,0.005534380208700895
14016,0.010655447840690613
14017,0.01692694053053856
14018,0.007689597085118294
14019,0.01256510429084301
14020,0.009864531457424164
14021,0.005787794478237629
14022,0.008178995922207832
14023,0.02268793433904648
14024,0.0065305489115417
14025,0.12377715110778809
14026,0.01579541526734829
14027,0.009307140484452248
14028,0.00705877086147666
14029,0.00920360442250967
14030,0.010860176756978035
14031,0.025234682485461235
14032,0.012787948362529278
14033,0.010201253928244114
14034,0.008395488373935223
14035,0.009851022623479366
14036,0.00739916181191802
14037,0.007687289267778397
14038,0.00761707266792655
14039,0.010110126808285713
14040,0.007024174090474844
14041,0.006670146249234676
14042,0.010305712930858135
14043,0.019876956939697266
14044,0.006829442456364632
14045,0.008176778443157673
14046,0.00790298543870449
14047,0.005253770854324102
14048,0.006367280147969723
14049,0.025042984634637833
14050,0.034146398305892944
14051,0.00959387794137001
14052,0.00981556810438633
14053,0.00855275895446539
14054,0.008161511272192001
14055,0.011346131563186646
14056,0.269432008266449
14057,0.010400166735053062
14058,0.008187109604477882
14059,0.07278094440698624
14060,0.008005018346011639
14061,0.010087558999657631
14062,0.007987729273736477
14063,0.008755626156926155
14064,0.009438001550734043
14065,0.009481478482484818
14066,0.008630026131868362
14067,0.007552171126008034
14068,0.007954487577080727
14069,0.006351494695991278
14070,0.008038037456572056
14071,0.005692289676517248
14072,0.006675265729427338
14073,0.007493957411497831
14074,0.005379806738346815
14075,0.006102719809859991
14076,0.005312435328960419
14077,0.00553676625713706
14078,0.005562818609178066
14079,0.005630016326904297
14080,0.005646806210279465
14081,0.00984751433134079
14082,0.010001840069890022
14083,0.006541674491018057
14084,0.010161090642213821
14085,0.006860763765871525
14086,0.012616324238479137
14087,0.04896993190050125
14088,0.008368732407689095
14089,0.008766630664467812
14090,0.005840515252202749
14091,0.015523682348430157
14092,0.0408150777220726
14093,0.007053632289171219
14094,0.0075812144204974174
14095,0.008340676315128803
14096,0.006924185901880264
14097,0.0077185556292533875
14098,0.009241443127393723
14099,0.010213690809905529
14100,0.33832046389579773
14101,0.014533489011228085
14102,0.011963224038481712
14103,0.06235051155090332
14104,0.010040044784545898
14105,0.018612045794725418
14106,0.010552499443292618
14107,0.03663478419184685
14108,0.010122445411980152
14109,0.006197215057909489
14110,0.008973311632871628
14111,0.025061573833227158
14112,0.007737518288195133
14113,0.012528127059340477
14114,0.011476002633571625
14115,0.016141697764396667
14116,0.006832834333181381
14117,0.007908973842859268
14118,0.012947473675012589
14119,0.008352545090019703
14120,0.0073936572298407555
14121,0.008589396253228188
14122,0.009156521409749985
14123,0.008181896060705185
14124,0.009162341244518757
14125,0.016605019569396973
14126,0.025122758001089096
14127,0.011386711150407791
14128,0.014389398507773876
14129,0.007902744226157665
14130,0.007361838594079018
14131,0.007888794876635075
14132,0.0078328438103199
14133,0.006350863259285688
14134,0.005725587718188763
14135,0.0073228697292506695
14136,0.007314646150916815
14137,0.00919836200773716
14138,0.008596068248152733
14139,0.006192586850374937
14140,0.006829544436186552
14141,0.12030477821826935
14142,0.017047956585884094
14143,0.01766897179186344
14144,0.010623644106090069
14145,0.009176651015877724
14146,0.014455853030085564
14147,0.01318300049751997
14148,0.01028849370777607
14149,0.19236765801906586
14150,0.012841207906603813
14151,0.01325737964361906
14152,0.00967399775981903
14153,0.009222274646162987
14154,0.025001293048262596
14155,0.013618774712085724
14156,0.011278295889496803
14157,0.03740761801600456
14158,0.01152046024799347
14159,0.01608230732381344
14160,0.010781715624034405
14161,0.012756827287375927
14162,0.011641058139503002
14163,0.02312943898141384
14164,0.015711922198534012
14165,0.014545975252985954
14166,0.012265811674296856
14167,0.008706537075340748
14168,0.007785917725414038
14169,0.025596609339118004
14170,0.009753869846463203
14171,0.035551443696022034
14172,0.010573193430900574
14173,0.018771875649690628
14174,0.08791834115982056
14175,0.010882586240768433
14176,0.008883815258741379
14177,0.032045379281044006
14178,0.009639144875109196
14179,0.008721116930246353
14180,0.007510524243116379
14181,0.007245373912155628
14182,0.02762550674378872
14183,0.006184231489896774
14184,0.008483998477458954
14185,0.009797027334570885
14186,0.008043462410569191
14187,0.006805367302149534
14188,0.007547126151621342
14189,0.03936254605650902
14190,0.08634059131145477
14191,0.04205217957496643
14192,0.015244919806718826
14193,0.006777157541364431
14194,0.008227182552218437
14195,0.008798654191195965
14196,0.008735967800021172
14197,0.008671490475535393
14198,0.008414892479777336
14199,0.007179488427937031
14200,0.006234608590602875
14201,0.008850455284118652
14202,0.006864782422780991
14203,0.007446351461112499
14204,0.006891309283673763
14205,0.05272241681814194
14206,0.00891510583460331
14207,0.00785672478377819
14208,0.006392610725015402
14209,0.010458043776452541
14210,0.03214208409190178
14211,0.014929661527276039
14212,0.013235947117209435
14213,0.014382361434400082
14214,0.007325037848204374
14215,0.01521596871316433
14216,0.011517125181853771
14217,0.010800274088978767
14218,0.008604573085904121
14219,0.009430384263396263
14220,0.010198937729001045
14221,0.00984582956880331
14222,0.011015966534614563
14223,0.11034490168094635
14224,0.010396948084235191
14225,0.009813396260142326
14226,0.007438011467456818
14227,0.007627928163856268
14228,0.011795811355113983
14229,0.05712441727519035
14230,0.011708617210388184
14231,0.007898995652794838
14232,0.007300533354282379
14233,0.023756399750709534
14234,0.009555247612297535
14235,0.021770616993308067
14236,0.010363448411226273
14237,0.008973667398095131
14238,0.010876829735934734
14239,0.007677118293941021
14240,0.009192670695483685
14241,0.006977872457355261
14242,0.007928171195089817
14243,0.007060929201543331
14244,0.014538748189806938
14245,0.006469180341809988
14246,0.05562147498130798
14247,0.01282435841858387
14248,0.00963062234222889
14249,0.0068606226705014706
14250,0.010231070220470428
14251,0.01132288109511137
14252,0.006049569696187973
14253,0.014955437742173672
14254,0.006605859845876694
14255,0.0060588824562728405
14256,0.007131868042051792
14257,0.006237535737454891
14258,0.011808524839580059
14259,0.007296948693692684
14260,0.012375249527394772
14261,0.006644231267273426
14262,0.0063627902418375015
14263,0.006222068332135677
14264,0.008764183148741722
14265,0.17862474918365479
14266,0.009210928343236446
14267,0.011404263786971569
14268,0.006852678954601288
14269,0.012639853172004223
14270,0.01202201098203659
14271,0.01089745294302702
14272,0.014216748997569084
14273,0.04743761941790581
14274,0.019946034997701645
14275,0.015339992940425873
14276,0.011203428730368614
14277,0.007250056602060795
14278,0.023162156343460083
14279,0.02167413756251335
14280,0.0075879208743572235
14281,0.046351008117198944
14282,0.012845931574702263
14283,0.009488117881119251
14284,0.00884232297539711
14285,0.019955100491642952
14286,0.012170491740107536
14287,0.008011532947421074
14288,0.007558492477983236
14289,0.019513431936502457
14290,0.007659609895199537
14291,0.007838593795895576
14292,0.006874288432300091
14293,0.010944321751594543
14294,0.007197070866823196
14295,0.006717329379171133
14296,0.007369981613010168
14297,0.011029468849301338
14298,0.007979512214660645
14299,0.0076251099817454815
14300,0.00865937676280737
14301,0.006250494159758091
14302,0.00768990209326148
14303,0.06266935914754868
14304,0.006584763526916504
14305,0.008247747085988522
14306,0.006330322474241257
14307,0.006538762710988522
14308,0.007161689456552267
14309,0.006326819770038128
14310,0.007581859827041626
14311,0.005701916292309761
14312,0.005938622169196606
14313,0.005245291627943516
14314,0.21946899592876434
14315,0.07743848860263824
14316,0.02434355579316616
14317,0.013244054280221462
14318,0.009634576737880707
14319,0.017732292413711548
14320,0.0237879678606987
14321,0.009724113158881664
14322,0.010045831091701984
14323,0.010334428399801254
14324,0.009178126230835915
14325,0.016434673219919205
14326,0.015452137216925621
14327,0.012248254381120205
14328,0.043820612132549286
14329,0.008919146843254566
14330,0.00972343422472477
14331,0.007043439894914627
14332,0.011129948310554028
14333,0.010634899139404297
14334,0.008079320192337036
14335,0.05019746720790863
14336,0.012870119884610176
14337,0.06737864762544632
14338,0.01698908768594265
14339,0.012004773132503033
14340,0.008603903464972973
14341,0.0102529376745224
14342,0.017097651958465576
14343,0.017384428530931473
14344,0.00883712712675333
14345,0.014808407053351402
14346,0.01439270656555891
14347,0.008756913244724274
14348,0.006692919880151749
14349,0.009977467358112335
14350,0.009844545274972916
14351,0.01353819202631712
14352,0.008526507765054703
14353,0.007614302448928356
14354,0.008037645369768143
14355,0.01735682785511017
14356,0.006092542316764593
14357,0.009029845707118511
14358,0.00797505397349596
14359,0.007458308711647987
14360,0.006250271573662758
14361,0.006795469671487808
14362,0.00924000795930624
14363,0.046669285744428635
14364,0.013098364695906639
14365,0.008393148891627789
14366,0.023711299523711205
14367,0.005868623964488506
14368,0.008665081113576889
14369,0.0065444475039839745
14370,0.014637790620326996
14371,0.006047583185136318
14372,0.007731162011623383
14373,0.02671419456601143
14374,0.006317216902971268
14375,0.02279810421168804
14376,0.006295783445239067
14377,0.023999011144042015
14378,0.010823342017829418
14379,0.008482689037919044
14380,0.023389846086502075
14381,0.008979846723377705
14382,0.007179762236773968
14383,0.009068134240806103
14384,0.0060884482227265835
14385,0.006740073673427105
14386,0.006347307935357094
14387,0.0068385060876607895
14388,0.011552962474524975
14389,0.006634955294430256
14390,0.007630334235727787
14391,0.012081412598490715
14392,0.009431115351617336
14393,0.04270803555846214
14394,0.009380491450428963
14395,0.005577134899795055
14396,0.00835737306624651
14397,0.0051633697003126144
14398,0.005184541922062635
14399,0.005124966613948345
14400,0.04250192642211914
14401,0.007028820924460888
14402,0.005846166051924229
14403,0.004855788312852383
14404,0.005493147298693657
14405,0.0059876637533307076
14406,0.0056651681661605835
14407,0.02451896481215954
14408,0.0058240732178092
14409,0.005086954683065414
14410,0.010634574107825756
14411,0.017241600900888443
14412,0.0072928545996546745
14413,0.006141826510429382
14414,0.015864303335547447
14415,0.004604899790138006
14416,0.008648945018649101
14417,0.012377975508570671
14418,0.005504774861037731
14419,0.007034422364085913
14420,0.007019472774118185
14421,0.004949938505887985
14422,0.008538637310266495
14423,0.006070329807698727
14424,0.0070032645016908646
14425,0.005743838846683502
14426,0.006287812255322933
14427,0.013728205114603043
14428,0.01040313858538866
14429,0.08857418596744537
14430,0.01952880620956421
14431,0.011448938399553299
14432,0.029529176652431488
14433,0.02234610915184021
14434,0.33409059047698975
14435,0.025382790714502335
14436,0.020351234823465347
14437,0.01699746772646904
14438,0.013437526300549507
14439,0.013903394341468811
14440,0.011581349186599255
14441,0.04092692211270332
14442,0.011787908151745796
14443,0.011243686079978943
14444,0.009109700098633766
14445,0.00803430937230587
14446,0.015720074996352196
14447,0.16010746359825134
14448,0.01263533066958189
14449,0.027134038507938385
14450,0.0250728577375412
14451,0.01709636300802231
14452,0.014996683225035667
14453,0.013379683718085289
14454,0.01634378731250763
14455,0.017621634528040886
14456,0.012838090769946575
14457,0.012798473238945007
14458,0.010374550707638264
14459,0.013394645415246487
14460,0.013386744074523449
14461,0.02970259264111519
14462,0.014004528522491455
14463,0.011938847601413727
14464,0.011650815606117249
14465,0.03412449359893799
14466,0.010305293835699558
14467,0.009206335991621017
14468,0.02154088020324707
14469,0.011834993958473206
14470,0.011612243950366974
14471,0.011331133544445038
14472,0.008484567515552044
14473,0.007592132315039635
14474,0.010804380290210247
14475,0.014435953460633755
14476,0.007814859971404076
14477,0.007892429828643799
14478,0.008955922909080982
14479,0.01087555568665266
14480,0.020047442987561226
14481,0.010202488861978054
14482,0.010591155849397182
14483,0.006740818731486797
14484,0.22728745639324188
14485,0.020949244499206543
14486,0.034094005823135376
14487,0.01760161481797695
14488,0.010121399536728859
14489,0.01717507839202881
14490,0.028024395927786827
14491,0.023578708991408348
14492,0.011647294275462627
14493,0.011643371544778347
14494,0.017270546406507492
14495,0.036160893738269806
14496,0.010522477328777313
14497,0.01331500243395567
14498,0.013928405940532684
14499,0.02175639197230339
14500,0.027339812368154526
14501,0.012291661463677883
14502,0.009880611672997475
14503,0.010642356239259243
14504,0.016321811825037003
14505,0.010770661756396294
14506,0.013585327193140984
14507,0.0547504685819149
14508,0.016132313758134842
14509,0.023512493818998337
14510,0.015810858458280563
14511,0.015350865200161934
14512,0.013553686439990997
14513,0.011552277021110058
14514,0.11804556846618652
14515,0.008891073055565357
14516,0.009403727948665619
14517,0.013263165019452572
14518,0.011508449912071228
14519,0.009906960651278496
14520,0.008030111901462078
14521,0.009210958145558834
14522,0.010251984931528568
14523,0.008919198997318745
14524,0.008574025705456734
14525,0.010515250265598297
14526,0.015748633071780205
14527,0.025027170777320862
14528,0.00879691168665886
14529,0.008249171078205109
14530,0.007242528256028891
14531,0.008647493086755276
14532,0.010697748512029648
14533,0.010365266352891922
14534,0.008719905279576778
14535,0.007696221582591534
14536,0.007072149775922298
14537,0.006366063840687275
14538,0.008015194907784462
14539,0.006303895264863968
14540,0.007673333398997784
14541,0.00970529392361641
14542,0.008936991915106773
14543,0.0184299536049366
14544,0.00735496636480093
14545,0.008662810549139977
14546,0.04245416447520256
14547,0.009276243858039379
14548,0.033870309591293335
14549,0.008294859901070595
14550,0.0110006183385849
14551,0.017602933570742607
14552,0.008717171847820282
14553,0.010793421417474747
14554,0.00878765806555748
14555,0.15478068590164185
14556,0.00738853495568037
14557,0.007500512059777975
14558,0.0060478756204247475
14559,0.016724200919270515
14560,0.009670366533100605
14561,0.039857927709817886
14562,0.007215759716928005
14563,0.00769087066873908
14564,0.006285810377448797
14565,0.01431895699352026
14566,0.009746715426445007
14567,0.009663174860179424
14568,0.006996870040893555
14569,0.006554427556693554
14570,0.008004533126950264
14571,0.013072299771010876
14572,0.006349310278892517
14573,0.00747519638389349
14574,0.0074865384958684444
14575,0.2119448184967041
14576,0.05167680233716965
14577,0.0192172322422266
14578,0.015360934659838676
14579,0.014698920771479607
14580,0.018213659524917603
14581,0.05884092301130295
14582,0.011328667402267456
14583,0.011808184906840324
14584,0.009801892563700676
14585,0.021948864683508873
14586,0.008602441288530827
14587,0.022805526852607727
14588,0.010717364959418774
14589,0.02360554412007332
14590,0.04289334639906883
14591,0.02786712348461151
14592,0.00795019045472145
14593,0.2757876515388489
14594,0.017897669225931168
14595,0.015088396146893501
14596,0.008395477198064327
14597,0.008922047913074493
14598,0.012456374242901802
14599,0.014307442121207714
14600,0.007492309436202049
14601,0.027148043736815453
14602,0.040114108473062515
14603,0.015155956149101257
14604,0.01591668277978897
14605,0.060842376202344894
14606,0.013866300694644451
14607,0.026144031435251236
14608,0.014984719455242157
14609,0.012239431962370872
14610,0.00935741700232029
14611,0.01182592287659645
14612,0.007165968418121338
14613,0.00876470748335123
14614,0.009045867249369621
14615,0.017670683562755585
14616,0.016235578805208206
14617,0.010660874657332897
14618,0.009755505248904228
14619,0.01229874324053526
14620,0.011431090533733368
14621,0.010222872719168663
14622,0.009412594139575958
14623,0.00922420248389244
14624,0.008077697828412056
14625,0.006832660175859928
14626,0.008108367212116718
14627,0.010993054136633873
14628,0.008812367916107178
14629,0.008272793143987656
14630,0.00888255424797535
14631,0.006999952252954245
14632,0.007312498055398464
14633,0.006790470331907272
14634,0.007049239706248045
14635,0.009252646006643772
14636,0.008071023039519787
14637,0.012930279597640038
14638,0.006736103445291519
14639,0.006792285945266485
14640,0.008770729415118694
14641,0.01571064069867134
14642,0.006439996417611837
14643,0.2734209895133972
14644,0.008098319172859192
14645,0.011860286816954613
14646,0.03670699894428253
14647,0.009022975340485573
14648,0.012349355034530163
14649,0.00985034741461277
14650,0.007852303795516491
14651,0.008908689022064209
14652,0.007655251771211624
14653,0.012532620690762997
14654,0.007967403158545494
14655,0.009015018120408058
14656,0.015570874325931072
14657,0.006573168560862541
14658,0.006698678247630596
14659,0.0070126233622431755
14660,0.01723998412489891
14661,0.0188517477363348
14662,0.033849552273750305
14663,0.009661954827606678
14664,0.007879650220274925
14665,0.04902806878089905
14666,0.006536779459565878
14667,0.01026797667145729
14668,0.008177556097507477
14669,0.0758228451013565
14670,0.012962213717401028
14671,0.009197690524160862
14672,0.009673936292529106
14673,0.007758127059787512
14674,0.015154010616242886
14675,0.00944626983255148
14676,0.009549252688884735
14677,0.007798275910317898
14678,0.01052573136985302
14679,0.015074416995048523
14680,0.007819138467311859
14681,0.007215636782348156
14682,0.0072305514477193356
14683,0.008018448948860168
14684,0.020145965740084648
14685,0.007315527647733688
14686,0.009038961492478848
14687,0.008541742339730263
14688,0.00697554275393486
14689,0.006338528823107481
14690,0.00654720701277256
14691,0.005452800542116165
14692,0.005855831783264875
14693,0.006801949348300695
14694,0.005187408998608589
14695,0.006357879843562841
14696,0.21088281273841858
14697,0.008191747590899467
14698,0.0120957400649786
14699,0.01342642493546009
14700,0.012288456782698631
14701,0.015310431830585003
14702,0.11431794613599777
14703,0.01784922555088997
14704,0.01217764150351286
14705,0.007791298907250166
14706,0.007282070349901915
14707,0.012076221406459808
14708,0.007605063728988171
14709,0.01692092791199684
14710,0.10912957787513733
14711,0.020366132259368896
14712,0.012818628922104836
14713,0.008197534829378128
14714,0.008309248834848404
14715,0.009829020127654076
14716,0.008883112110197544
14717,0.13037124276161194
14718,0.048546623438596725
14719,0.05978403985500336
14720,0.01998860388994217
14721,0.01077442429959774
14722,0.016494832932949066
14723,0.017088377848267555
14724,0.015457713976502419
14725,0.009161400608718395
14726,0.014519269578158855
14727,0.017851024866104126
14728,0.010250563733279705
14729,0.07023453712463379
14730,0.009850677102804184
14731,0.016613923013210297
14732,0.037717342376708984
14733,0.011215299367904663
14734,0.012395486235618591
14735,0.012978335842490196
14736,0.014138958416879177
14737,0.012908292934298515
14738,0.010372530668973923
14739,0.008115342818200588
14740,0.00799210648983717
14741,0.05444825440645218
14742,0.00863710232079029
14743,0.0118936225771904
14744,0.009854323230683804
14745,0.00704569835215807
14746,0.011536998674273491
14747,0.009711659513413906
14748,0.006462751887738705
14749,0.006739149801433086
14750,0.010212074033915997
14751,0.007350374013185501
14752,0.0060116806998848915
14753,0.008786093443632126
14754,0.007624331396073103
14755,0.0063369423151016235
14756,0.025955189019441605
14757,0.007904281839728355
14758,0.010603542439639568
14759,0.0058353496715426445
14760,0.010238785296678543
14761,0.011142588220536709
14762,0.02818630449473858
14763,0.007457965984940529
14764,0.012513253837823868
14765,0.008176766335964203
14766,0.008953996002674103
14767,0.007751003839075565
14768,0.007803901098668575
14769,0.03682845085859299
14770,0.01190932746976614
14771,0.007356385700404644
14772,0.005546582862734795
14773,0.005629598628729582
14774,0.007690546568483114
14775,0.005468746647238731
14776,0.005691984202712774
14777,0.0085833128541708
14778,0.005084950476884842
14779,0.012790583074092865
14780,0.049289703369140625
14781,0.01405239850282669
14782,0.013066018931567669
14783,0.005617473274469376
14784,0.016909681260585785
14785,0.00822960864752531
14786,0.007908872328698635
14787,0.006810215767472982
14788,0.0067688822746276855
14789,0.005823253653943539
14790,0.007449386175721884
14791,0.011987362056970596
14792,0.007155802100896835
14793,0.006879317574203014
14794,0.006351139396429062
14795,0.006061726715415716
14796,0.0073918490670621395
14797,0.009237423539161682
14798,0.008107591420412064
14799,0.0079953633248806
14800,0.04303229972720146
14801,0.013721991330385208
14802,0.014543039724230766
14803,0.007340570446103811
14804,0.0066622584126889706
14805,0.010090591385960579
14806,0.013513108715415001
14807,0.0057612317614257336
14808,0.008601471781730652
14809,0.024182509630918503
14810,0.006335968151688576
14811,0.008087364956736565
14812,0.026574110612273216
14813,0.00567919947206974
14814,0.01562055479735136
14815,0.007177684456110001
14816,0.0063372328877449036
14817,0.005912723019719124
14818,0.005633836146444082
14819,0.008333285339176655
14820,0.012035569176077843
14821,0.006248654332011938
14822,0.0076674409210681915
14823,0.005228037945926189
14824,0.006169959902763367
14825,0.027902886271476746
14826,0.008495706133544445
14827,0.006770213600248098
14828,0.006101300939917564
14829,0.007279792334884405
14830,0.005845707841217518
14831,0.07323813438415527
14832,0.02113422565162182
14833,0.010422112420201302
14834,0.00802525319159031
14835,0.006551759317517281
14836,0.022618751972913742
14837,0.019766025245189667
14838,0.011363677680492401
14839,0.010547900572419167
14840,0.008111132308840752
14841,0.015833962708711624
14842,0.008947617374360561
14843,0.009732063859701157
14844,0.006498777773231268
14845,0.00775435846298933
14846,0.006939213257282972
14847,0.025333862751722336
14848,0.012174729257822037
14849,0.013174397870898247
14850,0.017123956233263016
14851,0.005577730946242809
14852,0.008759073913097382
14853,0.009127737954258919
14854,0.0055604130029678345
14855,0.006401966791599989
14856,0.008929862640798092
14857,0.006497316062450409
14858,0.007000081241130829
14859,0.006117565091699362
14860,0.006933491211384535
14861,0.2364916205406189
14862,0.013934709131717682
14863,0.017972242087125778
14864,0.009454622864723206
14865,0.01084180735051632
14866,0.014040090143680573
14867,0.010847705416381359
14868,0.007255059666931629
14869,0.008511291816830635
14870,0.007861632853746414
14871,0.0076479255221784115
14872,0.006405048072338104
14873,0.00694357231259346
14874,0.007566371466964483
14875,0.008446851745247841
14876,0.19102470576763153
14877,0.030339810997247696
14878,0.34842318296432495
14879,0.07755438983440399
14880,0.03981689736247063
14881,0.04500620812177658
14882,0.034551117569208145
14883,0.04602610319852829
14884,0.7867364883422852
14885,0.5676056742668152
14886,0.033298149704933167
14887,0.04003022983670235
14888,0.0550374798476696
14889,0.04126907140016556
14890,0.03970329090952873
14891,0.03441663831472397
14892,0.03215734660625458
14893,0.027917101979255676
14894,0.02602306567132473
14895,0.029138967394828796
14896,0.028961000964045525
14897,0.02759641408920288
14898,0.026891445741057396
14899,0.03761524707078934
14900,0.04652935266494751
14901,0.041340913623571396
14902,0.020733535289764404
14903,0.019811568781733513
14904,0.02961060032248497
14905,0.09952181577682495
14906,0.019163312390446663
14907,0.016323722898960114
14908,0.014122476801276207
14909,0.014577934518456459
14910,0.017695896327495575
14911,0.018663771450519562
14912,0.016168838366866112
14913,0.013161751441657543
14914,0.013489811681210995
14915,0.012216851115226746
14916,0.03333079814910889
14917,0.021808980032801628
14918,0.014913836494088173
14919,0.014417733997106552
14920,0.011318708769977093
14921,0.013139418326318264
14922,0.01236332580447197
14923,0.011447105556726456
14924,0.010404038242995739
14925,0.010149458423256874
14926,0.009847691282629967
14927,0.009782382287085056
14928,0.008022116497159004
14929,0.015223376452922821
14930,0.01034623570740223
14931,0.021358465775847435
14932,0.04760314151644707
14933,0.015783218666911125
14934,0.012267626821994781
14935,0.010434909723699093
14936,0.009778051637113094
14937,0.011347077786922455
14938,0.00904456339776516
14939,0.014016464352607727
14940,0.02120673656463623
14941,0.019536642357707024
14942,0.010549940168857574
14943,0.016561876982450485
14944,0.02014574036002159
14945,0.02057105116546154
14946,0.014892879873514175
14947,0.009220781736075878
14948,0.02239055559039116
14949,0.01689281314611435
14950,0.029923126101493835
14951,0.012488610111176968
14952,0.009674482978880405
14953,0.013702606782317162
14954,0.012004363350570202
14955,0.010665586218237877
14956,0.0094878189265728
14957,0.011982015334069729
14958,0.06881749629974365
14959,0.01161558460444212
14960,0.02497348003089428
14961,0.010630518198013306
14962,0.008694869466125965
14963,0.007493617013096809
14964,0.008593491278588772
14965,0.0808977484703064
14966,0.07285091280937195
14967,0.024022366851568222
14968,0.02257952094078064
14969,0.025938889011740685
14970,0.04087767004966736
14971,0.02393704280257225
14972,0.02060803771018982
14973,0.011631852015852928
14974,0.02648952603340149
14975,0.010686746798455715
14976,0.022805195301771164
14977,0.01483873464167118
14978,0.011239124462008476
14979,0.010484807193279266
14980,0.030401792377233505
14981,0.010400857776403427
14982,0.01608344539999962
14983,0.011678211390972137
14984,0.010466456413269043
14985,0.009586171247065067
14986,0.025282999500632286
14987,0.05018032714724541
14988,0.01132274977862835
14989,0.014359483495354652
14990,0.01053343340754509
14991,0.009127906523644924
14992,0.011327642016112804
14993,0.13298733532428741
14994,0.010077533312141895
14995,0.012445423752069473
14996,0.19582948088645935
14997,0.013869596645236015
14998,0.011139187030494213
14999,0.07092985510826111
15000,0.015663690865039825
15001,0.016984794288873672
15002,0.012589282356202602
15003,0.010915542021393776
15004,0.013143321499228477
15005,0.01217271201312542
15006,0.013421866111457348
15007,0.010781444609165192
15008,0.03262709453701973
15009,0.017882918938994408
15010,0.01485975831747055
15011,0.012298587709665298
15012,0.00882103480398655
15013,0.008487674407660961
15014,0.008484084159135818
15015,0.019630614668130875
15016,0.008494055829942226
15017,0.012779636308550835
15018,0.009247609414160252
15019,0.05273665487766266
15020,0.016726315021514893
15021,0.012002000585198402
15022,0.008488033898174763
15023,0.03694853186607361
15024,0.009047651663422585
15025,0.007883218117058277
15026,0.0471142902970314
15027,0.008190501481294632
15028,0.008690297603607178
15029,0.00796307623386383
15030,0.015308074653148651
15031,0.014608415775001049
15032,0.010847586207091808
15033,0.008248351514339447
15034,0.008461982011795044
15035,0.00918395072221756
15036,0.007907330058515072
15037,0.007567327003926039
15038,0.01627139002084732
15039,0.009335600771009922
15040,0.011663606390357018
15041,0.007603933569043875
15042,0.0070223696529865265
15043,0.006951675750315189
15044,0.009816679172217846
15045,0.010037516243755817
15046,0.010177899152040482
15047,0.06087168678641319
15048,0.008579028770327568
15049,0.016468308866024017
15050,0.011567025445401669
15051,0.00861424207687378
15052,0.007673834450542927
15053,0.006100736558437347
15054,0.009027142077684402
15055,0.03146454691886902
15056,0.006905395071953535
15057,0.016618579626083374
15058,0.007406206335872412
15059,0.021827099844813347
15060,0.03065384551882744
15061,0.01133300643414259
15062,0.011020082049071789
15063,0.17656104266643524
15064,0.02466594986617565
15065,0.025931771844625473
15066,0.010130444541573524
15067,0.10938216745853424
15068,0.051616817712783813
15069,0.028668440878391266
15070,0.014695200137794018
15071,0.017354974523186684
15072,0.027633925899863243
15073,0.021307816728949547
15074,0.04331333190202713
15075,0.06884114444255829
15076,0.03756687045097351
15077,0.037069931626319885
15078,0.026207581162452698
15079,0.02236669324338436
15080,0.023839544504880905
15081,0.024573378264904022
15082,0.050414469093084335
15083,0.02172081172466278
15084,0.0272634606808424
15085,0.028476785868406296
15086,0.03179667517542839
15087,0.08781902492046356
15088,0.022411933168768883
15089,0.035656094551086426
15090,0.014540052972733974
15091,0.029156742617487907
15092,0.014747819863259792
15093,0.014702281914651394
15094,0.013421392068266869
15095,0.01237495057284832
15096,0.04808499664068222
15097,0.012419277802109718
15098,0.011543894186615944
15099,0.012471413239836693
15100,0.010613514110445976
15101,0.010921137407422066
15102,0.009506970643997192
15103,0.018484756350517273
15104,0.011238194070756435
15105,0.018544461578130722
15106,0.01980450004339218
15107,0.07144390791654587
15108,0.012483667582273483
15109,0.013348035514354706
15110,0.6957516670227051
15111,0.011375690810382366
15112,0.009541667066514492
15113,0.009749136865139008
15114,0.017686542123556137
15115,0.019317802041769028
15116,0.01932741329073906
15117,0.010135500691831112
15118,0.013235035352408886
15119,0.011395994573831558
15120,0.3023332953453064
15121,0.06250932067632675
15122,0.023863062262535095
15123,0.018381323665380478
15124,0.012672796845436096
15125,0.026919975876808167
15126,0.014667164534330368
15127,0.015149394981563091
15128,0.026414526626467705
15129,0.43971356749534607
15130,0.015064751729369164
15131,0.017307771369814873
15132,0.015791596844792366
15133,0.12296140193939209
15134,0.022489294409751892
15135,0.02304305136203766
15136,0.026937182992696762
15137,0.017554622143507004
15138,0.01927485316991806
15139,0.049989186227321625
15140,0.02364969626069069
15141,0.027078500017523766
15142,0.019427906721830368
15143,0.018724966794252396
15144,0.018869899213314056
15145,0.022079452872276306
15146,0.02113005518913269
15147,0.0191364623606205
15148,0.017839036881923676
15149,0.015161445364356041
15150,0.014184243977069855
15151,0.016676688566803932
15152,0.014979198575019836
15153,0.014052147977054119
15154,0.040197379887104034
15155,0.019467797130346298
15156,0.015084072016179562
15157,0.01794654317200184
15158,0.0214221328496933
15159,0.014063090085983276
15160,0.022359047085046768
15161,0.020599421113729477
15162,0.014326567761600018
15163,0.026706552132964134
15164,0.0511840395629406
15165,0.01472746953368187
15166,0.016389459371566772
15167,0.014563528820872307
15168,0.0207194946706295
15169,0.011677859351038933
15170,0.013570323586463928
15171,0.011130045168101788
15172,0.012569492682814598
15173,0.015795191749930382
15174,0.010930604301393032
15175,0.010455435141921043
15176,0.8311293125152588
15177,0.011842001229524612
15178,0.013899428769946098
15179,0.14919807016849518
15180,0.021323537454009056
15181,0.020503532141447067
15182,0.012581046670675278
15183,0.012340798042714596
15184,0.028848689049482346
15185,0.04194159433245659
15186,0.17724494636058807
15187,0.019811827689409256
15188,0.0355520099401474
15189,0.011293608695268631
15190,0.016961529850959778
15191,0.015294837765395641
15192,0.012095686048269272
15193,0.055954258888959885
15194,0.019997721537947655
15195,0.041651248931884766
15196,0.017844680696725845
15197,0.14460335671901703
15198,0.014989560469985008
15199,0.08557906001806259
15200,0.013437123969197273
15201,0.2866961359977722
15202,0.01257564127445221
15203,0.020526278764009476
15204,0.06874047219753265
15205,0.10510557144880295
15206,0.012216717004776001
15207,0.011176030151546001
15208,0.017935853451490402
15209,0.014378143474459648
15210,0.06248846277594566
15211,0.015261851251125336
15212,0.014321045950055122
15213,0.02143886312842369
15214,0.011182421818375587
15215,0.03689737617969513
15216,0.013532998971641064
15217,0.028507817536592484
15218,0.010155368596315384
15219,0.025996871292591095
15220,0.3285568058490753
15221,0.029049374163150787
15222,0.058969225734472275
15223,0.01112324744462967
15224,0.029693488031625748
15225,0.01754232868552208
15226,0.02577103301882744
15227,0.03742638975381851
15228,0.011610789224505424
15229,0.02270379662513733
15230,0.012167531065642834
15231,0.010992852970957756
15232,0.09868274629116058
15233,0.018199069425463676
15234,0.02073780447244644
15235,0.010068181902170181
15236,0.058708857744932175
15237,0.11431735754013062
15238,0.011735043488442898
15239,0.1235288605093956
15240,0.07161344587802887
15241,0.05880635231733322
15242,0.012599511072039604
15243,0.01471833698451519
15244,0.02594776079058647
15245,0.015044590458273888
15246,0.17632299661636353
15247,0.029318511486053467
15248,0.032982565462589264
15249,0.026994112879037857
15250,0.01895316317677498
15251,0.02509845420718193
15252,0.02773156762123108
15253,0.021326635032892227
15254,0.034937892109155655
15255,0.014370988123118877
15256,0.12614962458610535
15257,0.01656287908554077
15258,0.01740368828177452
15259,0.15328273177146912
15260,0.017137806862592697
15261,0.04976750537753105
15262,0.026472201570868492
15263,0.01414092443883419
15264,0.014767205342650414
15265,0.015320084057748318
15266,0.07444018125534058
15267,0.015576032921671867
15268,0.4932703971862793
15269,0.01681460253894329
15270,0.015940692275762558
15271,0.022208912298083305
15272,0.015106010250747204
15273,0.03188035637140274
15274,0.0362752340734005
15275,0.20334646105766296
15276,0.020616628229618073
15277,0.038635674864053726
15278,0.012241589836776257
15279,0.013017497956752777
15280,0.04152418673038483
15281,0.017172448337078094
15282,0.01727307215332985
15283,0.0622091144323349
15284,0.015193257480859756
15285,0.034399233758449554
15286,0.014092701487243176
15287,0.011636304669082165
15288,0.011761154048144817
15289,0.019836971536278725
15290,0.015262356959283352
15291,0.012132950127124786
15292,0.016184721142053604
15293,0.039993878453969955
15294,0.010165962390601635
15295,0.01631743833422661
15296,0.01040969043970108
15297,0.01173169445246458
15298,0.010557183995842934
15299,0.009060758166015148
15300,0.010000234469771385
15301,0.008651746436953545
15302,0.00854172557592392
15303,0.00950361043214798
15304,0.01319430023431778
15305,0.023577343672513962
15306,0.00916350819170475
15307,0.008299393579363823
15308,0.008325515314936638
15309,0.009700693190097809
15310,0.007754217367619276
15311,0.016909219324588776
15312,0.010688705369830132
15313,0.011000733822584152
15314,0.052221231162548065
15315,0.04229377210140228
15316,0.008589290082454681
15317,0.01267038844525814
15318,0.03633309155702591
15319,0.013715064153075218
15320,0.008556142449378967
15321,0.026146404445171356
15322,0.008876955136656761
15323,0.013087506406009197
15324,0.043755095452070236
15325,0.007600464858114719
15326,0.015723317861557007
15327,0.010780747048556805
15328,0.008851917460560799
15329,0.007660232484340668
15330,0.007030854932963848
15331,0.008455948904156685
15332,0.00769665464758873
15333,0.027942102402448654
15334,0.030662130564451218
15335,0.0073960162699222565
15336,0.006875001825392246
15337,0.013994882814586163
15338,0.00711569469422102
15339,0.02616908773779869
15340,0.027611691504716873
15341,0.00812956690788269
15342,0.007082672324031591
15343,0.006673070602118969
15344,0.007681818213313818
15345,0.007174258586019278
15346,0.012714384123682976
15347,0.008546032942831516
15348,0.014023492112755775
15349,0.00949932262301445
15350,0.007987460121512413
15351,0.00922144390642643
15352,0.006755414418876171
15353,0.007408547215163708
15354,0.11470767110586166
15355,0.011988572776317596
15356,0.013701116666197777
15357,0.008345665410161018
15358,0.008396314457058907
15359,0.011163300834596157
15360,0.017173398286104202
15361,0.009601048193871975
15362,0.0071486178785562515
15363,0.017418695613741875
15364,0.007091098930686712
15365,0.009154426865279675
15366,0.017168601974844933
15367,0.007530046161264181
15368,0.0070680053904652596
15369,0.007065230514854193
15370,0.012369468808174133
15371,0.006981030106544495
15372,0.008463546633720398
15373,0.0076809837482869625
15374,0.015990914776921272
15375,0.0069632092490792274
15376,0.006954369600862265
15377,0.009965596720576286
15378,0.009738009423017502
15379,0.009869726374745369
15380,0.0113831153139472
15381,0.028809120878577232
15382,0.006457321345806122
15383,0.006573391612619162
15384,0.005890758242458105
15385,0.014637722633779049
15386,0.01197120826691389
15387,0.007699429057538509
15388,0.008614241145551205
15389,0.006031780503690243
15390,0.008073156699538231
15391,0.028077712282538414
15392,0.008238125592470169
15393,0.008249393664300442
15394,0.007665477227419615
15395,0.0072890594601631165
15396,0.007541018538177013
15397,0.0075842696242034435
15398,0.009567231871187687
15399,0.00850821565836668
15400,0.00848054513335228
15401,0.01873047649860382
15402,0.007452243007719517
15403,0.006923633627593517
15404,0.007961754687130451
15405,0.007494502700865269
15406,0.006095950957387686
15407,0.006693687289953232
15408,0.00832495465874672
15409,0.008606637828052044
15410,0.074201300740242
15411,0.007947076112031937
15412,0.006488315295428038
15413,0.005915630608797073
15414,0.006860489957034588
15415,0.010452142916619778
15416,0.01200889702886343
15417,0.1280277818441391
15418,0.008729081600904465
15419,0.007387089543044567
15420,0.010836385190486908
15421,0.02705995738506317
15422,0.016695868223905563
15423,0.02158072218298912
15424,0.30151689052581787
15425,0.010640330612659454
15426,0.012131678871810436
15427,0.02439265511929989
15428,0.009730602614581585
15429,0.010485343635082245
15430,0.018275272101163864
15431,0.012661216780543327
15432,0.01028432697057724
15433,0.009131737053394318
15434,0.027826940640807152
15435,0.01065346971154213
15436,0.00913046021014452
15437,0.010960333049297333
15438,0.009515287354588509
15439,0.00889983307570219
15440,0.028042692691087723
15441,0.00880593340843916
15442,0.011052057147026062
15443,0.00822853296995163
15444,0.032914478331804276
15445,0.008922888897359371
15446,0.007135767489671707
15447,0.007105950266122818
15448,0.009154818020761013
15449,0.025128886103630066
15450,0.008966459892690182
15451,0.07685081660747528
15452,0.4368196129798889
15453,0.06463363021612167
15454,0.07575660943984985
15455,0.014670955948531628
15456,0.02468046173453331
15457,0.0465991273522377
15458,0.04085902124643326
15459,0.02272215113043785
15460,0.036826059222221375
15461,0.022466568276286125
15462,0.02612675540149212
15463,0.024574514478445053
15464,0.01897262968122959
15465,0.01386315282434225
15466,0.26123130321502686
15467,0.031915076076984406
15468,0.03230266273021698
15469,0.0198016706854105
15470,0.16118764877319336
15471,0.02091147005558014
15472,0.045609068125486374
15473,0.11838386952877045
15474,0.01936575025320053
15475,0.03324636071920395
15476,0.08815821260213852
15477,0.020908277481794357
15478,0.03399591147899628
15479,0.017434662207961082
15480,0.01930757611989975
15481,0.023290611803531647
15482,0.018555376678705215
15483,0.07375450432300568
15484,0.016479521989822388
15485,0.016705214977264404
15486,0.0166435819119215
15487,0.01684632897377014
15488,0.04324202239513397
15489,0.013122349977493286
15490,0.012580813840031624
15491,0.012883229181170464
15492,0.012136991135776043
15493,0.017010068520903587
15494,0.010530484840273857
15495,0.011946337297558784
15496,0.01070810854434967
15497,0.011623750440776348
15498,0.008782447315752506
15499,0.019339244812726974
15500,0.04650917649269104
15501,0.012010617181658745
15502,0.01825070194900036
15503,0.01785118877887726
15504,0.010588310658931732
15505,0.011545918881893158
15506,0.01153327152132988
15507,0.015409055165946484
15508,0.008553499355912209
15509,0.008959189057350159
15510,0.01067662239074707
15511,0.010206898674368858
15512,0.01305784285068512
15513,0.016238687559962273
15514,0.0091312937438488
15515,0.008490567095577717
15516,0.05685760825872421
15517,0.007987214252352715
15518,0.008379983715713024
15519,0.008601032197475433
15520,0.008518132381141186
15521,0.011206887662410736
15522,0.012368559837341309
15523,0.008004642091691494
15524,0.007314024027436972
15525,0.00797051377594471
15526,0.0077118342742323875
15527,0.008338842540979385
15528,0.0066125160083174706
15529,0.010130269452929497
15530,0.007568580098450184
15531,0.007958200760185719
15532,0.010315881110727787
15533,0.007855264469981194
15534,0.00624715443700552
15535,0.025017768144607544
15536,0.008258623071014881
15537,0.007283572107553482
15538,0.006495610810816288
15539,0.06972108781337738
15540,0.008850567042827606
15541,0.00802111066877842
15542,0.06561831384897232
15543,0.007379630580544472
15544,0.00743895024061203
15545,0.005899837240576744
15546,0.022246649488806725
15547,0.00786951370537281
15548,0.022118549793958664
15549,0.012791421264410019
15550,0.008440489880740643
15551,0.11225395649671555
15552,0.009447859600186348
15553,0.009398121386766434
15554,0.006566092371940613
15555,0.02215527556836605
15556,0.01313307136297226
15557,0.051439713686704636
15558,0.034861352294683456
15559,0.023298099637031555
15560,0.1421457827091217
15561,0.011453984305262566
15562,0.00973081961274147
15563,0.008439233526587486
15564,0.011905191466212273
15565,0.013853449374437332
15566,0.008072886615991592
15567,0.00857238657772541
15568,0.006335299462080002
15569,0.015835322439670563
15570,0.02700548991560936
15571,0.009312084876000881
15572,0.009985222481191158
15573,0.010332177393138409
15574,0.008632389828562737
15575,0.035049017518758774
15576,0.03565189987421036
15577,0.0081526143476367
15578,0.07777569442987442
15579,0.02638714388012886
15580,0.009663477540016174
15581,0.009310743771493435
15582,0.19731120765209198
15583,0.01351669430732727
15584,0.007952578365802765
15585,0.008903183974325657
15586,0.01027485728263855
15587,0.03945816308259964
15588,0.010152933187782764
15589,0.009473780170083046
15590,0.007180716842412949
15591,0.007116356398910284
15592,0.010068485513329506
15593,0.008838603273034096
15594,0.25460487604141235
15595,0.008590267039835453
15596,0.01359933614730835
15597,0.008765775710344315
15598,0.009411970153450966
15599,0.009785774163901806
15600,0.01051938347518444
15601,0.006927204318344593
15602,0.009192844852805138
15603,0.009369379840791225
15604,0.014765528962016106
15605,0.009142115712165833
15606,0.009763659909367561
15607,0.008612168952822685
15608,0.008570436388254166
15609,0.025242459028959274
15610,0.00816794391721487
15611,0.007035018876194954
15612,0.007904116064310074
15613,0.03334841877222061
15614,0.02117127552628517
15615,0.0090063801035285
15616,0.00740827526897192
15617,0.010371767915785313
15618,0.007928306236863136
15619,0.006151709705591202
15620,0.00838187150657177
15621,0.00679914653301239
15622,0.00666393805295229
15623,0.0073668211698532104
15624,0.006541511043906212
15625,0.00666612945497036
15626,0.006893768906593323
15627,0.006513682659715414
15628,0.006067494861781597
15629,0.007581809069961309
15630,0.006570808123797178
15631,0.006569968536496162
15632,0.005963203962892294
15633,0.007172744255512953
15634,0.011644343845546246
15635,0.005306541919708252
15636,0.005355079658329487
15637,0.005418839864432812
15638,0.005501735955476761
15639,0.006812018807977438
15640,0.005620967596769333
15641,0.005888784304261208
15642,0.007979797199368477
15643,0.006709492765367031
15644,0.006124015897512436
15645,0.03694949299097061
15646,0.008291073143482208
15647,0.010960502550005913
15648,0.02758079394698143
15649,0.007262418046593666
15650,0.006640641950070858
15651,0.005295229610055685
15652,0.13480637967586517
15653,0.018769389018416405
15654,0.012515997514128685
15655,0.007154469843953848
15656,0.011201891116797924
15657,0.015216236934065819
15658,0.01018101628869772
15659,0.00757243437692523
15660,0.08791673183441162
15661,0.008623486384749413
15662,0.041619982570409775
15663,0.028758782893419266
15664,0.015802767127752304
15665,0.013053860515356064
15666,0.0064436085522174835
15667,0.008901333436369896
15668,0.08522343635559082
15669,0.03258354961872101
15670,0.012941719964146614
15671,0.010585865937173367
15672,0.022229474037885666
15673,0.008150674402713776
15674,0.02004261128604412
15675,0.013814526610076427
15676,0.011732160113751888
15677,0.45366477966308594
15678,0.02113915979862213
15679,0.010063277557492256
15680,0.007234404794871807
15681,0.00760966120287776
15682,0.007774762809276581
15683,0.013425642624497414
15684,0.06793564558029175
15685,0.011394757777452469
15686,0.015432529151439667
15687,0.016282331198453903
15688,0.00774804875254631
15689,0.008995790034532547
15690,0.035175200551748276
15691,0.011187980882823467
15692,0.0086109209805727
15693,0.007426276337355375
15694,0.008392753079533577
15695,0.010154295712709427
15696,0.10799875110387802
15697,0.00832404661923647
15698,0.011386613361537457
15699,0.010459821671247482
15700,0.009306387044489384
15701,0.01579495333135128
15702,0.010479152202606201
15703,0.008086061105132103
15704,0.015010195784270763
15705,0.04028625786304474
15706,0.010210953652858734
15707,0.013026918284595013
15708,0.008898481726646423
15709,0.027989141643047333
15710,0.018730154260993004
15711,0.00841323472559452
15712,0.007342931814491749
15713,0.008415162563323975
15714,0.022802798077464104
15715,0.008026227355003357
15716,0.008972039446234703
15717,0.00831428449600935
15718,0.007700095884501934
15719,0.00648508919402957
15720,0.022491440176963806
15721,0.007184638641774654
15722,0.0100552998483181
15723,0.00879278127104044
15724,0.008790109306573868
15725,0.00804007239639759
15726,0.00670171482488513
15727,0.009424159303307533
15728,0.011456220410764217
15729,0.00830309372395277
15730,0.00689412048086524
15731,0.010100831277668476
15732,0.013292002491652966
15733,0.006286009680479765
15734,0.015715613961219788
15735,0.006940891966223717
15736,0.005761593114584684
15737,0.0076221562922000885
15738,0.028253262862563133
15739,0.007555592805147171
15740,0.008837660774588585
15741,0.010156778618693352
15742,0.04319765418767929
15743,0.006860282272100449
15744,0.007526562549173832
15745,0.008458644151687622
15746,0.008845447562634945
15747,0.007978321053087711
15748,0.010876755230128765
15749,0.012993207201361656
15750,0.007343250792473555
15751,0.0069180699065327644
15752,0.005450258031487465
15753,0.006711205001920462
15754,0.006764421239495277
15755,0.006491286214441061
15756,0.006231591105461121
15757,0.0068122572265565395
15758,0.03420273959636688
15759,0.008430573157966137
15760,0.008837839588522911
15761,0.009144254960119724
15762,0.017119569703936577
15763,0.006263775285333395
15764,0.0054268501698970795
15765,0.008130313828587532
15766,0.011889806017279625
15767,0.009481959044933319
15768,0.027313513681292534
15769,0.00877996627241373
15770,0.005927068646997213
15771,0.004995357245206833
15772,0.008722896687686443
15773,0.0059987325221300125
15774,0.005080701317638159
15775,0.006300707347691059
15776,0.06377491354942322
15777,0.008066646754741669
15778,0.006917777471244335
15779,0.005799426697194576
15780,0.01012591551989317
15781,0.007579854689538479
15782,0.007825330831110477
15783,0.007384276948869228
15784,0.006329623516649008
15785,0.009320348501205444
15786,0.006677667610347271
15787,0.005242324899882078
15788,0.01073791366070509
15789,0.007415055297315121
15790,0.010390136390924454
15791,0.005718853324651718
15792,0.010471723042428493
15793,0.005606146529316902
15794,0.005837913136929274
15795,0.007990345358848572
15796,0.007637008558958769
15797,0.00679913442581892
15798,0.006923598237335682
15799,0.018336886540055275
15800,0.005722306668758392
15801,0.007874619215726852
15802,0.005575517192482948
15803,0.00714076217263937
15804,0.014749768190085888
15805,0.005462262779474258
15806,0.36159849166870117
15807,0.008717971853911877
15808,0.006570148281753063
15809,0.05237746238708496
15810,0.0286235511302948
15811,0.022738318890333176
15812,0.007393007166683674
15813,0.005718833766877651
15814,0.01470569521188736
15815,0.007498455699533224
15816,0.007705566938966513
15817,0.011374903842806816
15818,0.007826457731425762
15819,0.0075996494852006435
15820,0.007185989059507847
15821,0.005797366611659527
15822,0.01014910638332367
15823,0.16701583564281464
15824,0.03240000084042549
15825,0.01886110007762909
15826,0.00796973891556263
15827,0.03496565669775009
15828,0.012552686035633087
15829,0.009787625633180141
15830,0.013061096891760826
15831,0.01181437075138092
15832,0.00824821088463068
15833,0.009917918592691422
15834,0.010051810182631016
15835,0.009109796956181526
15836,0.009784049354493618
15837,0.016301564872264862
15838,0.0073803323321044445
15839,0.00739688565954566
15840,0.007576741278171539
15841,0.00791587308049202
15842,0.0072616515681147575
15843,0.007427104748785496
15844,0.009302511811256409
15845,0.008438619785010815
15846,0.006247169338166714
15847,0.00744371023029089
15848,0.16198158264160156
15849,0.06845419108867645
15850,0.03164727985858917
15851,0.023109233006834984
15852,0.01304550003260374
15853,0.016098303720355034
15854,0.04148692265152931
15855,0.015185602009296417
15856,0.009331464767456055
15857,0.008156448602676392
15858,0.011906429193913937
15859,0.018981674686074257
15860,0.014908122830092907
15861,0.008935749530792236
15862,0.01270203199237585
15863,0.015506661497056484
15864,0.009164961986243725
15865,0.007433300372213125
15866,0.011396152898669243
15867,0.012038640677928925
15868,0.00974932499229908
15869,0.007112476974725723
15870,0.013228151947259903
15871,0.03147179260849953
15872,0.0114224161952734
15873,0.01179555058479309
15874,0.007322409655898809
15875,0.006993231829255819
15876,0.008919714018702507
15877,0.008072003722190857
15878,0.00576359685510397
15879,0.006316430866718292
15880,0.008733226917684078
15881,0.007630252745002508
15882,0.0060602817684412
15883,0.006409769412130117
15884,0.006121726706624031
15885,0.011294661089777946
15886,0.017938608303666115
15887,0.006763741374015808
15888,0.008891021832823753
15889,0.013105216436088085
15890,0.00786181166768074
15891,0.01957573927938938
15892,0.005391532555222511
15893,0.006307390984147787
15894,0.006889476906508207
15895,0.009220544248819351
15896,0.013316048309206963
15897,0.0058037154376506805
15898,0.01571490243077278
15899,0.035909608006477356
15900,0.007796013727784157
15901,0.008618433028459549
15902,0.11372774839401245
15903,0.28880828619003296
15904,0.029088547453284264
15905,0.01796059124171734
15906,0.016242176294326782
15907,0.0127690015360713
15908,0.01833338290452957
15909,0.021251492202281952
15910,0.04065980017185211
15911,0.00934101827442646
15912,0.016860222443938255
15913,0.01624136045575142
15914,0.029120884835720062
15915,0.007768017705529928
15916,0.010728666558861732
15917,0.012313185259699821
15918,0.03400949761271477
15919,0.021744627505540848
15920,0.016531415283679962
15921,0.013400612398982048
15922,0.009651693515479565
15923,0.00951942428946495
15924,0.008256971836090088
15925,0.06202709674835205
15926,0.008366148918867111
15927,0.010089069604873657
15928,0.1325068324804306
15929,0.018459497019648552
15930,0.009710618294775486
15931,0.007974885404109955
15932,0.33623623847961426
15933,0.01272400002926588
15934,0.011533863842487335
15935,0.008799877017736435
15936,0.009092941880226135
15937,0.00859040580689907
15938,0.024080689996480942
15939,0.008638227358460426
15940,0.007605644874274731
15941,0.008394425734877586
15942,0.04246097058057785
15943,0.013082990422844887
15944,0.0104540279135108
15945,0.008093484677374363
15946,0.007655746303498745
15947,0.00788150355219841
15948,0.011332742869853973
15949,0.007791589014232159
15950,0.010798804461956024
15951,0.006993343122303486
15952,0.008978853933513165
15953,0.009076793678104877
15954,0.01995949260890484
15955,0.008534138090908527
15956,0.007378476671874523
15957,0.007520690094679594
15958,0.0062970956787467
15959,0.006320895627140999
15960,0.0069586848840117455
15961,0.006287963595241308
15962,0.007567559368908405
15963,0.006660747341811657
15964,0.028551626950502396
15965,0.00737382099032402
15966,0.0056813182309269905
15967,0.006596849765628576
15968,0.010664175264537334
15969,0.01630496233701706
15970,0.00802508182823658
15971,0.006124068051576614
15972,0.018268756568431854
15973,0.015692979097366333
15974,0.005745156668126583
15975,0.007922765798866749
15976,0.005090122576802969
15977,0.006635268684476614
15978,0.010517455637454987
15979,0.006216556765139103
15980,0.007958335801959038
15981,0.02378379926085472
15982,0.031297095119953156
15983,0.007646656595170498
15984,0.00609635328873992
15985,0.005272898823022842
15986,0.11616333574056625
15987,0.01966680772602558
15988,0.00794282741844654
15989,0.006143234670162201
15990,0.012519369833171368
15991,0.015412981621921062
15992,0.010836541652679443
15993,0.008714726194739342
15994,0.007802478037774563
15995,0.00927540473639965
15996,0.0068689859472215176
15997,0.007141812704503536
15998,0.24552492797374725
15999,0.01094367727637291
16000,0.013846343383193016
16001,0.008524603210389614
16002,0.01216870080679655
16003,0.009142687544226646
16004,0.007894710637629032
16005,0.006189984735101461
16006,0.012580415233969688
16007,0.008705727756023407
16008,0.008956090547144413
16009,0.0078072696924209595
16010,0.007700251415371895
16011,0.009813401848077774
16012,0.012423302046954632
16013,0.0077153705060482025
16014,0.006965323816984892
16015,0.0073860338889062405
16016,0.0065246326848864555
16017,0.007912633009254932
16018,0.0061513385735452175
16019,0.01007416844367981
16020,0.014682633802294731
16021,0.009574109688401222
16022,0.007467437535524368
16023,0.005452269688248634
16024,0.01045113056898117
16025,0.006885978393256664
16026,0.020587632432579994
16027,0.009889406152069569
16028,0.011045709252357483
16029,0.019490931183099747
16030,0.0073724230751395226
16031,0.008643640205264091
16032,0.01966985873878002
16033,0.0055401986464858055
16034,0.010081762447953224
16035,0.006715382449328899
16036,0.00790955126285553
16037,0.006124432198703289
16038,0.007230397313833237
16039,0.005919954739511013
16040,0.006566958036273718
16041,0.009635360911488533
16042,0.007762223016470671
16043,0.013953577727079391
16044,0.00542991328984499
16045,0.006003496702760458
16046,0.018856722861528397
16047,0.009705068543553352
16048,0.10623016208410263
16049,0.01431414857506752
16050,0.020888207480311394
16051,0.0136529840528965
16052,0.015086865983903408
16053,0.011334419250488281
16054,0.007215369492769241
16055,0.008869117125868797
16056,0.023394552990794182
16057,0.011951856315135956
16058,0.011318586766719818
16059,0.009545681066811085
16060,0.010886890813708305
16061,0.01660763844847679
16062,0.007811355870217085
16063,0.008411603048443794
16064,0.010360347107052803
16065,0.014706163667142391
16066,0.007336891256272793
16067,0.00976372417062521
16068,0.006245954893529415
16069,0.007222172804176807
16070,0.08079048991203308
16071,0.01106175035238266
16072,0.00684473617002368
16073,0.007706829812377691
16074,0.007500405423343182
16075,0.006217712536454201
16076,0.006668285466730595
16077,0.009066742844879627
16078,0.006504355929791927
16079,0.006445904262363911
16080,0.0062871770933270454
16081,0.0060349078848958015
16082,0.005416044499725103
16083,0.005902921315282583
16084,0.010332372039556503
16085,0.00549504067748785
16086,0.00562730198726058
16087,0.03334035351872444
16088,0.005779185798019171
16089,0.00616773497313261
16090,0.011862598359584808
16091,0.04620077833533287
16092,0.008708618581295013
16093,0.014344094321131706
16094,0.005106230266392231
16095,0.0054282015189528465
16096,0.013661562465131283
16097,0.004807799588888884
16098,0.0057175373658537865
16099,0.029748445376753807
16100,0.015653803944587708
16101,0.012598110362887383
16102,0.007050066255033016
16103,0.005552816670387983
16104,0.007805605884641409
16105,0.008433506824076176
16106,0.009106879122555256
16107,0.007410899735987186
16108,0.015005216002464294
16109,0.004931367468088865
16110,0.011569133028388023
16111,0.006090402137488127
16112,0.006036929786205292
16113,0.015564496628940105
16114,0.005694955121725798
16115,0.05914236232638359
16116,0.007797639351338148
16117,0.005362845957279205
16118,0.005149357486516237
16119,0.008327458053827286
16120,0.006134827621281147
16121,0.02906523272395134
16122,0.006857763044536114
16123,0.006209626793861389
16124,0.011968163773417473
16125,0.006435576826334
16126,0.00531841441988945
16127,0.005106378346681595
16128,0.009494813159108162
16129,0.030433638021349907
16130,0.008340000174939632
16131,0.010413525626063347
16132,0.007455096580088139
16133,0.007682351395487785
16134,0.007987641729414463
16135,0.0052000717259943485
16136,0.00684202928096056
16137,0.04603930562734604
16138,0.005708608776330948
16139,0.005064244382083416
16140,0.005950412712991238
16141,0.007857346907258034
16142,0.006898852996528149
16143,0.008576913736760616
16144,0.013057967647910118
16145,0.0044883619993925095
16146,0.013327555730938911
16147,0.00611851504072547
16148,0.00504542700946331
16149,0.005919968243688345
16150,0.0073588453233242035
16151,0.010381203144788742
16152,0.005304425023496151
16153,0.004897542297840118
16154,0.03678257390856743
16155,0.011617104522883892
16156,0.00733020668849349
16157,0.005960711743682623
16158,0.0048667858354747295
16159,0.00855617318302393
16160,0.005714101251214743
16161,0.00696970708668232
16162,0.01310091745108366
16163,0.005469388794153929
16164,0.004867889452725649
16165,0.03404131531715393
16166,0.006782222539186478
16167,0.006913887336850166
16168,0.005899481009691954
16169,0.04891370236873627
16170,0.009233124554157257
16171,0.015623807907104492
16172,0.009408101439476013
16173,0.010496646165847778
16174,0.005792583338916302
16175,0.005953531712293625
16176,0.0059582022950053215
16177,0.020008493214845657
16178,0.00539037212729454
16179,0.018255509436130524
16180,0.007559868507087231
16181,0.00960446521639824
16182,0.00562227051705122
16183,0.007645579986274242
16184,0.00917092151939869
16185,0.005974777974188328
16186,0.025258544832468033
16187,0.0068190633319318295
16188,0.006627535447478294
16189,0.005773363634943962
16190,0.005517834797501564
16191,0.004901662468910217
16192,0.02039121463894844
16193,0.012443060986697674
16194,0.004967408254742622
16195,0.005173928570002317
16196,0.005475150421261787
16197,0.006460916250944138
16198,0.006548058241605759
16199,0.01910797879099846
16200,0.006567717995494604
16201,0.013618683442473412
16202,0.006230873987078667
16203,0.00500385370105505
16204,0.018989983946084976
16205,0.008281312882900238
16206,0.006783860735595226
16207,0.006105184555053711
16208,0.01611015573143959
16209,0.005120416171848774
16210,0.004665848333388567
16211,0.007743032183498144
16212,0.0049671875312924385
16213,0.00598298292607069
16214,0.005140444729477167
16215,0.006194514688104391
16216,0.005348697304725647
16217,0.0050287870690226555
16218,0.006060836836695671
16219,0.00517280213534832
16220,0.005304339341819286
16221,0.014480166137218475
16222,0.033470962196588516
16223,0.014999983832240105
16224,0.023903414607048035
16225,0.007311873137950897
16226,0.0056580170057713985
16227,0.008392337709665298
16228,0.0070875342935323715
16229,0.012293824926018715
16230,0.012132800184190273
16231,0.014125782065093517
16232,0.008445125073194504
16233,0.009684287011623383
16234,0.007641507312655449
16235,0.06043625995516777
16236,0.011731967329978943
16237,0.013805719092488289
16238,0.023228652775287628
16239,0.008149746805429459
16240,0.07285900413990021
16241,0.011235911399126053
16242,0.009809218347072601
16243,0.006053107790648937
16244,0.008905814960598946
16245,0.011686250567436218
16246,0.009937528520822525
16247,0.008481035940349102
16248,0.007041126489639282
16249,0.007512589450925589
16250,0.013262670487165451
16251,0.00736753037199378
16252,0.016743674874305725
16253,0.011843080632388592
16254,0.017159778624773026
16255,0.005842232145369053
16256,0.4792821407318115
16257,0.019443320110440254
16258,0.03435933589935303
16259,0.009970692917704582
16260,0.011992334388196468
16261,0.018133625388145447
16262,0.01226001139730215
16263,0.010998712852597237
16264,0.011029930785298347
16265,0.01233904343098402
16266,0.5408254861831665
16267,0.017882319167256355
16268,0.014736464247107506
16269,0.018625101074576378
16270,0.01321663148701191
16271,0.011264814995229244
16272,0.26248762011528015
16273,0.016320940107107162
16274,0.014173108153045177
16275,0.038508325815200806
16276,0.01167556457221508
16277,0.07796384394168854
16278,0.10977955907583237
16279,0.02992529422044754
16280,0.015629932284355164
16281,0.010887667536735535
16282,0.011775257997214794
16283,0.14316494762897491
16284,0.011638710275292397
16285,0.015205415897071362
16286,0.016833437606692314
16287,0.03062557242810726
16288,0.019032873213291168
16289,0.010783562436699867
16290,0.012352406978607178
16291,0.02019660547375679
16292,0.011717487126588821
16293,0.008080623112618923
16294,0.010661227628588676
16295,0.010770861059427261
16296,0.01378861628472805
16297,0.05691244825720787
16298,0.0110749751329422
16299,0.007909840904176235
16300,0.010791203938424587
16301,0.009853561408817768
16302,0.01271879207342863
16303,0.007180413231253624
16304,0.008286921307444572
16305,0.056300871074199677
16306,0.010826284997165203
16307,0.00797591358423233
16308,0.006838542874902487
16309,0.00889196153730154
16310,0.011830715462565422
16311,0.0074199652299284935
16312,0.0076920026913285255
16313,0.009083926677703857
16314,0.08198030292987823
16315,0.0061073387041687965
16316,0.0060810428112745285
16317,0.006956774741411209
16318,0.007472905796021223
16319,0.0066102719865739346
16320,0.007976788096129894
16321,0.008267197757959366
16322,0.006081467028707266
16323,0.5254223346710205
16324,0.013652901165187359
16325,0.01611444354057312
16326,0.06711000204086304
16327,0.01863272860646248
16328,0.023169782012701035
16329,0.07239221036434174
16330,0.009693107567727566
16331,0.011014613322913647
16332,0.008199211210012436
16333,0.16357819736003876
16334,0.012932701967656612
16335,0.011905573308467865
16336,0.008151344023644924
16337,0.028737058863043785
16338,0.01272749062627554
16339,0.030991528183221817
16340,0.00937939714640379
16341,0.007625933736562729
16342,0.019664108753204346
16343,0.010071025229990482
16344,0.008211325854063034
16345,0.009350825101137161
16346,0.008248554542660713
16347,0.009822534397244453
16348,0.0085584856569767
16349,0.0066995746456086636
16350,0.007753973361104727
16351,0.028078190982341766
16352,0.008853808045387268
16353,0.010824537836015224
16354,0.023527493700385094
16355,0.006420554127544165
16356,0.00721371453255415
16357,0.008760092779994011
16358,0.5299906134605408
16359,0.010931635275483131
16360,0.009421289898455143
16361,0.013065341860055923
16362,0.007993096485733986
16363,0.011301383376121521
16364,0.0076120453886687756
16365,0.00825463142246008
16366,0.007775729056447744
16367,0.009029838256537914
16368,0.06644473224878311
16369,0.008657394908368587
16370,0.007618198171257973
16371,0.006025797687470913
16372,0.006840077694505453
16373,0.007738180458545685
16374,0.006739909760653973
16375,0.0062673017382621765
16376,0.00798014085739851
16377,0.036533962935209274
16378,0.005601970478892326
16379,0.005989109631627798
16380,0.007677048444747925
16381,0.00798828899860382
16382,0.027754608541727066
16383,0.00740108173340559
16384,0.007934150286018848
16385,0.022157300263643265
16386,0.006089018192142248
16387,0.01582414098083973
16388,0.02159448340535164
16389,0.006868218537420034
16390,0.005236782133579254
16391,0.005974786356091499
16392,0.008062787353992462
16393,0.007566719315946102
16394,0.005403931252658367
16395,0.0055506108328700066
16396,0.005133434664458036
16397,0.008405031636357307
16398,0.005189651623368263
16399,0.007120982743799686
16400,0.005729947239160538
16401,0.006187819875776768
16402,0.007463817950338125
16403,0.006520538590848446
16404,0.018067412078380585
16405,0.007239965256303549
16406,0.031712934374809265
16407,0.0073228804394602776
16408,0.006642584688961506
16409,0.005606915336102247
16410,0.01315324380993843
16411,0.005659214686602354
16412,0.006396584212779999
16413,0.017331350594758987
16414,0.005991322919726372
16415,0.046335965394973755
16416,0.006583116017282009
16417,0.01049347035586834
16418,0.0127912238240242
16419,0.006297354586422443
16420,0.00688476487994194
16421,0.008782736957073212
16422,0.006726267747581005
16423,0.005157981067895889
16424,0.0053378320299088955
16425,0.005455011501908302
16426,0.010998070240020752
16427,0.005305699538439512
16428,0.009807395748794079
16429,0.005599976517260075
16430,0.0066054570488631725
16431,0.008227687329053879
16432,0.008967651054263115
16433,0.005046962294727564
16434,0.02088918909430504
16435,0.012457139790058136
16436,0.005867599509656429
16437,0.005596145521849394
16438,0.005708499811589718
16439,0.007284066639840603
16440,0.005528358276933432
16441,0.006180425174534321
16442,0.010059589520096779
16443,0.004788447171449661
16444,0.008627508766949177
16445,0.01992054469883442
16446,0.010990185663104057
16447,0.004459441639482975
16448,0.019380856305360794
16449,0.008041591383516788
16450,0.007883410900831223
16451,0.006805548444390297
16452,0.005418748594820499
16453,0.004672626033425331
16454,0.005393716506659985
16455,0.005107266828417778
16456,0.006965058855712414
16457,0.1366904228925705
16458,0.02142058126628399
16459,0.009125372394919395
16460,0.005139574408531189
16461,0.024213094264268875
16462,0.014347424730658531
16463,0.010167064145207405
16464,0.019941503182053566
16465,0.009959504008293152
16466,0.009014314040541649
16467,0.008248972706496716
16468,0.00665019266307354
16469,0.006069045513868332
16470,0.007481180131435394
16471,0.008318956941366196
16472,0.007279060315340757
16473,0.008440978825092316
16474,0.008823532611131668
16475,0.008201324380934238
16476,0.012309767305850983
16477,0.018262360244989395
16478,0.03131672367453575
16479,0.01048516109585762
16480,0.014447947964072227
16481,0.029797006398439407
16482,0.008183331228792667
16483,0.009414340369403362
16484,0.007184796035289764
16485,0.0075615160167217255
16486,0.008305070921778679
16487,0.23047952353954315
16488,0.017896633595228195
16489,0.03012266382575035
16490,0.007325372658669949
16491,0.019355928525328636
16492,0.017752639949321747
16493,0.008170782588422298
16494,0.011071152053773403
16495,0.01342338602989912
16496,0.011722455732524395
16497,0.40004485845565796
16498,0.1054307222366333
16499,0.11482485383749008
16500,0.04729504510760307
16501,0.02342122420668602
16502,0.04448522627353668
16503,0.19273880124092102
16504,0.05510890483856201
16505,0.046749651432037354
16506,0.03666958212852478
16507,0.1000310629606247
16508,0.022123966366052628
16509,0.02608221396803856
16510,0.027877002954483032
16511,0.02878120169043541
16512,0.026588451117277145
16513,0.02263917773962021
16514,0.02218637987971306
16515,0.022970741614699364
16516,0.020999204367399216
16517,0.025740962475538254
16518,0.01889149099588394
16519,0.029921187087893486
16520,0.013703054748475552
16521,0.01515100710093975
16522,0.022252555936574936
16523,0.02785050868988037
16524,0.04265348240733147
16525,0.014877595007419586
16526,0.016646934673190117
16527,0.01329849287867546
16528,0.01298704743385315
16529,0.025510143488645554
16530,0.011425219476222992
16531,0.015365244820713997
16532,0.010831113904714584
16533,0.01070238184183836
16534,0.009745132178068161
16535,0.06242942437529564
16536,0.011792002245783806
16537,0.013258065097033978
16538,0.024103309959173203
16539,0.010396952740848064
16540,0.011972232721745968
16541,0.03929212689399719
16542,0.008658702485263348
16543,0.011054988019168377
16544,0.009788759052753448
16545,0.011181354522705078
16546,0.009169893339276314
16547,0.011842101812362671
16548,0.009440185502171516
16549,0.00909514632076025
16550,0.014433372765779495
16551,0.028338884934782982
16552,0.009252769872546196
16553,0.008754856884479523
16554,0.012716024182736874
16555,0.007220335304737091
16556,0.007916233502328396
16557,0.00798836536705494
16558,0.00920998863875866
16559,0.010331274941563606
16560,0.008335543796420097
16561,0.008537257090210915
16562,0.006352671422064304
16563,0.023316923528909683
16564,0.007039058953523636
16565,0.013710975646972656
16566,0.006686847656965256
16567,0.006269335281103849
16568,0.13235805928707123
16569,0.011653147637844086
16570,0.01666921377182007
16571,0.009765627793967724
16572,0.008523492142558098
16573,0.012042304500937462
16574,0.011278150603175163
16575,0.013697244226932526
16576,0.01220412366092205
16577,0.007999038323760033
16578,0.01092909649014473
16579,0.012502379715442657
16580,0.011436982080340385
16581,0.009083636105060577
16582,0.008835884742438793
16583,0.014533549547195435
16584,0.009252486750483513
16585,0.007916167378425598
16586,0.010044127702713013
16587,0.012345525436103344
16588,0.008499789983034134
16589,0.007639097981154919
16590,0.009039544500410557
16591,0.011049991473555565
16592,0.10163252055644989
16593,0.019208356738090515
16594,0.021149493753910065
16595,0.01159326359629631
16596,0.006970630027353764
16597,0.012217976152896881
16598,0.013492840342223644
16599,0.5128322839736938
16600,0.014904415234923363
16601,0.03283776342868805
16602,0.015155978500843048
16603,0.00919087789952755
16604,0.06077582761645317
16605,0.014173164963722229
16606,0.05372967571020126
16607,0.023574400693178177
16608,0.5607147216796875
16609,0.021584516391158104
16610,0.04036130756139755
16611,0.0253257155418396
16612,0.014886898919939995
16613,0.022361502051353455
16614,0.056349292397499084
16615,0.03070179931819439
16616,0.030083853751420975
16617,0.020083308219909668
16618,0.011155563406646252
16619,0.030791819095611572
16620,0.036232978105545044
16621,0.016694452613592148
16622,0.15069910883903503
16623,0.025161704048514366
16624,0.04551369696855545
16625,0.038004614412784576
16626,0.021261148154735565
16627,0.01701025664806366
16628,0.01977882906794548
16629,0.016775643453001976
16630,0.019064510241150856
16631,0.014453737065196037
16632,0.01530415564775467
16633,0.03473767638206482
16634,0.03588021919131279
16635,0.02100658044219017
16636,0.0200795941054821
16637,0.01999911293387413
16638,0.016335921362042427
16639,0.014379814267158508
16640,0.011973156593739986
16641,0.011876793578267097
16642,0.015207423828542233
16643,0.02858910523355007
16644,0.1594502031803131
16645,0.038604944944381714
16646,0.04635196551680565
16647,0.03002507984638214
16648,0.02378268539905548
16649,0.017663773149251938
16650,0.02971228025853634
16651,0.03012814186513424
16652,0.023041054606437683
16653,0.3368528485298157
16654,0.026633907109498978
16655,0.03656063601374626
16656,0.03231584280729294
16657,0.028889520093798637
16658,0.019604800269007683
16659,0.035130824893713
16660,0.03353621065616608
16661,0.10545345395803452
16662,0.02676374278962612
16663,0.024262143298983574
16664,0.01598614826798439
16665,0.013537166640162468
16666,0.09032627195119858
16667,0.015693210065364838
16668,0.01686795987188816
16669,0.015568269416689873
16670,0.018505282700061798
16671,0.013806461356580257
16672,0.01797121949493885
16673,0.08926156163215637
16674,0.012810229323804379
16675,0.018232382833957672
16676,0.010460997000336647
16677,0.008612116798758507
16678,0.0947776734828949
16679,0.011320186778903008
16680,0.018915288150310516
16681,0.009553030133247375
16682,0.010605214163661003
16683,0.010399715974926949
16684,0.012844718992710114
16685,0.010231439024209976
16686,0.01257090549916029
16687,0.010426782071590424
16688,0.009687704034149647
16689,0.01727861538529396
16690,0.007967488840222359
16691,0.008404656313359737
16692,0.00832125823944807
16693,0.00782928429543972
16694,0.01134481094777584
16695,0.007350832223892212
16696,0.011015134863555431
16697,0.22400003671646118
16698,0.032067932188510895
16699,0.010075713507831097
16700,0.009175592102110386
16701,0.01307014562189579
16702,0.01192483864724636
16703,0.010102898813784122
16704,0.015664441511034966
16705,0.010037075728178024
16706,0.009461697190999985
16707,0.008890461176633835
16708,0.052793703973293304
16709,0.018377793952822685
16710,0.047377072274684906
16711,0.007742425426840782
16712,0.01233712863177061
16713,0.009233451448380947
16714,0.02628001570701599
16715,0.008403440937399864
16716,0.013380415737628937
16717,0.00711496127769351
16718,0.0068380748853087425
16719,0.010930235497653484
16720,0.2754928469657898
16721,0.00990570429712534
16722,0.024883657693862915
16723,0.009318554773926735
16724,0.009327428415417671
16725,0.00959540344774723
16726,0.01851903647184372
16727,0.011631581000983715
16728,0.034110382199287415
16729,0.01309871580451727
16730,0.007920678704977036
16731,0.012341152876615524
16732,0.013956934213638306
16733,0.01232753973454237
16734,0.00966758094727993
16735,0.012519976124167442
16736,0.009627237915992737
16737,0.42149055004119873
16738,0.00790612306445837
16739,0.011977474205195904
16740,0.012881173752248287
16741,0.00742386793717742
16742,0.022108107805252075
16743,0.008790827356278896
16744,0.01044817827641964
16745,0.00848825927823782
16746,0.05471246689558029
16747,0.007471479009836912
16748,0.012081852182745934
16749,0.008426276966929436
16750,0.01990431360900402
16751,0.007914522662758827
16752,0.013191225938498974
16753,0.011351747438311577
16754,0.008061402477324009
16755,0.04825088009238243
16756,0.01043702196329832
16757,0.00960683636367321
16758,0.009806536138057709
16759,0.01230081170797348
16760,0.01729618012905121
16761,0.18332934379577637
16762,0.007530591916292906
16763,0.007347812410444021
16764,0.006288851611316204
16765,0.012874744832515717
16766,0.007385842502117157
16767,0.007479695603251457
16768,0.008591221645474434
16769,0.00667378306388855
16770,0.032938189804553986
16771,0.19087640941143036
16772,0.010639511048793793
16773,0.01186181791126728
16774,0.007653060369193554
16775,0.023213520646095276
16776,0.010244426317512989
16777,0.10008707642555237
16778,0.0076494403183460236
16779,0.008161052130162716
16780,0.023083437234163284
16781,0.00863119401037693
16782,0.019490040838718414
16783,0.013052294962108135
16784,0.012475076131522655
16785,0.008333399891853333
16786,0.0117202028632164
16787,0.0077242739498615265
16788,0.008640103042125702
16789,0.00936284102499485
16790,0.00898120366036892
16791,0.007667650934308767
16792,0.007579042576253414
16793,0.00986955314874649
16794,0.00706375390291214
16795,0.00764788081869483
16796,0.006482379510998726
16797,0.006489465944468975
16798,0.007503462489694357
16799,0.006561949383467436
16800,0.007562297862023115
16801,0.014889044687151909
16802,0.008379198610782623
16803,0.006628935690969229
16804,0.007540740072727203
16805,0.006870191544294357
16806,0.0067285760305821896
16807,0.009378639981150627
16808,0.42627188563346863
16809,0.010691821575164795
16810,0.015581469982862473
16811,0.1253974884748459
16812,0.026356905698776245
16813,0.01957676187157631
16814,0.01256063487380743
16815,0.01169180404394865
16816,0.04016029089689255
16817,0.009529806673526764
16818,0.010046790353953838
16819,0.012387536466121674
16820,0.011303659528493881
16821,0.016313010826706886
16822,0.014323964715003967
16823,0.01017935574054718
16824,0.00825435295701027
16825,0.30363690853118896
16826,0.013141164556145668
16827,0.01198736485093832
16828,0.010176362469792366
16829,0.009613090194761753
16830,0.010024961084127426
16831,0.011130432598292828
16832,0.009356597438454628
16833,0.01539526879787445
16834,0.01739167422056198
16835,0.012283466756343842
16836,0.017973098903894424
16837,0.010503644123673439
16838,0.010673722252249718
16839,0.00874403864145279
16840,0.013279207050800323
16841,0.0177433080971241
16842,0.010016277432441711
16843,0.012419745326042175
16844,0.008429581299424171
16845,0.012309367768466473
16846,0.05568411201238632
16847,0.010337933897972107
16848,0.017949750646948814
16849,0.009047362953424454
16850,0.008568990975618362
16851,0.00883282721042633
16852,0.008398905396461487
16853,0.009341388009488583
16854,0.007761654444038868
16855,0.00655341288074851
16856,0.00823162030428648
16857,0.062417544424533844
16858,0.010488756000995636
16859,0.008014367893338203
16860,0.013273581862449646
16861,0.006508221384137869
16862,0.007104665040969849
16863,0.047208648175001144
16864,0.007836195640265942
16865,0.006880797445774078
16866,0.007016132585704327
16867,0.017930908128619194
16868,0.031795684248209
16869,0.013227870687842369
16870,0.025720268487930298
16871,0.051189206540584564
16872,0.006940247491002083
16873,0.011251509189605713
16874,0.00999193824827671
16875,0.008046009577810764
16876,0.007986086420714855
16877,0.01474023424088955
16878,0.00891275517642498
16879,0.007292558904737234
16880,0.006959631107747555
16881,0.2255740761756897
16882,0.007364063989371061
16883,0.011124002747237682
16884,0.014892920851707458
16885,0.01362675242125988
16886,0.009686971083283424
16887,0.013145494274795055
16888,0.008063958957791328
16889,0.008202225901186466
16890,0.04208430275321007
16891,0.012077515944838524
16892,0.013548804447054863
16893,0.011292639188468456
16894,0.04435846209526062
16895,0.0137165617197752
16896,0.009230374358594418
16897,0.006970738526433706
16898,0.007555394433438778
16899,0.0262076985090971
16900,0.006529860198497772
16901,0.02258407697081566
16902,0.04559950530529022
16903,0.030298864468932152
16904,0.00892178900539875
16905,0.006057482212781906
16906,0.010696632787585258
16907,0.008029818534851074
16908,0.00843033567070961
16909,0.006547802593559027
16910,0.03575683385133743
16911,0.011301497928798199
16912,0.01002095639705658
16913,0.005900504998862743
16914,0.007486029528081417
16915,0.023489004001021385
16916,0.008401917293667793
16917,0.015255726873874664
16918,0.012962885200977325
16919,0.009494871832430363
16920,0.00661530252546072
16921,0.022150814533233643
16922,0.007993522100150585
16923,0.007742834743112326
16924,0.00873392540961504
16925,0.008388878777623177
16926,0.009673971682786942
16927,0.006269869860261679
16928,0.010249052196741104
16929,0.006478546187281609
16930,0.00679437443614006
16931,0.01133229210972786
16932,0.014123925939202309
16933,0.020534923300147057
16934,0.010191839188337326
16935,0.007280261721462011
16936,0.00773638766258955
16937,0.007772240787744522
16938,0.007866288535296917
16939,0.0060193962417542934
16940,0.012383471243083477
16941,0.006349367089569569
16942,0.008497875183820724
16943,0.006267947610467672
16944,0.007262126542627811
16945,0.0068766712211072445
16946,0.008864383213222027
16947,0.020645011216402054
16948,0.006240355782210827
16949,0.00960500631481409
16950,0.006174447946250439
16951,0.006038385443389416
16952,0.011280732229351997
16953,0.005143793765455484
16954,0.030216848477721214
16955,0.006938415579497814
16956,0.007039329968392849
16957,0.006863869726657867
16958,0.006836844142526388
16959,0.024427592754364014
16960,0.0092536099255085
16961,0.00784393586218357
16962,0.005775550380349159
16963,0.005823984742164612
16964,0.019086379557847977
16965,0.09179352223873138
16966,0.009826380759477615
16967,0.016519539058208466
16968,0.008125650696456432
16969,0.007312643341720104
16970,0.006932168733328581
16971,0.016391515731811523
16972,0.010519793257117271
16973,0.01017378643155098
16974,0.010073723271489143
16975,0.01608685404062271
16976,0.005287761799991131
16977,0.1356169730424881
16978,0.040929585695266724
16979,0.0221919696778059
16980,0.010603836737573147
16981,0.00882058497518301
16982,0.010368626564741135
16983,0.00878855213522911
16984,0.182199627161026
16985,0.01143501978367567
16986,0.013785126619040966
16987,0.009993254207074642
16988,0.16485145688056946
16989,0.009731889702379704
16990,0.012726565822958946
16991,0.010611100122332573
16992,0.010330124758183956
16993,0.047232486307621
16994,0.01141667366027832
16995,0.011656036600470543
16996,0.015432951971888542
16997,0.02060740254819393
16998,0.008748496882617474
16999,0.010634122416377068
17000,0.21469810605049133
17001,0.009609661065042019
17002,0.014169915579259396
17003,0.0129769928753376
17004,0.007164112292230129
17005,0.009192697703838348
17006,0.014115276746451855
17007,0.008282925002276897
17008,0.008153678849339485
17009,0.04546266794204712
17010,0.0765756219625473
17011,0.013084317557513714
17012,0.07483449578285217
17013,0.01296582818031311
17014,0.007461618632078171
17015,0.009883224032819271
17016,0.01731778495013714
17017,0.012852045707404613
17018,0.01185721717774868
17019,0.009944763034582138
17020,0.020836517214775085
17021,0.007478424813598394
17022,0.008654060773551464
17023,0.01108098030090332
17024,0.28923100233078003
17025,0.012903491966426373
17026,0.026745101436972618
17027,0.009873801842331886
17028,0.01278291642665863
17029,0.012194743379950523
17030,0.012558500282466412
17031,0.016193460673093796
17032,0.008686887100338936
17033,0.010902471840381622
17034,0.009965210221707821
17035,0.026021398603916168
17036,0.016696149483323097
17037,0.027768921107053757
17038,0.012271203100681305
17039,0.009095830842852592
17040,0.005967126693576574
17041,0.011201593093574047
17042,0.02149374596774578
17043,0.007601616904139519
17044,0.3052269220352173
17045,0.016481870785355568
17046,0.025669068098068237
17047,0.009472507983446121
17048,0.010275832377374172
17049,0.014608661644160748
17050,0.021079188212752342
17051,0.00884902011603117
17052,0.013390449807047844
17053,0.01170212309807539
17054,0.011603514663875103
17055,0.01037546806037426
17056,0.008141923695802689
17057,0.023800060153007507
17058,0.030069489032030106
17059,0.03659617155790329
17060,0.013040021061897278
17061,0.009942054748535156
17062,0.014058026485145092
17063,0.014749472960829735
17064,0.011708356440067291
17065,0.008622190915048122
17066,0.009543809108436108
17067,0.023832153528928757
17068,0.009975395165383816
17069,0.011188184842467308
17070,0.010481759905815125
17071,0.007102362811565399
17072,0.0064359381794929504
17073,0.00670478492975235
17074,0.0064579336903989315
17075,0.007699351292103529
17076,0.011806490831077099
17077,0.020785201340913773
17078,0.008986184373497963
17079,0.008103491738438606
17080,0.007077031768858433
17081,0.09254197776317596
17082,0.006944331806153059
17083,0.010822566226124763
17084,0.028297273442149162
17085,0.018481625244021416
17086,0.007388207130134106
17087,0.01266228687018156
17088,0.006534379906952381
17089,0.013785820454359055
17090,0.0066399103961884975
17091,0.009407051838934422
17092,0.006128597538918257
17093,0.006616947706788778
17094,0.016879616305232048
17095,0.007598300464451313
17096,0.0075560687109827995
17097,0.00769564276561141
17098,0.005359021481126547
17099,0.005718466825783253
17100,0.006787989288568497
17101,0.006979793310165405
17102,0.011142554692924023
17103,0.005529298447072506
17104,0.006184493191540241
17105,0.006726290564984083
17106,0.004874078556895256
17107,0.005630113184452057
17108,0.006154065020382404
17109,0.005526653490960598
17110,0.008558714762330055
17111,0.005077076144516468
17112,0.01523307990282774
17113,0.005481071770191193
17114,0.010945981368422508
17115,0.005081908777356148
17116,0.005181638989597559
17117,0.00507096853107214
17118,0.0520920604467392
17119,0.008054080419242382
17120,0.006121690850704908
17121,0.00945107638835907
17122,0.005455642472952604
17123,0.008960969746112823
17124,0.004793848842382431
17125,0.005745015572756529
17126,0.006290529854595661
17127,0.016695328056812286
17128,0.004644438624382019
17129,0.006797913461923599
17130,0.0168025903403759
17131,0.021360274404287338
17132,0.042031340301036835
17133,0.007706890814006329
17134,0.006746356841176748
17135,0.005440812092274427
17136,0.00745115801692009
17137,0.009945121593773365
17138,0.006288388278335333
17139,0.006404421757906675
17140,0.005269481800496578
17141,0.006170944776386023
17142,0.006020825356245041
17143,0.028620703145861626
17144,0.0070163896307349205
17145,0.010764572769403458
17146,0.010928787291049957
17147,0.005337318405508995
17148,0.012591643258929253
17149,0.008953126147389412
17150,0.006305147893726826
17151,0.00539173511788249
17152,0.0048914020881056786
17153,0.010268633253872395
17154,0.006377031560987234
17155,0.007292802911251783
17156,0.006328185088932514
17157,0.006913578137755394
17158,0.008980066515505314
17159,0.006167426239699125
17160,0.011227390728890896
17161,0.006071225740015507
17162,0.008275831118226051
17163,0.00722037348896265
17164,0.005480669438838959
17165,0.005695432424545288
17166,0.021571841090917587
17167,0.004517252556979656
17168,0.004720043390989304
17169,0.011416754685342312
17170,0.004598207771778107
17171,0.013233168050646782
17172,0.004802323412150145
17173,0.012590172700583935
17174,0.005398670211434364
17175,0.09881679713726044
17176,0.005572933703660965
17177,0.005939710419625044
17178,0.011855127289891243
17179,0.026186853647232056
17180,0.009210828691720963
17181,0.006617579609155655
17182,0.007452864199876785
17183,0.016133129596710205
17184,0.00810421071946621
17185,0.00901156198233366
17186,0.0060963137075304985
17187,0.006838745437562466
17188,0.00788797065615654
17189,0.005375973414629698
17190,0.007724086754024029
17191,0.007058816961944103
17192,0.00552727933973074
17193,0.005916777998209
17194,0.009830918163061142
17195,0.005042470060288906
17196,0.007222860120236874
17197,0.01671663299202919
17198,0.005748067982494831
17199,0.0046410937793552876
17200,0.006783176213502884
17201,0.004786890931427479
17202,0.006552606821060181
17203,0.005961963441222906
17204,0.004669472109526396
17205,0.01076263003051281
17206,0.00700537022203207
17207,0.009641888551414013
17208,0.004949764348566532
17209,0.06929641216993332
17210,0.0073208995163440704
17211,0.015815382823348045
17212,0.009079243056476116
17213,0.008314160630106926
17214,0.007297728210687637
17215,0.007518664002418518
17216,0.017082402482628822
17217,0.009431655518710613
17218,0.007095853798091412
17219,0.007739833556115627
17220,0.0055946833454072475
17221,0.0412663035094738
17222,0.01686909981071949
17223,0.013138405978679657
17224,0.006713181734085083
17225,0.008486390113830566
17226,0.01039247028529644
17227,0.007282945327460766
17228,0.006342754699289799
17229,0.015924399718642235
17230,0.011989211663603783
17231,0.00762683292850852
17232,0.03203902393579483
17233,0.00635919626802206
17234,0.005928506143391132
17235,0.012264547869563103
17236,0.0072815692983567715
17237,0.00935664027929306
17238,0.006404030602425337
17239,0.00546637549996376
17240,0.007296716328710318
17241,0.00533220125362277
17242,0.007968914695084095
17243,0.023611649870872498
17244,0.022258013486862183
17245,0.007061268202960491
17246,0.0057523734867572784
17247,0.005570176523178816
17248,0.012604644522070885
17249,0.008965650573372841
17250,0.005955512635409832
17251,0.008030128665268421
17252,0.005787657108157873
17253,0.005967075005173683
17254,0.010615477338433266
17255,0.0065947785042226315
17256,0.04939857870340347
17257,0.009371204301714897
17258,0.006709299981594086
17259,0.008972512558102608
17260,0.005643445998430252
17261,0.007705876603722572
17262,0.007268793880939484
17263,0.006398860365152359
17264,0.007619473617523909
17265,0.006261508911848068
17266,0.02534610405564308
17267,0.005559917073696852
17268,0.01058707945048809
17269,0.0071024224162101746
17270,0.004608761519193649
17271,0.006384133826941252
17272,0.0076550329104065895
17273,0.005140471272170544
17274,0.006608924828469753
17275,0.007953189313411713
17276,0.023443331941962242
17277,0.015549641102552414
17278,0.005102272145450115
17279,0.005175304599106312
17280,0.009039538912475109
17281,0.004949107766151428
17282,0.007549677975475788
17283,0.006377141457051039
17284,0.0055075837299227715
17285,0.009473741054534912
17286,0.004999398719519377
17287,0.005681708455085754
17288,0.00597735308110714
17289,0.0046333931386470795
17290,0.00764131685718894
17291,0.008252117782831192
17292,0.006414275616407394
17293,0.004745963029563427
17294,0.004640410654246807
17295,0.006355129182338715
17296,0.005383209325373173
17297,0.00429906090721488
17298,0.005130616948008537
17299,0.004516293294727802
17300,0.014386236667633057
17301,0.007933815941214561
17302,0.006060400512069464
17303,0.0069897910580039024
17304,0.00500421691685915
17305,0.00460669444873929
17306,0.00922264065593481
17307,0.006967231165617704
17308,0.008032524958252907
17309,0.005144629627466202
17310,0.00460794335231185
17311,0.004492655862122774
17312,0.004282990470528603
17313,0.005144800059497356
17314,0.007260969839990139
17315,0.004942227154970169
17316,0.015394596382975578
17317,0.00685645779594779
17318,0.005065458826720715
17319,0.004935386590659618
17320,0.006368875503540039
17321,0.0043262215331196785
17322,0.004994450137019157
17323,0.005353964865207672
17324,0.005376666784286499
17325,0.007790581788867712
17326,0.00890376977622509
17327,0.02248101495206356
17328,0.004804022144526243
17329,0.00476832315325737
17330,0.005148264579474926
17331,0.006162128411233425
17332,0.005931044928729534
17333,0.01138380728662014
17334,0.008069267496466637
17335,0.005490824580192566
17336,0.00435531185939908
17337,0.006000335328280926
17338,0.013605850748717785
17339,0.008658530190587044
17340,0.00884990580379963
17341,0.006127770058810711
17342,0.0048992629162967205
17343,0.00615700613707304
17344,0.0074418699368834496
17345,0.007149362005293369
17346,0.0062387860380113125
17347,0.004965217784047127
17348,0.008676683530211449
17349,0.005538266152143478
17350,0.005675754975527525
17351,0.009862925857305527
17352,0.027344297617673874
17353,0.006942928768694401
17354,0.016490861773490906
17355,0.18003448843955994
17356,0.008133853785693645
17357,0.006440883502364159
17358,0.00442240945994854
17359,0.007289583794772625
17360,0.010031688958406448
17361,0.00594908744096756
17362,0.014954982325434685
17363,0.008856847882270813
17364,0.016412846744060516
17365,0.027732854709029198
17366,0.011880045756697655
17367,0.03456663340330124
17368,0.00687372637912631
17369,0.006006607320159674
17370,0.0062987301498651505
17371,0.009477075189352036
17372,0.005195957608520985
17373,0.0057282461784780025
17374,0.0062867701053619385
17375,0.0055580707266926765
17376,0.010117700323462486
17377,0.011514304205775261
17378,0.021055225282907486
17379,0.010143938474357128
17380,0.006568870507180691
17381,0.00797265861183405
17382,0.01258629560470581
17383,0.0047242287546396255
17384,0.009536046534776688
17385,0.0065162694081664085
17386,0.010470127686858177
17387,0.00872746855020523
17388,0.004923177883028984
17389,0.006463251076638699
17390,0.007367576938122511
17391,0.01624108850955963
17392,0.005165003705769777
17393,0.007762543857097626
17394,0.00776641396805644
17395,0.005221323110163212
17396,0.005534744821488857
17397,0.005671175196766853
17398,0.005254238843917847
17399,0.007848500274121761
17400,0.006509605795145035
17401,0.006349378731101751
17402,0.007984901778399944
17403,0.012045428156852722
17404,0.007245335727930069
17405,0.007405844982713461
17406,0.004756378009915352
17407,0.005800008308142424
17408,0.007786580827087164
17409,0.009501575492322445
17410,0.014020271599292755
17411,0.00553557462990284
17412,0.004661313258111477
17413,0.0049833739176392555
17414,0.0049460940062999725
17415,0.006331402808427811
17416,0.007462513633072376
17417,0.02829778753221035
17418,0.007028941065073013
17419,0.005849992856383324
17420,0.005187030881643295
17421,0.005737960338592529
17422,0.023005951195955276
17423,0.007059100549668074
17424,0.006609551142901182
17425,0.004532863851636648
17426,0.024382879957556725
17427,0.008296210318803787
17428,0.008351940661668777
17429,0.005358921363949776
17430,0.006199040450155735
17431,0.00865410827100277
17432,0.019758298993110657
17433,0.007220822852104902
17434,0.013020304962992668
17435,0.04028679430484772
17436,0.011711092665791512
17437,0.13312307000160217
17438,0.008756620809435844
17439,0.009975534863770008
17440,0.010400744155049324
17441,0.014766545966267586
17442,0.00980345718562603
17443,0.010411394760012627
17444,0.00814284011721611
17445,0.006891115568578243
17446,0.006767026148736477
17447,0.007579047232866287
17448,0.009494171477854252
17449,0.009135108441114426
17450,0.008449520915746689
17451,0.007132812403142452
17452,0.007483436726033688
17453,0.006245051976293325
17454,0.00987342931330204
17455,0.0074179936200380325
17456,0.008956247009336948
17457,0.006378342863172293
17458,0.005484085530042648
17459,0.010052288882434368
17460,0.016338499262928963
17461,0.007338233292102814
17462,0.009461753070354462
17463,0.15634888410568237
17464,0.014058376662433147
17465,0.00705622136592865
17466,0.010107851587235928
17467,0.006905598100274801
17468,0.010769670829176903
17469,0.019656412303447723
17470,0.04430873692035675
17471,0.006133281625807285
17472,0.007582897320389748
17473,0.0088998693972826
17474,0.006703208666294813
17475,0.1570955216884613
17476,0.012677050195634365
17477,0.012991833500564098
17478,0.008870045654475689
17479,0.006055803038179874
17480,0.010327553376555443
17481,0.028529033064842224
17482,0.009777734987437725
17483,0.014915935695171356
17484,0.011130271479487419
17485,0.008784590288996696
17486,0.030707893893122673
17487,0.006290699355304241
17488,0.014690501615405083
17489,0.006460357457399368
17490,0.006862921174615622
17491,0.008710511028766632
17492,0.005643458571285009
17493,0.00808279775083065
17494,0.00671581644564867
17495,0.00790036004036665
17496,0.01398557424545288
17497,0.45213040709495544
17498,0.009407399222254753
17499,0.01614685356616974
17500,0.00589324627071619
17501,0.010002720169723034
17502,0.01144046988338232
17503,0.00811813585460186
17504,0.009089631959795952
17505,0.008671186864376068
17506,0.006983846426010132
17507,0.007291132118552923
17508,0.010663799941539764
17509,0.0063053457997739315
17510,0.006976328324526548
17511,0.010296927765011787
17512,0.004860084503889084
17513,0.005413521081209183
17514,0.017620449885725975
17515,0.007345070596784353
17516,0.006054896395653486
17517,0.005771438591182232
17518,0.17960751056671143
17519,0.01908116415143013
17520,0.022360146045684814
17521,0.008552342653274536
17522,0.008823959156870842
17523,0.018130145967006683
17524,0.025101691484451294
17525,0.00976984016597271
17526,0.008025964722037315
17527,0.011785796843469143
17528,0.0092768594622612
17529,0.0071351611986756325
17530,0.011550165712833405
17531,0.009165625087916851
17532,0.010993133299052715
17533,0.012008829042315483
17534,0.011085993610322475
17535,0.00889794435352087
17536,0.007983140647411346
17537,0.00925527699291706
17538,0.017379099503159523
17539,0.007670254446566105
17540,0.009227652102708817
17541,0.038765400648117065
17542,0.011934362351894379
17543,0.04979044198989868
17544,0.01283083762973547
17545,0.03480900824069977
17546,0.007123269140720367
17547,0.02700943313539028
17548,0.006164971273392439
17549,0.006983757019042969
17550,0.012774907052516937
17551,0.007146454881876707
17552,0.026468317955732346
17553,0.06052876263856888
17554,0.09923005104064941
17555,0.024071644991636276
17556,0.01063627004623413
17557,0.007874365895986557
17558,0.013604148291051388
17559,0.0070412782952189445
17560,0.007043944206088781
17561,0.009012209251523018
17562,0.0067214383743703365
17563,0.007714977487921715
17564,0.012258270755410194
17565,0.008648911491036415
17566,0.050726067274808884
17567,0.016619227826595306
17568,0.019010895863175392
17569,0.13517442345619202
17570,0.008525312878191471
17571,0.0078835254535079
17572,0.013915608637034893
17573,0.006057520862668753
17574,0.006063381209969521
17575,0.007618479430675507
17576,0.008648840710520744
17577,0.017723610624670982
17578,0.008959762752056122
17579,0.00909687951207161
17580,0.07764428108930588
17581,0.012693270109593868
17582,0.014938635751605034
17583,0.007949122227728367
17584,0.009953330270946026
17585,0.010254137217998505
17586,0.010562485083937645
17587,0.011827360838651657
17588,0.00683633703738451
17589,0.012206979095935822
17590,0.01109832152724266
17591,0.008388149552047253
17592,0.027171026915311813
17593,0.009488433599472046
17594,0.009590674191713333
17595,0.007260071113705635
17596,0.00780852697789669
17597,0.009666765108704567
17598,0.0059910789132118225
17599,0.006619151681661606
17600,0.009947072714567184
17601,0.008502273820340633
17602,0.00757994782179594
17603,0.006784494966268539
17604,0.06328742951154709
17605,0.006390267051756382
17606,0.009476564824581146
17607,0.008292660117149353
17608,0.005902260076254606
17609,0.010714193806052208
17610,0.0057088835164904594
17611,0.030058603733778
17612,0.005183551460504532
17613,0.005470018833875656
17614,0.005019342061132193
17615,0.007930277846753597
17616,0.005779881030321121
17617,0.015982914716005325
17618,0.0058106714859604836
17619,0.004780502989888191
17620,0.009003091603517532
17621,0.00772955734282732
17622,0.005933460779488087
17623,0.005069932900369167
17624,0.004886792041361332
17625,0.009526246227324009
17626,0.005753857083618641
17627,0.007090783677995205
17628,0.006187014281749725
17629,0.0052290186285972595
17630,0.00456715002655983
17631,0.0049374583177268505
17632,0.004299460910260677
17633,0.007104977965354919
17634,0.0071310242637991905
17635,0.007644744124263525
17636,0.005874256603419781
17637,0.02544415555894375
17638,0.00655006431043148
17639,0.005796144716441631
17640,0.004548192024230957
17641,0.006045098416507244
17642,0.006691999267786741
17643,0.005003930535167456
17644,0.007011230103671551
17645,0.006393536925315857
17646,0.014625180512666702
17647,0.010735874995589256
17648,0.006820628419518471
17649,0.006545677315443754
17650,0.004336334299296141
17651,0.005683359690010548
17652,0.006317540071904659
17653,0.005242624785751104
17654,0.008300818502902985
17655,0.005663521587848663
17656,0.00526838656514883
17657,0.005498587619513273
17658,0.005507788620889187
17659,0.004287514369934797
17660,0.0064386106096208096
17661,0.0047448547556996346
17662,0.0053748562932014465
17663,0.009708181023597717
17664,0.005096583627164364
17665,0.012461669743061066
17666,0.004690374247729778
17667,0.008255277760326862
17668,0.005340523086488247
17669,0.005170107819139957
17670,0.004921497777104378
17671,0.0038179969415068626
17672,0.006646554917097092
17673,0.04225150868296623
17674,0.0065532345324754715
17675,0.008932213298976421
17676,0.004326747264713049
17677,0.007896185852587223
17678,0.005348339676856995
17679,0.05134399235248566
17680,0.009188301861286163
17681,0.006838788744062185
17682,0.005686841905117035
17683,0.5497655868530273
17684,0.0062639666721224785
17685,0.00846819393336773
17686,0.11261626332998276
17687,0.00996426586061716
17688,0.012441272847354412
17689,0.008600602857768536
17690,0.013865339569747448
17691,0.005892399698495865
17692,0.006640384905040264
17693,0.05750810354948044
17694,0.040423452854156494
17695,0.017373600974678993
17696,0.011255140416324139
17697,0.006307389587163925
17698,0.020209548994898796
17699,0.011410544626414776
17700,0.007444423623383045
17701,0.13399933278560638
17702,0.01381377037614584
17703,0.011293287388980389
17704,0.00553975161164999
17705,0.0077050491236150265
17706,0.010203249752521515
17707,0.008548224344849586
17708,0.005977533757686615
17709,0.006949042435735464
17710,0.011215876787900925
17711,0.028749709948897362
17712,0.028680285438895226
17713,0.014090890996158123
17714,0.013884954154491425
17715,0.008287444710731506
17716,0.008080178871750832
17717,0.011300399899482727
17718,0.013380872085690498
17719,0.011045614257454872
17720,0.010279202833771706
17721,0.008749532513320446
17722,0.009062479250133038
17723,0.01450151577591896
17724,0.008945885114371777
17725,0.009176398627460003
17726,0.010149250738322735
17727,0.01025363989174366
17728,0.02646225318312645
17729,0.011784844100475311
17730,0.005522742867469788
17731,0.006306118797510862
17732,0.039881475269794464
17733,0.006153523921966553
17734,0.008519799448549747
17735,0.007537284400314093
17736,0.17430274188518524
17737,0.00839067529886961
17738,0.007760371081531048
17739,0.020279809832572937
17740,0.007560098078101873
17741,0.014296064153313637
17742,0.00847380980849266
17743,0.0077566904947161674
17744,0.011370956897735596
17745,0.005861425772309303
17746,0.015322890132665634
17747,0.0071531664580106735
17748,0.00545041449368
17749,0.005903189070522785
17750,0.0071741268038749695
17751,0.00751652754843235
17752,0.006640437059104443
17753,0.2246394008398056
17754,0.027719080448150635
17755,0.012583650648593903
17756,0.006265893112868071
17757,0.007380164228379726
17758,0.010177943855524063
17759,0.008959773927927017
17760,0.00921197235584259
17761,0.023753538727760315
17762,0.012468401342630386
17763,0.027909016236662865
17764,0.010491762310266495
17765,0.006773057859390974
17766,0.006361158564686775
17767,0.020619288086891174
17768,0.006010412238538265
17769,0.008375890552997589
17770,0.008165761828422546
17771,0.0070249168202281
17772,0.010930908843874931
17773,0.016235632821917534
17774,0.011824926361441612
17775,0.024629727005958557
17776,0.007065746001899242
17777,0.006052020005881786
17778,0.007871654815971851
17779,0.045878078788518906
17780,0.18251833319664001
17781,0.016264747828245163
17782,0.017540082335472107
17783,0.008347759954631329
17784,0.01050310768187046
17785,0.0345778688788414
17786,0.011573645286262035
17787,0.047927603125572205
17788,0.010365687310695648
17789,0.007179240696132183
17790,0.007192955818027258
17791,0.011997569352388382
17792,0.008289403282105923
17793,0.009702078066766262
17794,0.008160009048879147
17795,0.007177520077675581
17796,0.006092560477554798
17797,0.02923579141497612
17798,0.005935782101005316
17799,0.009159176610410213
17800,0.013137707486748695
17801,0.007398401387035847
17802,0.005874111317098141
17803,0.016159769147634506
17804,0.13002029061317444
17805,0.01349974237382412
17806,0.018556468188762665
17807,0.019388347864151
17808,0.006839992478489876
17809,0.01767030544579029
17810,0.018857762217521667
17811,0.012789073400199413
17812,0.007576329633593559
17813,0.008230481296777725
17814,0.017102805897593498
17815,0.00988059677183628
17816,0.01654043421149254
17817,0.009664822369813919
17818,0.015288803726434708
17819,0.012847289443016052
17820,0.010453268885612488
17821,0.008801965042948723
17822,0.009617612697184086
17823,0.009465642273426056
17824,0.010187964886426926
17825,0.008473596535623074
17826,0.007350277155637741
17827,0.007305625826120377
17828,0.024753641337156296
17829,0.010410139337182045
17830,0.01110390480607748
17831,0.010584831237792969
17832,0.012000754475593567
17833,0.007308026775717735
17834,0.007230244576931
17835,0.008416468277573586
17836,0.005831466056406498
17837,0.01812944933772087
17838,0.008793925866484642
17839,0.009129898622632027
17840,0.025107761844992638
17841,0.006762317381799221
17842,0.014106901362538338
17843,0.0057115135714411736
17844,0.007239659782499075
17845,0.012333842925727367
17846,0.006467454135417938
17847,0.005581199191510677
17848,0.006247436162084341
17849,0.004787668585777283
17850,0.017896370962262154
17851,0.0057074036449193954
17852,0.004809079226106405
17853,0.010970580391585827
17854,0.006808947306126356
17855,0.006856816820800304
17856,0.004548455588519573
17857,0.007483221590518951
17858,0.062112800776958466
17859,0.011615986004471779
17860,0.006163809448480606
17861,0.007252889685332775
17862,0.007071196101605892
17863,0.02087426744401455
17864,0.02231314778327942
17865,0.05813959240913391
17866,0.006724930834025145
17867,0.06996951997280121
17868,0.005908255930989981
17869,0.005403115879744291
17870,0.004651576746255159
17871,0.005246192216873169
17872,0.008038781583309174
17873,0.005846818443387747
17874,0.005765204317867756
17875,0.03173643723130226
17876,0.005478454288095236
17877,0.00847978238016367
17878,0.011799443513154984
17879,0.005841157399117947
17880,0.006178972311317921
17881,0.007510162889957428
17882,0.004261902533471584
17883,0.004694951698184013
17884,0.007009320892393589
17885,0.00568741699680686
17886,0.004881230182945728
17887,0.04755546152591705
17888,0.005333339795470238
17889,0.005898886360228062
17890,0.0047198133543133736
17891,0.007221020758152008
17892,0.004988396540284157
17893,0.00398958520963788
17894,0.0067995404824614525
17895,0.004403039813041687
17896,0.0044587142765522
17897,0.004673886578530073
17898,0.00534649845212698
17899,0.003935605753213167
17900,0.005870508961379528
17901,0.007762599736452103
17902,0.006768733263015747
17903,0.03442837670445442
17904,0.006472282111644745
17905,0.004651341587305069
17906,0.027372483164072037
17907,0.007597068324685097
17908,0.006924760993570089
17909,0.007239256054162979
17910,0.004783910699188709
17911,0.005538594909012318
17912,0.004933594726026058
17913,0.05216827988624573
17914,0.007311818655580282
17915,0.007671935483813286
17916,0.006277186330407858
17917,0.005401070229709148
17918,0.005708233918994665
17919,0.05605534464120865
17920,0.013082457706332207
17921,0.009765252470970154
17922,0.008850468322634697
17923,0.011326028034090996
17924,0.010576754808425903
17925,0.008468668907880783
17926,0.006068556569516659
17927,0.1269480586051941
17928,0.007737939711660147
17929,0.00791648868471384
17930,0.005757439881563187
17931,0.0064673880115151405
17932,0.007648716680705547
17933,0.02767959237098694
17934,0.006821095943450928
17935,0.0959508940577507
17936,0.00862644799053669
17937,0.01417636126279831
17938,0.006090419366955757
17939,0.006484666373580694
17940,0.008446435444056988
17941,0.0077355289831757545
17942,0.009462074376642704
17943,0.005965106189250946
17944,0.018177978694438934
17945,0.005593930836766958
17946,0.007954703643918037
17947,0.005354031920433044
17948,0.006145934574306011
17949,0.006412718445062637
17950,0.030502375215291977
17951,0.13970842957496643
17952,0.005928706377744675
17953,0.012021894566714764
17954,0.010096545331180096
17955,0.01104050688445568
17956,0.009142599999904633
17957,0.0551682710647583
17958,0.0064447964541614056
17959,0.04896343871951103
17960,0.0056715356186032295
17961,0.006067194044589996
17962,0.011591563932597637
17963,0.008718892931938171
17964,0.011632202193140984
17965,0.0544804111123085
17966,0.12613147497177124
17967,0.011180911213159561
17968,0.018813207745552063
17969,0.010125714354217052
17970,0.012738469056785107
17971,0.15046969056129456
17972,0.03404708951711655
17973,0.014504237100481987
17974,0.015409907326102257
17975,0.03301958367228508
17976,0.01437551062554121
17977,0.010118512436747551
17978,0.007204791530966759
17979,0.011055709794163704
17980,0.020207863301038742
17981,0.01100054383277893
17982,0.012865733355283737
17983,0.009564890526235104
17984,0.008568513207137585
17985,0.010610505938529968
17986,0.007814308628439903
17987,0.007686890196055174
17988,0.015016794204711914
17989,0.00701959989964962
17990,0.009415661916136742
17991,0.011488446965813637
17992,0.007615604903548956
17993,0.030961787328124046
17994,0.007536870893090963
17995,0.011395145207643509
17996,0.006857086904346943
17997,0.08648483455181122
17998,0.007649825420230627
17999,0.0071764118038117886
18000,0.0057138423435389996
18001,0.007484596222639084
18002,0.006677807308733463
18003,0.010517258197069168
18004,0.012401144951581955
18005,0.006981302052736282
18006,0.020468078553676605
18007,0.013752644881606102
18008,0.007930804044008255
18009,0.009782414883375168
18010,0.0052178772166371346
18011,0.006801099516451359
18012,0.005830702371895313
18013,0.007235565688461065
18014,0.005222913809120655
18015,0.006431739777326584
18016,0.005176535341888666
18017,0.005389935337007046
18018,0.01655132696032524
18019,0.007142878137528896
18020,0.005104112904518843
18021,0.0068547045812010765
18022,0.006078734993934631
18023,0.5222427845001221
18024,0.01205136626958847
18025,0.010103283450007439
18026,0.005757120903581381
18027,0.015353522263467312
18028,0.010109862312674522
18029,0.007845407351851463
18030,0.007869238965213299
18031,0.01903301104903221
18032,0.026409264653921127
18033,0.11999692022800446
18034,0.025123698636889458
18035,0.017951926216483116
18036,0.016480937600135803
18037,0.02577984891831875
18038,0.010497945360839367
18039,0.011637970805168152
18040,0.014169590547680855
18041,0.011106269434094429
18042,0.010492784902453423
18043,0.011129146441817284
18044,0.008156247437000275
18045,0.008390871807932854
18046,0.018011007457971573
18047,0.01567867025732994
18048,0.012325952760875225
18049,0.010472811758518219
18050,0.010206890292465687
18051,0.007989905774593353
18052,0.040263354778289795
18053,0.008289763703942299
18054,0.008908485993742943
18055,0.010556843131780624
18056,0.019627563655376434
18057,0.010095293633639812
18058,0.006524720694869757
18059,0.006525171454995871
18060,0.008305026218295097
18061,0.006667116191238165
18062,0.019657883793115616
18063,0.008134557865560055
18064,0.0076726097613573074
18065,0.020522629842162132
18066,0.00725911557674408
18067,0.007135281339287758
18068,0.005843800492584705
18069,0.05399523302912712
18070,0.00529464241117239
18071,0.008191604167222977
18072,0.009984585456550121
18073,0.006290673743933439
18074,0.006461962126195431
18075,0.005278930068016052
18076,0.026726117357611656
18077,0.0044847456738352776
18078,0.005366798024624586
18079,0.006559742148965597
18080,0.015371894463896751
18081,0.008429290726780891
18082,0.01238432340323925
18083,0.00854291021823883
18084,0.0048094019293785095
18085,0.005792576353996992
18086,0.004938245750963688
18087,0.005855316296219826
18088,0.004727517254650593
18089,0.006269796751439571
18090,0.0046913158148527145
18091,0.005909289233386517
18092,0.01135517843067646
18093,0.007934363558888435
18094,0.005837835371494293
18095,0.013685065321624279
18096,0.006564795970916748
18097,0.004743367433547974
18098,0.03314073383808136
18099,0.0049998085014522076
18100,0.004334311466664076
18101,0.03966003656387329
18102,0.007196643855422735
18103,0.004346729256212711
18104,0.006469637155532837
18105,0.02981003001332283
18106,0.0056527601554989815
18107,0.04756518453359604
18108,0.007645153906196356
18109,0.017334474250674248
18110,0.007849585264921188
18111,0.0998426303267479
18112,0.01408500038087368
18113,0.00685395672917366
18114,0.005279018543660641
18115,0.008502054959535599
18116,0.008855244144797325
18117,0.007824931293725967
18118,0.008483681827783585
18119,0.014561820775270462
18120,0.020728034898638725
18121,0.012777840718626976
18122,0.011880508624017239
18123,0.006257904693484306
18124,0.012276103720068932
18125,0.006750799715518951
18126,0.0059625073336064816
18127,0.0088371392339468
18128,0.005999750457704067
18129,0.005319179035723209
18130,0.007217612117528915
18131,0.00679622171446681
18132,0.005365022923797369
18133,0.006448609288781881
18134,0.005578741431236267
18135,0.006956367753446102
18136,0.0053717768751084805
18137,0.006260392721742392
18138,0.00548908207565546
18139,0.004156334325671196
18140,0.004765542224049568
18141,0.010891224257647991
18142,0.00832988228648901
18143,0.06388771533966064
18144,0.023150458931922913
18145,0.007667129393666983
18146,0.009544925764203072
18147,0.007044409867376089
18148,0.00865629967302084
18149,0.009611997753381729
18150,0.007165821269154549
18151,0.010126681998372078
18152,0.009064015001058578
18153,0.006684902124106884
18154,0.008221973665058613
18155,0.0062145269475877285
18156,0.00638219341635704
18157,0.010277073830366135
18158,0.013703486882150173
18159,0.02468574047088623
18160,0.0168614462018013
18161,0.01783444546163082
18162,0.04079335555434227
18163,0.04140681028366089
18164,0.0059143975377082825
18165,0.008222078904509544
18166,0.007725424598902464
18167,0.005748455412685871
18168,0.005061927251517773
18169,0.005758312996476889
18170,0.008656715042889118
18171,0.005539189092814922
18172,0.006020826753228903
18173,0.010235298424959183
18174,0.005108642857521772
18175,0.00599438464269042
18176,0.00555836409330368
18177,0.0050727250054478645
18178,0.004903024062514305
18179,0.004784317687153816
18180,0.006067091133445501
18181,0.004593712277710438
18182,0.007228882517665625
18183,0.00573287857696414
18184,0.005102676339447498
18185,0.004093865863978863
18186,0.04085267335176468
18187,0.00911505427211523
18188,0.008439935743808746
18189,0.059627141803503036
18190,0.008663817308843136
18191,0.00576183944940567
18192,0.007834237068891525
18193,0.006807935424149036
18194,0.008523426949977875
18195,0.009458345361053944
18196,0.005607701372355223
18197,0.005340013653039932
18198,0.005165750626474619
18199,0.017352716997265816
18200,0.032634004950523376
18201,0.009719095192849636
18202,0.011628556065261364
18203,0.009348968975245953
18204,0.019422315061092377
18205,0.009342441335320473
18206,0.009364754892885685
18207,0.006043243687599897
18208,0.005577106028795242
18209,0.009928684681653976
18210,0.008361076936125755
18211,0.3242517113685608
18212,0.012281149625778198
18213,0.010208038613200188
18214,0.01578996703028679
18215,0.008988993242383003
18216,0.012868104502558708
18217,0.009621616452932358
18218,0.009110447019338608
18219,0.009070606902241707
18220,0.007407285273075104
18221,0.00751030957326293
18222,0.03354554995894432
18223,0.009566591121256351
18224,0.007775989826768637
18225,0.007780778221786022
18226,0.007888074032962322
18227,0.008145199157297611
18228,0.0072719319723546505
18229,0.008228898048400879
18230,0.030725162476301193
18231,0.0125539880245924
18232,0.006444119848310947
18233,0.01006560679525137
18234,0.010410942137241364
18235,0.00859122909605503
18236,0.03844790905714035
18237,0.013033010065555573
18238,0.013611032627522945
18239,0.01292727142572403
18240,0.006307210773229599
18241,0.09124277532100677
18242,0.008683326654136181
18243,0.012759852223098278
18244,0.010538525879383087
18245,0.008030406199395657
18246,0.010960539802908897
18247,0.006292009260505438
18248,0.007381850387901068
18249,0.00826692022383213
18250,0.009969189763069153
18251,0.005476786755025387
18252,0.013297075405716896
18253,0.06702853739261627
18254,0.008154037408530712
18255,0.009985853917896748
18256,0.00894150324165821
18257,0.009172935038805008
18258,0.007066662423312664
18259,0.011990150436758995
18260,0.01101076602935791
18261,0.006241267547011375
18262,0.006953285541385412
18263,0.006640244275331497
18264,0.14101821184158325
18265,0.008468559011816978
18266,0.009610760025680065
18267,0.013609017245471478
18268,0.03432858735322952
18269,0.013981975615024567
18270,0.011714816093444824
18271,0.006612140219658613
18272,0.008049551397562027
18273,0.007216797675937414
18274,0.013568880967795849
18275,0.02197033166885376
18276,0.015104349702596664
18277,0.015981033444404602
18278,0.006301930174231529
18279,0.14556029438972473
18280,0.00979888066649437
18281,0.01929280161857605
18282,0.015397614799439907
18283,0.015552389435470104
18284,0.032790303230285645
18285,0.019421016797423363
18286,0.014848364517092705
18287,0.008282477967441082
18288,0.02707488462328911
18289,0.008776301518082619
18290,0.06119976565241814
18291,0.010558153502643108
18292,0.015816163271665573
18293,0.011865957640111446
18294,0.009766758419573307
18295,0.010769573971629143
18296,0.016473961994051933
18297,0.006325801368802786
18298,0.012584909796714783
18299,0.011091019958257675
18300,0.008970556780695915
18301,0.010553400032222271
18302,0.013413213193416595
18303,0.01009889505803585
18304,0.008237382397055626
18305,0.05797013267874718
18306,0.011813782155513763
18307,0.010580412112176418
18308,0.01287105306982994
18309,0.00659529771655798
18310,0.014251245185732841
18311,0.007835641503334045
18312,0.006048827897757292
18313,0.006541755050420761
18314,0.006849383469671011
18315,0.006329703610390425
18316,0.007131042890250683
18317,0.007540435995906591
18318,0.006533727049827576
18319,0.0052145784720778465
18320,0.005643333308398724
18321,0.005703983828425407
18322,0.019694719463586807
18323,0.007061721291393042
18324,0.013120962306857109
18325,0.009735293686389923
18326,0.008511655032634735
18327,0.007162415888160467
18328,0.004603726323693991
18329,0.01028701476752758
18330,0.01847817748785019
18331,0.010876147076487541
18332,0.13004055619239807
18333,0.01029451284557581
18334,0.007650621235370636
18335,0.008605455979704857
18336,0.016598444432020187
18337,0.009967871010303497
18338,0.014527994208037853
18339,0.010166166350245476
18340,0.005859370343387127
18341,0.032391779124736786
18342,0.009071960113942623
18343,0.008114077150821686
18344,0.007543701212853193
18345,0.013122092932462692
18346,0.007947113364934921
18347,0.005769587587565184
18348,0.005941368639469147
18349,0.007155496161431074
18350,0.0070928833447396755
18351,0.029160168021917343
18352,0.009505967609584332
18353,0.008763669058680534
18354,0.006653989665210247
18355,0.014272062107920647
18356,0.008307515643537045
18357,0.008099268190562725
18358,0.008788395673036575
18359,0.006642322055995464
18360,0.0077606430277228355
18361,0.01322008203715086
18362,0.005029154010117054
18363,0.01986607536673546
18364,0.00816873274743557
18365,0.00596903171390295
18366,0.0050467089749872684
18367,0.006454526912420988
18368,0.016966000199317932
18369,0.03793232887983322
18370,0.008971675299108028
18371,0.008550699800252914
18372,0.007375667802989483
18373,0.005797309335321188
18374,0.005143951624631882
18375,0.5183950662612915
18376,0.06140401214361191
18377,0.023914014920592308
18378,0.013076486065983772
18379,0.03745391592383385
18380,0.02625102363526821
18381,0.009230948984622955
18382,0.021114490926265717
18383,0.014763972721993923
18384,0.00918811559677124
18385,0.2311723679304123
18386,0.04328509420156479
18387,0.028378598392009735
18388,0.010719689540565014
18389,0.01856190152466297
18390,0.02322610281407833
18391,0.020232979208230972
18392,0.025780800729990005
18393,0.036280762404203415
18394,0.024581391364336014
18395,0.02681492269039154
18396,0.014727650210261345
18397,0.09794095158576965
18398,0.01153163518756628
18399,0.01662745513021946
18400,0.016596470028162003
18401,0.014659037813544273
18402,0.01164997648447752
18403,0.027433127164840698
18404,0.01237570308148861
18405,0.012531271204352379
18406,0.012326790951192379
18407,0.04223012924194336
18408,0.008111290633678436
18409,0.011933098547160625
18410,0.01707608252763748
18411,0.014664454385638237
18412,0.008499417454004288
18413,0.017916040495038033
18414,0.00835295207798481
18415,0.009685658849775791
18416,0.010663717985153198
18417,0.006986784748733044
18418,0.008686280809342861
18419,0.00999077782034874
18420,0.0065988036803901196
18421,0.006317931693047285
18422,0.009105604141950607
18423,0.008776219561696053
18424,0.006570412777364254
18425,0.006605086382478476
18426,0.004852635785937309
18427,0.007369920611381531
18428,0.0056410301476716995
18429,0.01598605513572693
18430,0.010293635539710522
18431,0.006767476908862591
18432,0.005112018436193466
18433,0.007204127497971058
18434,0.006317611318081617
18435,0.004348192363977432
18436,0.006742156110703945
18437,0.0058402917347848415
18438,0.006023894529789686
18439,0.004568459000438452
18440,0.006709597073495388
18441,0.00451284646987915
18442,0.01180798839777708
18443,0.005067951045930386
18444,0.004827248863875866
18445,0.004495776258409023
18446,0.007901160977780819
18447,0.0080244280397892
18448,0.07781706750392914
18449,0.01592029072344303
18450,0.01667010597884655
18451,0.010850109159946442
18452,0.012423831969499588
18453,0.014351949095726013
18454,0.007495132740586996
18455,0.024105127900838852
18456,0.009603873826563358
18457,0.010448153130710125
18458,0.010863963514566422
18459,0.008722802624106407
18460,0.008133761584758759
18461,0.006599673070013523
18462,0.006259293295443058
18463,0.015506978146731853
18464,0.0064390115439891815
18465,0.006614798214286566
18466,0.011884822510182858
18467,0.005368602462112904
18468,0.005718539468944073
18469,0.0242703165858984
18470,0.005523731932044029
18471,0.005775233265012503
18472,0.005189470015466213
18473,0.005484295077621937
18474,0.0055470652878284454
18475,0.008425513282418251
18476,0.011677533388137817
18477,0.007667162921279669
18478,0.006320645567029715
18479,0.00537456851452589
18480,0.01252041757106781
18481,0.006333239376544952
18482,0.007791310548782349
18483,0.005898885428905487
18484,0.005182135850191116
18485,0.0047188084572553635
18486,0.004553653299808502
18487,0.00459227804094553
18488,0.006149362772703171
18489,0.008012878708541393
18490,0.006831537000834942
18491,0.006366608198732138
18492,0.014562495052814484
18493,0.006572088226675987
18494,0.0947750136256218
18495,0.011580143123865128
18496,0.018536720424890518
18497,0.006438619457185268
18498,0.011175161227583885
18499,0.023210890591144562
18500,0.008307458832859993
18501,0.16947512328624725
18502,0.006044923793524504
18503,0.12174175679683685
18504,0.0064444467425346375
18505,0.005927163176238537
18506,0.012444814667105675
18507,0.021872851997613907
18508,0.008716549724340439
18509,0.008823399432003498
18510,0.047394610941410065
18511,0.005443009547889233
18512,0.006776727735996246
18513,0.049925297498703
18514,0.0068771629594266415
18515,0.011667906306684017
18516,0.008799713104963303
18517,0.008984926156699657
18518,0.007170267403125763
18519,0.04391341656446457
18520,0.006780862808227539
18521,0.018747396767139435
18522,0.00665503554046154
18523,0.007944389246404171
18524,0.008527379482984543
18525,0.0300191268324852
18526,0.026761680841445923
18527,0.009295678697526455
18528,0.011495819315314293
18529,0.008310399949550629
18530,0.014804644510149956
18531,0.01430098619312048
18532,0.00794243160635233
18533,0.03498055413365364
18534,0.012005766853690147
18535,0.008463770151138306
18536,0.006112898699939251
18537,0.01942211389541626
18538,0.018169138580560684
18539,0.010739373043179512
18540,0.008850933983922005
18541,0.013847177848219872
18542,0.00666767917573452
18543,0.008767988532781601
18544,0.023503653705120087
18545,0.011883169412612915
18546,0.012494164519011974
18547,0.013367841951549053
18548,0.012796780094504356
18549,0.007461771368980408
18550,0.006500826217234135
18551,0.006539005786180496
18552,0.0296628475189209
18553,0.009592989459633827
18554,0.005958080291748047
18555,0.007862034253776073
18556,0.007420561276376247
18557,0.006438871379941702
18558,0.008234643377363682
18559,0.06823879480361938
18560,0.0138252479955554
18561,0.011223959736526012
18562,0.006838400848209858
18563,0.009072976186871529
18564,0.027298253029584885
18565,0.010478183627128601
18566,0.009581221267580986
18567,0.006691948510706425
18568,0.006158605217933655
18569,0.008705309592187405
18570,0.046580731868743896
18571,0.007819193415343761
18572,0.013362929224967957
18573,0.01653442345559597
18574,0.011143354699015617
18575,0.006772288586944342
18576,0.00828922912478447
18577,0.011477864347398281
18578,0.01072925329208374
18579,0.00800379179418087
18580,0.011653806082904339
18581,0.016407005488872528
18582,0.017927685752511024
18583,0.016340773552656174
18584,0.017580222338438034
18585,0.010537311434745789
18586,0.007858545519411564
18587,0.020394496619701385
18588,0.014205416664481163
18589,0.02641909383237362
18590,0.013548715971410275
18591,0.024879490956664085
18592,0.01826459728181362
18593,0.012924537062644958
18594,0.00824926421046257
18595,0.009530550800263882
18596,0.014104712754487991
18597,0.013788316398859024
18598,0.010342663154006004
18599,0.00921072717756033
18600,0.010007210075855255
18601,0.015013466589152813
18602,0.023409513756632805
18603,0.011674868874251842
18604,0.008583085611462593
18605,0.013240288011729717
18606,0.011462378315627575
18607,0.008606437593698502
18608,0.007058613933622837
18609,0.007626873906701803
18610,0.005560563877224922
18611,0.007405312266200781
18612,0.010002078488469124
18613,0.005885416641831398
18614,0.025614043697714806
18615,0.0050913263112306595
18616,0.013875007629394531
18617,0.010881274938583374
18618,0.007019353099167347
18619,0.004891733173280954
18620,0.005227020941674709
18621,0.0061347708106040955
18622,0.45535048842430115
18623,0.007187019567936659
18624,0.0121836569160223
18625,0.013493238016963005
18626,0.009897488169372082
18627,0.010819214396178722
18628,0.009500376880168915
18629,0.005777662619948387
18630,0.007256943266838789
18631,0.006794461514800787
18632,0.009758480824530125
18633,0.007372082211077213
18634,0.006609473377466202
18635,0.006636131089180708
18636,0.007323966361582279
18637,0.007536805234849453
18638,0.005755707621574402
18639,0.006550236605107784
18640,0.006478472612798214
18641,0.008361726999282837
18642,0.006007513031363487
18643,0.005681656301021576
18644,0.0064576114527881145
18645,0.11461442708969116
18646,0.05608250945806503
18647,0.02826470509171486
18648,0.0178639218211174
18649,0.007560513913631439
18650,0.01707897149026394
18651,0.018168732523918152
18652,0.012452751398086548
18653,0.010029183700680733
18654,0.013333819806575775
18655,0.012947887182235718
18656,0.013674767687916756
18657,0.007731843739748001
18658,0.009400232695043087
18659,0.011921070516109467
18660,0.00802401639521122
18661,0.017590876668691635
18662,0.011722540482878685
18663,0.018176551908254623
18664,0.009192232973873615
18665,0.0064073894172906876
18666,0.009347237646579742
18667,0.008978188037872314
18668,0.1060372143983841
18669,0.010778434574604034
18670,0.018027376383543015
18671,0.01069607213139534
18672,0.012075413018465042
18673,0.008188043721020222
18674,0.017623942345380783
18675,0.010282080620527267
18676,0.007520511280745268
18677,0.009242009371519089
18678,0.007127608172595501
18679,0.010251683183014393
18680,0.02568974159657955
18681,0.00799776054918766
18682,0.00617266446352005
18683,0.48228102922439575
18684,0.011597896926105022
18685,0.01049022190272808
18686,0.007969941012561321
18687,0.011417120695114136
18688,0.011376759968698025
18689,0.011810725554823875
18690,0.011170398443937302
18691,0.006143192760646343
18692,0.02494858205318451
18693,0.020217817276716232
18694,0.007561235688626766
18695,0.010551619343459606
18696,0.008439567871391773
18697,0.007354676257818937
18698,0.025909071788191795
18699,0.006614595651626587
18700,0.0070174625143408775
18701,0.00852077268064022
18702,0.006634211167693138
18703,0.006671312265098095
18704,0.008094299584627151
18705,0.0060798004269599915
18706,0.02575567364692688
18707,0.006377614103257656
18708,0.005773707292973995
18709,0.004404900129884481
18710,0.007575850002467632
18711,0.007476235739886761
18712,0.005395187065005302
18713,0.0046300143003463745
18714,0.0064160022884607315
18715,0.008969778195023537
18716,0.004819010850042105
18717,0.004611899144947529
18718,0.004660053178668022
18719,0.008916730061173439
18720,0.007703854702413082
18721,0.0067144595086574554
18722,0.00564615149050951
18723,0.006619454827159643
18724,0.004687956999987364
18725,0.0050012292340397835
18726,0.013127747923135757
18727,0.005982780829071999
18728,0.005406282842159271
18729,0.007589241024106741
18730,0.04739619418978691
18731,0.005546658765524626
18732,0.006221709307283163
18733,0.031067630276083946
18734,0.00526837632060051
18735,0.017102811485528946
18736,0.011516126804053783
18737,0.019450265914201736
18738,0.004883881192654371
18739,0.0049551851116120815
18740,0.008706428110599518
18741,0.01878189854323864
18742,0.00678046140819788
18743,0.009099521674215794
18744,0.005804906599223614
18745,0.005879096686840057
18746,0.006721907760947943
18747,0.005843180697411299
18748,0.005437467247247696
18749,0.005841897334903479
18750,0.006579590495675802
18751,0.005525185726583004
18752,0.014136960729956627
18753,0.012516835704445839
18754,0.010149681940674782
18755,0.008170882239937782
18756,0.005662303417921066
18757,0.0060437205247581005
18758,0.01532733254134655
18759,0.006811320781707764
18760,0.007657836191356182
18761,0.00771509762853384
18762,0.005449159070849419
18763,0.007372383028268814
18764,0.04104465991258621
18765,0.008369017392396927
18766,0.007220069877803326
18767,0.004982051905244589
18768,0.008191268891096115
18769,0.008924555033445358
18770,0.006186766549944878
18771,0.0063395570032298565
18772,0.010940543375909328
18773,0.006695396266877651
18774,0.006029435433447361
18775,0.004998170770704746
18776,0.0056523894891142845
18777,0.005716830492019653
18778,0.004436146002262831
18779,0.005132739432156086
18780,0.005122097674757242
18781,0.004722469486296177
18782,0.004073054064065218
18783,0.024676566943526268
18784,0.008128013461828232
18785,0.02445981465280056
18786,0.0070668659172952175
18787,0.4030059278011322
18788,0.010183247737586498
18789,0.016334835439920425
18790,0.00648923497647047
18791,0.006626905873417854
18792,0.007205297704786062
18793,0.012027977034449577
18794,0.07402537763118744
18795,0.008989078924059868
18796,0.010160552337765694
18797,0.007248701062053442
18798,0.062798410654068
18799,0.011113367043435574
18800,0.007994227111339569
18801,0.007833221927285194
18802,0.005749476607888937
18803,0.006481099873781204
18804,0.01158156804740429
18805,0.015025598928332329
18806,0.028410127386450768
18807,0.02245418354868889
18808,0.014687854796648026
18809,0.00682404637336731
18810,0.011541580781340599
18811,0.016191760078072548
18812,0.020900046452879906
18813,0.011721266433596611
18814,0.01932753250002861
18815,0.013370874337852001
18816,0.011331330053508282
18817,0.012772059068083763
18818,0.02185940556228161
18819,0.0096772201359272
18820,0.009574739262461662
18821,0.011576670221984386
18822,0.02204129658639431
18823,0.016205940395593643
18824,0.01347927562892437
18825,0.02787524275481701
18826,0.025993801653385162
18827,0.007991760969161987
18828,0.008635267615318298
18829,0.008093804121017456
18830,0.006870236247777939
18831,0.006559902336448431
18832,0.007229483686387539
18833,0.007482513785362244
18834,0.007743372581899166
18835,0.02687244862318039
18836,0.05350543186068535
18837,0.008263155817985535
18838,0.0214378759264946
18839,0.008808348327875137
18840,0.0071651265025138855
18841,0.006387993693351746
18842,0.007042303681373596
18843,0.014709165319800377
18844,0.007241693791002035
18845,0.008817074820399284
18846,0.0071494742296636105
18847,0.00795151200145483
18848,0.018541524186730385
18849,0.010851863771677017
18850,0.008366011083126068
18851,0.008806202560663223
18852,0.016774769872426987
18853,0.01317383162677288
18854,0.009506146423518658
18855,0.006518884561955929
18856,0.0073688216507434845
18857,0.006156730465590954
18858,0.00962151400744915
18859,0.005681350827217102
18860,0.005112356506288052
18861,0.0059896549209952354
18862,0.008097359910607338
18863,0.0051259067840874195
18864,0.012932965531945229
18865,0.007500689476728439
18866,0.006553096696734428
18867,0.0042992085218429565
18868,0.010505391284823418
18869,0.019367640838027
18870,0.006735092960298061
18871,0.03356446325778961
18872,0.006551710423082113
18873,0.005868267267942429
18874,0.014170346781611443
18875,0.004738339222967625
18876,0.008133484050631523
18877,0.00731849018484354
18878,0.005285291932523251
18879,0.008945927023887634
18880,0.007598149590194225
18881,0.0056583210825920105
18882,0.005236377008259296
18883,0.005556517746299505
18884,0.008168266154825687
18885,0.00927573163062334
18886,0.008542042225599289
18887,0.02047738991677761
18888,0.006081291474401951
18889,0.004799127113074064
18890,0.07182098925113678
18891,0.006121542304754257
18892,0.0070292530581355095
18893,0.007070381194353104
18894,0.021007969975471497
18895,0.006317002233117819
18896,0.006080910097807646
18897,0.005869911052286625
18898,0.005380879621952772
18899,0.005148116499185562
18900,0.0067409733310341835
18901,0.05233084782958031
18902,0.004664389416575432
18903,0.008013859391212463
18904,0.004864575807005167
18905,0.005006501451134682
18906,0.005307002924382687
18907,0.020771853625774384
18908,0.0093035027384758
18909,0.007526285480707884
18910,0.023958152160048485
18911,0.004391019232571125
18912,0.011354928836226463
18913,0.006250407546758652
18914,0.00716997217386961
18915,0.0046351077035069466
18916,0.008641155436635017
18917,0.005051149986684322
18918,0.0044425781816244125
18919,0.007014713250100613
18920,0.005443403497338295
18921,0.0326196663081646
18922,0.007789374329149723
18923,0.009982146322727203
18924,0.00570340221747756
18925,0.007832172326743603
18926,0.007415633648633957
18927,0.005713520105928183
18928,0.005186974070966244
18929,0.006571460515260696
18930,0.007285792380571365
18931,0.009786182083189487
18932,0.005297535099089146
18933,0.006019758991897106
18934,0.005230644717812538
18935,0.007494542747735977
18936,0.040498070418834686
18937,0.0060875266790390015
18938,0.004677786957472563
18939,0.021681692451238632
18940,0.005390889942646027
18941,0.006728833541274071
18942,0.00533041637390852
18943,0.0267353318631649
18944,0.004455040208995342
18945,0.006132318638265133
18946,0.005055692512542009
18947,0.009884482249617577
18948,0.009024348109960556
18949,0.020857732743024826
18950,0.020194415003061295
18951,0.007427329197525978
18952,0.005844760220497847
18953,0.004467757418751717
18954,0.004015383776277304
18955,0.004178512375801802
18956,0.00437731109559536
18957,0.007139104884117842
18958,0.005568837281316519
18959,0.005046747159212828
18960,0.006734972819685936
18961,0.003688572673127055
18962,0.004550895653665066
18963,0.008172493427991867
18964,0.004227319732308388
18965,0.004396199714392424
18966,0.017726784572005272
18967,0.004014905076473951
18968,0.004094597417861223
18969,0.003837077645584941
18970,0.03534960001707077
18971,0.006884252652525902
18972,0.007522672414779663
18973,0.006663890089839697
18974,0.00503871776163578
18975,0.008273272775113583
18976,0.004564500879496336
18977,0.005065609235316515
18978,0.0064781829714775085
18979,0.0041641048155725
18980,0.16936323046684265
18981,0.011315509676933289
18982,0.012507347390055656
18983,0.004708537831902504
18984,0.008750226348638535
18985,0.010218063369393349
18986,0.011423107236623764
18987,0.44718754291534424
18988,0.011825881898403168
18989,0.010619672015309334
18990,0.01225009374320507
18991,0.020193113014101982
18992,0.012176106683909893
18993,0.010085687041282654
18994,0.006338951177895069
18995,0.015335947275161743
18996,0.01516181230545044
18997,0.0060977814719080925
18998,0.007790817879140377
18999,0.01588968187570572
19000,0.03308851271867752
19001,0.008452815935015678
19002,0.011476854793727398
19003,0.005607956554740667
19004,0.006889667361974716
19005,0.008594929240643978
19006,0.019998304545879364
19007,0.006674677133560181
19008,0.008854938670992851
19009,0.008825849741697311
19010,0.009402550756931305
19011,0.009928918443620205
19012,0.005406524054706097
19013,0.009211699478328228
19014,0.0050410255789756775
19015,0.008740661665797234
19016,0.00864348839968443
19017,0.005384742747992277
19018,0.5213829874992371
19019,0.017096642404794693
19020,0.012883588671684265
19021,0.010737409815192223
19022,0.006562789902091026
19023,0.010780243203043938
19024,0.01093268021941185
19025,0.021644461899995804
19026,0.008480491116642952
19027,0.009389622136950493
19028,0.007932023145258427
19029,0.010425086133182049
19030,0.008570471778512001
19031,0.006145551335066557
19032,0.019552668556571007
19033,0.011599132791161537
19034,0.011536347679793835
19035,0.015906859189271927
19036,0.006586446892470121
19037,0.008931217715144157
19038,0.008099419996142387
19039,0.020157046616077423
19040,0.020425831899046898
19041,0.013989541679620743
19042,0.014336029067635536
19043,0.011848464608192444
19044,0.0062459311448037624
19045,0.11657890677452087
19046,0.010015134699642658
19047,0.023528948426246643
19048,0.007977754808962345
19049,0.00607724767178297
19050,0.009132569655776024
19051,0.010997332632541656
19052,0.01193750649690628
19053,0.006765127182006836
19054,0.02273455262184143
19055,0.010625001043081284
19056,0.010513341054320335
19057,0.024051329120993614
19058,0.014397000893950462
19059,0.006449482403695583
19060,0.017724398523569107
19061,0.007773117162287235
19062,0.006397956982254982
19063,0.006503816694021225
19064,0.005702177062630653
19065,0.011756619438529015
19066,0.014029356651008129
19067,0.008873308077454567
19068,0.011535093188285828
19069,0.017403366044163704
19070,0.007669840939342976
19071,0.006761214695870876
19072,0.026133142411708832
19073,0.0070121875032782555
19074,0.0062269954942166805
19075,0.013470238074660301
19076,0.008275991305708885
19077,0.006902201101183891
19078,0.034422993659973145
19079,0.006636335514485836
19080,0.007971087470650673
19081,0.005093855783343315
19082,0.006962609477341175
19083,0.01432840060442686
19084,0.007470078766345978
19085,0.007889427244663239
19086,0.009879830293357372
19087,0.005943310912698507
19088,0.016020510345697403
19089,0.007469243369996548
19090,0.017564207315444946
19091,0.013784713111817837
19092,0.006037901155650616
19093,0.04007439315319061
19094,0.013709260150790215
19095,0.007000516634434462
19096,0.005745689384639263
19097,0.005958396941423416
19098,0.014789099805057049
19099,0.009017604403197765
19100,0.0069818682968616486
19101,0.00571637786924839
19102,0.005009057931602001
19103,0.00464315339922905
19104,0.006332523189485073
19105,0.006211564876139164
19106,0.020973345264792442
19107,0.006441857665777206
19108,0.005936849862337112
19109,0.010205119848251343
19110,0.004512588493525982
19111,0.007832865230739117
19112,0.005761701613664627
19113,0.010732010006904602
19114,0.004893190693110228
19115,0.006200469098985195
19116,0.007701307535171509
19117,0.009898531250655651
19118,0.0046669356524944305
19119,0.005096556153148413
19120,0.005159917753189802
19121,0.005356675945222378
19122,0.005960395559668541
19123,0.0053816260769963264
19124,0.006604447029531002
19125,0.06682156026363373
19126,0.005716878455132246
19127,0.007977357134222984
19128,0.006323055364191532
19129,0.006231105886399746
19130,0.007538660429418087
19131,0.004606974311172962
19132,0.020891111344099045
19133,0.017452139407396317
19134,0.005980074405670166
19135,0.006844659801572561
19136,0.004995672032237053
19137,0.005737173371016979
19138,0.004998590797185898
19139,0.005124314688146114
19140,0.004724616184830666
19141,0.007657814770936966
19142,0.006189546547830105
19143,0.004654419608414173
19144,0.02752992883324623
19145,0.00852585956454277
19146,0.007153977639973164
19147,0.004315607715398073
19148,0.004373799543827772
19149,0.006576579064130783
19150,0.004835560917854309
19151,0.004297712352126837
19152,0.02040802501142025
19153,0.006685508415102959
19154,0.004990344867110252
19155,0.004944793879985809
19156,0.006919924169778824
19157,0.005653159227222204
19158,0.018807170912623405
19159,0.12532195448875427
19160,0.010321630164980888
19161,0.007373659871518612
19162,0.04449998587369919
19163,0.013811173848807812
19164,0.010629316791892052
19165,0.006119584199041128
19166,0.007744994945824146
19167,0.14742158353328705
19168,0.0052221352234482765
19169,0.010887805372476578
19170,0.008585011586546898
19171,0.006556369364261627
19172,0.006095836870372295
19173,0.007002450525760651
19174,0.007712346967309713
19175,0.018448900431394577
19176,0.008215077221393585
19177,0.008824399672448635
19178,0.005756967701017857
19179,0.033852674067020416
19180,0.009123706258833408
19181,0.007610959932208061
19182,0.08159336447715759
19183,0.015407907776534557
19184,0.0059797498397529125
19185,0.01584712043404579
19186,0.007965861819684505
19187,0.008446567691862583
19188,0.006979847326874733
19189,0.03520389646291733
19190,0.00870001595467329
19191,0.008075539954006672
19192,0.016273291781544685
19193,0.007274304516613483
19194,0.007430065423250198
19195,0.1547849178314209
19196,0.0207301527261734
19197,0.02507156692445278
19198,0.008071345277130604
19199,0.010638448409736156
19200,0.019587693735957146
19201,0.015455467626452446
19202,0.009037994779646397
19203,0.015838950872421265
19204,0.018495507538318634
19205,0.04043833166360855
19206,0.012603556737303734
19207,0.017637263983488083
19208,0.014078531414270401
19209,0.010731901042163372
19210,0.010688729584217072
19211,0.015527695417404175
19212,0.50745689868927
19213,0.011825132183730602
19214,0.04244885966181755
19215,0.014988459646701813
19216,0.01255799736827612
19217,0.013141526840627193
19218,0.013738930225372314
19219,0.014172444120049477
19220,0.012596446089446545
19221,0.01087202038615942
19222,0.10187308490276337
19223,0.009235642850399017
19224,0.019439134746789932
19225,0.011111393570899963
19226,0.009315213188529015
19227,0.008774129673838615
19228,0.00798531249165535
19229,0.012334431521594524
19230,0.009772880002856255
19231,0.010012413375079632
19232,0.009973234497010708
19233,0.00817304290831089
19234,0.006728164851665497
19235,0.0064850253984332085
19236,0.040406469255685806
19237,0.009429791942238808
19238,0.011897571384906769
19239,0.010305567644536495
19240,0.00863582268357277
19241,0.012337842956185341
19242,0.008602585643529892
19243,0.03856940194964409
19244,0.010646425187587738
19245,0.04182744771242142
19246,0.009113078936934471
19247,0.007516966667026281
19248,0.007542739622294903
19249,0.01071136724203825
19250,0.43648672103881836
19251,0.07924091070890427
19252,0.03143809363245964
19253,0.013888081535696983
19254,0.018763108178973198
19255,0.011601587757468224
19256,0.012235088273882866
19257,0.009069478139281273
19258,0.03139430284500122
19259,0.008822489529848099
19260,0.20918522775173187
19261,0.014270376414060593
19262,0.014710335060954094
19263,0.01191506814211607
19264,0.03232184424996376
19265,0.3991437554359436
19266,0.028002899140119553
19267,0.02594265155494213
19268,0.01806916669011116
19269,0.010922648012638092
19270,0.013079261407256126
19271,0.019239403307437897
19272,0.01613018661737442
19273,0.025126442313194275
19274,0.01377616822719574
19275,0.013974614441394806
19276,0.01668265275657177
19277,0.015309266746044159
19278,0.013601082377135754
19279,0.02431933581829071
19280,0.008779359981417656
19281,0.01088312454521656
19282,0.011626821011304855
19283,0.011656094342470169
19284,0.01780839078128338
19285,0.07415217161178589
19286,0.016091739758849144
19287,0.01724415086209774
19288,0.013440167531371117
19289,0.008894510567188263
19290,0.008753713220357895
19291,0.012058600783348083
19292,0.011275152675807476
19293,0.023357225582003593
19294,0.009699550457298756
19295,0.013816725462675095
19296,0.014485761523246765
19297,0.01065223477780819
19298,0.00772473169490695
19299,0.008654037490487099
19300,0.010852987878024578
19301,0.17773166298866272
19302,0.024875421077013016
19303,0.031004128977656364
19304,0.14865049719810486
19305,0.02051272615790367
19306,0.014336027204990387
19307,0.01271575503051281
19308,0.04276636242866516
19309,0.05271752178668976
19310,0.01814316026866436
19311,0.015850577503442764
19312,0.024615056812763214
19313,0.013214413076639175
19314,0.014750505797564983
19315,0.014023075811564922
19316,0.01049552857875824
19317,0.01367848552763462
19318,0.01377114187926054
19319,0.04705452546477318
19320,0.013707413338124752
19321,0.01247893925756216
19322,0.011183093301951885
19323,0.016232386231422424
19324,0.012634786777198315
19325,0.009954540990293026
19326,0.024565279483795166
19327,0.017545441165566444
19328,0.010906128212809563
19329,0.01371058076620102
19330,0.009819235652685165
19331,0.008034767583012581
19332,0.008243209682404995
19333,0.016692563891410828
19334,0.009319279342889786
19335,0.008018605411052704
19336,0.006793944165110588
19337,0.009664304554462433
19338,0.007886821404099464
19339,0.008492376655340195
19340,0.006925835739821196
19341,0.011866241693496704
19342,0.005890209227800369
19343,0.008410878479480743
19344,0.005986119620501995
19345,0.006750649772584438
19346,0.017670445144176483
19347,0.013349617831408978
19348,0.007166163995862007
19349,0.0062086451798677444
19350,0.005712314508855343
19351,0.007032865192741156
19352,0.006252031773328781
19353,0.0051380242221057415
19354,0.0061010876670479774
19355,0.006899472326040268
19356,0.0062333932146430016
19357,0.005411121528595686
19358,0.005523796193301678
19359,0.004910284653306007
19360,0.005193786695599556
19361,0.005292542278766632
19362,0.005059991963207722
19363,0.004120980389416218
19364,0.005981583148241043
19365,0.004769652150571346
19366,0.008821897208690643
19367,0.006604938767850399
19368,0.004410864319652319
19369,0.02225017175078392
19370,0.003996361047029495
19371,0.006936540361493826
19372,0.007690740283578634
19373,0.024085689336061478
19374,0.0049397689290344715
19375,0.004460118245333433
19376,0.005090857855975628
19377,0.004906788468360901
19378,0.0040518478490412235
19379,0.004326879512518644
19380,0.007074897643178701
19381,0.0065906718373298645
19382,0.012377019040286541
19383,0.004128148779273033
19384,0.021815422922372818
19385,0.006747297011315823
19386,0.017271466553211212
19387,0.005905588623136282
19388,0.005422274582087994
19389,0.004641447216272354
19390,0.09008427709341049
19391,0.005258801858872175
19392,0.005366485565900803
19393,0.005960713140666485
19394,0.0058449311181902885
19395,0.010480719618499279
19396,0.006896800361573696
19397,0.007804954424500465
19398,0.004740607924759388
19399,0.006638479419052601
19400,0.15281513333320618
19401,0.01686028763651848
19402,0.013989439234137535
19403,0.00818637479096651
19404,0.19459223747253418
19405,0.015447689220309258
19406,0.0256836898624897
19407,0.01943744532763958
19408,0.011635057628154755
19409,0.008846680633723736
19410,0.02408801019191742
19411,0.013549501076340675
19412,0.010981830768287182
19413,0.02294020913541317
19414,0.012058879248797894
19415,0.00819864496588707
19416,0.02061791904270649
19417,0.007098779082298279
19418,0.007981332950294018
19419,0.0075148930773139
19420,0.0070913126692175865
19421,0.006494733504951
19422,0.017840122804045677
19423,0.009630209766328335
19424,0.009220784530043602
19425,0.007703055627644062
19426,0.008531291037797928
19427,0.00928650051355362
19428,0.014161091297864914
19429,0.015021419152617455
19430,0.00840199925005436
19431,0.006932598538696766
19432,0.018570691347122192
19433,0.007286235690116882
19434,0.00877329520881176
19435,0.006232670973986387
19436,0.005763087421655655
19437,0.007046286016702652
19438,0.005658318754285574
19439,0.006109563168138266
19440,0.005819855257868767
19441,0.010723622515797615
19442,0.006485634949058294
19443,0.005820664577186108
19444,0.005754181183874607
19445,0.00475879292935133
19446,0.006428505759686232
19447,0.0057250335812568665
19448,0.012228804640471935
19449,0.005878076888620853
19450,0.0201296117156744
19451,0.008738983422517776
19452,0.008184119127690792
19453,0.007233153097331524
19454,0.005265470594167709
19455,0.22045931220054626
19456,0.012542761862277985
19457,0.023113291710615158
19458,0.02571142464876175
19459,0.014951355755329132
19460,0.03116525337100029
19461,0.012614800594747066
19462,0.09391836822032928
19463,0.011876169592142105
19464,0.012941248714923859
19465,0.00966564193367958
19466,0.025299645960330963
19467,0.011857790872454643
19468,0.0228666290640831
19469,0.02874959260225296
19470,0.01033942773938179
19471,0.008554480969905853
19472,0.34075093269348145
19473,0.010264134965837002
19474,0.013970226049423218
19475,0.011027006432414055
19476,0.009200732223689556
19477,0.008051274344325066
19478,0.12517720460891724
19479,0.013013944029808044
19480,0.03007940575480461
19481,0.012465327978134155
19482,0.03297415003180504
19483,0.007751799188554287
19484,0.006896169390529394
19485,0.007833181880414486
19486,0.03234894573688507
19487,0.010008811950683594
19488,0.016586758196353912
19489,0.03166256099939346
19490,0.006493262015283108
19491,0.08466783165931702
19492,0.31021326780319214
19493,0.022239303216338158
19494,0.013492479920387268
19495,0.04486759752035141
19496,0.018186472356319427
19497,0.024938276037573814
19498,0.01232379861176014
19499,0.028581928461790085
19500,0.008985627442598343
19501,0.013386590406298637
19502,0.012322638183832169
19503,0.028306424617767334
19504,0.013295179232954979
19505,0.015966802835464478
19506,0.033616699278354645
19507,0.010171230882406235
19508,0.010058976709842682
19509,0.009347645565867424
19510,0.007746828254312277
19511,0.008036895655095577
19512,0.008416826836764812
19513,0.007212044205516577
19514,0.007932286709547043
19515,0.01116735115647316
19516,0.00943784136325121
19517,0.007581475656479597
19518,0.007900736294686794
19519,0.01167052797973156
19520,0.00621515978127718
19521,0.1262369155883789
19522,0.02154802344739437
19523,0.030543368309736252
19524,0.019601715728640556
19525,0.00790608674287796
19526,0.012429328635334969
19527,0.020463280379772186
19528,0.019859448075294495
19529,0.012259299866855145
19530,0.008002974092960358
19531,0.011438217014074326
19532,0.014104492962360382
19533,0.019091323018074036
19534,0.010974964126944542
19535,0.008488405495882034
19536,0.0094816405326128
19537,0.011799072846770287
19538,0.017637794837355614
19539,0.010111432522535324
19540,0.008406314998865128
19541,0.025861721485853195
19542,0.012334357015788555
19543,0.027379155158996582
19544,0.010575665161013603
19545,0.02036420628428459
19546,0.011372698470950127
19547,0.010523555800318718
19548,0.007820448838174343
19549,0.00839622225612402
19550,0.008714761584997177
19551,0.016225093975663185
19552,0.007141981273889542
19553,0.012912994250655174
19554,0.008302556350827217
19555,0.008650878444314003
19556,0.008907686918973923
19557,0.008362950757145882
19558,0.006277596578001976
19559,0.007145757786929607
19560,0.006791013292968273
19561,0.006114351563155651
19562,0.009854748845100403
19563,0.006010427139699459
19564,0.0057774013839662075
19565,0.006510031875222921
19566,0.006258094683289528
19567,0.01215758454054594
19568,0.005208740942180157
19569,0.0058356886729598045
19570,0.006028141360729933
19571,0.005997776985168457
19572,0.0064201345667243
19573,0.007568327244371176
19574,0.0056250146590173244
19575,0.004838293418288231
19576,0.007943377830088139
19577,0.00805003009736538
19578,0.004473929759114981
19579,0.004713863134384155
19580,0.006654906086623669
19581,0.005030096974223852
19582,0.006209069397300482
19583,0.014987410977482796
19584,0.005634846165776253
19585,0.005147999152541161
19586,0.004606178496032953
19587,0.005353391170501709
19588,0.004903414286673069
19589,0.00522061251103878
19590,0.00800714734941721
19591,0.007574054878205061
19592,0.007820485159754753
19593,0.005180472042411566
19594,0.005585515405982733
19595,0.005228363908827305
19596,0.003943756688386202
19597,0.006546232849359512
19598,0.0739629939198494
19599,0.013935104012489319
19600,0.012773631140589714
19601,0.00568750873208046
19602,0.012051185593008995
19603,0.009989612735807896
19604,0.009869666770100594
19605,0.00719771534204483
19606,0.006821780931204557
19607,0.00589995039626956
19608,0.006546870805323124
19609,0.006617370527237654
19610,0.006664603482931852
19611,0.007296839263290167
19612,0.02423585020005703
19613,0.0072093987837433815
19614,0.008612735196948051
19615,0.03406529128551483
19616,0.009666512720286846
19617,0.006374196615070105
19618,0.0066193221136927605
19619,0.010555009357631207
19620,0.009411314502358437
19621,0.010440533980727196
19622,0.005749501287937164
19623,0.012593469582498074
19624,0.005632195621728897
19625,0.00664086639881134
19626,0.038883231580257416
19627,0.006774439476430416
19628,0.0088448915630579
19629,0.005123934242874384
19630,0.004717097617685795
19631,0.006212446838617325
19632,0.008281640708446503
19633,0.005537121556699276
19634,0.008724248968064785
19635,0.005940733011811972
19636,0.006836881395429373
19637,0.01320037990808487
19638,0.004641101695597172
19639,0.00565317552536726
19640,0.07284622639417648
19641,0.027000948786735535
19642,0.008760299533605576
19643,0.007002342492341995
19644,0.010484971106052399
19645,0.005316219292581081
19646,0.008396593853831291
19647,0.006025813054293394
19648,0.010310810059309006
19649,0.007270989939570427
19650,0.006068369373679161
19651,0.004746058024466038
19652,0.004994104616343975
19653,0.00452096201479435
19654,0.014859735034406185
19655,0.014497809112071991
19656,0.00642884336411953
19657,0.005307638552039862
19658,0.004583125468343496
19659,0.00474953418597579
19660,0.0058288490399718285
19661,0.009952344000339508
19662,0.005522246938198805
19663,0.005398459732532501
19664,0.005578351207077503
19665,0.006093254312872887
19666,0.004428116139024496
19667,0.006146423518657684
19668,0.060079701244831085
19669,0.004889237694442272
19670,0.008140413090586662
19671,0.017512237653136253
19672,0.008641665801405907
19673,0.010664211586117744
19674,0.0062523591332137585
19675,0.005696508567780256
19676,0.012365512549877167
19677,0.011078297160565853
19678,0.011124747805297375
19679,0.013426939025521278
19680,0.008993767201900482
19681,0.006941750179976225
19682,0.02266009896993637
19683,0.0061132642440497875
19684,0.0077768913470208645
19685,0.010069571435451508
19686,0.011071632616221905
19687,0.006439715623855591
19688,0.04624345898628235
19689,0.0066858637146651745
19690,0.0064947642385959625
19691,0.008640686050057411
19692,0.007847564294934273
19693,0.0158890038728714
19694,0.011322315782308578
19695,0.010506756603717804
19696,0.008699516765773296
19697,0.02064843848347664
19698,0.019188513979315758
19699,0.006479877978563309
19700,0.009522076696157455
19701,0.005351857747882605
19702,0.01195017620921135
19703,0.006465878337621689
19704,0.02436481975018978
19705,0.009648395702242851
19706,0.005944214761257172
19707,0.047248657792806625
19708,0.007260424084961414
19709,0.18756888806819916
19710,0.008145301602780819
19711,0.027282997965812683
19712,0.006371294613927603
19713,0.007638758048415184
19714,0.008992615155875683
19715,0.007409430108964443
19716,0.00705433264374733
19717,0.011767392978072166
19718,0.007246220018714666
19719,0.007445629686117172
19720,0.007174134254455566
19721,0.010662424378097057
19722,0.016567472368478775
19723,0.00666253175586462
19724,0.01552138477563858
19725,0.008097905665636063
19726,0.005318646319210529
19727,0.009759333916008472
19728,0.015432767570018768
19729,0.0069844103418290615
19730,0.007847733795642853
19731,0.009477276355028152
19732,0.005791412200778723
19733,0.005944325588643551
19734,0.007728444412350655
19735,0.038255415856838226
19736,0.006019639782607555
19737,0.11514416337013245
19738,0.008444692939519882
19739,0.014676295220851898
19740,0.009337703697383404
19741,0.007782443426549435
19742,0.008184067904949188
19743,0.009621254168450832
19744,0.020059531554579735
19745,0.08770280331373215
19746,0.006466622464358807
19747,0.011371642351150513
19748,0.018772026523947716
19749,0.006313721649348736
19750,0.015133465640246868
19751,0.07910024374723434
19752,0.008205082267522812
19753,0.008366657420992851
19754,0.014874331653118134
19755,0.007143232971429825
19756,0.007280970923602581
19757,0.006575408391654491
19758,0.006975654046982527
19759,0.014922723174095154
19760,0.006641415413469076
19761,0.012015166692435741
19762,0.006942459847778082
19763,0.007540478371083736
19764,0.007007561158388853
19765,0.017880072817206383
19766,0.005249984096735716
19767,0.009850447997450829
19768,0.0060723042115569115
19769,0.0066533200442790985
19770,0.007273532450199127
19771,0.007569239474833012
19772,0.005107033997774124
19773,0.004992976784706116
19774,0.009943145327270031
19775,0.11951109021902084
19776,0.07897299528121948
19777,0.01717614382505417
19778,0.005979915615171194
19779,0.00853987317532301
19780,0.011636904440820217
19781,0.008456462062895298
19782,0.005813771393150091
19783,0.011109257116913795
19784,0.012973858043551445
19785,0.0070332991890609264
19786,0.007288324646651745
19787,0.026250820606946945
19788,0.015855755656957626
19789,0.010739803314208984
19790,0.008696267381310463
19791,0.011862993240356445
19792,0.0059196180664002895
19793,0.005076495464891195
19794,0.005773585289716721
19795,0.007088606711477041
19796,0.006830252707004547
19797,0.006696431897580624
19798,0.009118728339672089
19799,0.006152851041406393
19800,0.005080826114863157
19801,0.005306811537593603
19802,0.006793278735131025
19803,0.005100463051348925
19804,0.007432534359395504
19805,0.005347879137843847
19806,0.004457212518900633
19807,0.004153363406658173
19808,0.006758693605661392
19809,0.013399135321378708
19810,0.007115085609257221
19811,0.0068897767923772335
19812,0.006546403281390667
19813,0.006866029463708401
19814,0.006594148930162191
19815,0.005953595042228699
19816,0.005687938537448645
19817,0.004618503153324127
19818,0.004826056770980358
19819,0.008606460876762867
19820,0.004520074464380741
19821,0.004724280908703804
19822,0.00998795684427023
19823,0.004237161949276924
19824,0.004054293967783451
19825,0.005535134579986334
19826,0.005579355172812939
19827,0.0040840026922523975
19828,0.0037473374977707863
19829,0.029180221259593964
19830,0.006047671195119619
19831,0.0052430881187319756
19832,0.0050692507065832615
19833,0.0053228214383125305
19834,0.005419328808784485
19835,0.0073447152972221375
19836,0.004380342084914446
19837,0.020752429962158203
19838,0.006958819925785065
19839,0.005097232758998871
19840,0.0053757065907120705
19841,0.004026296082884073
19842,0.01078544557094574
19843,0.006423319689929485
19844,0.005766866263002157
19845,0.012769076973199844
19846,0.003668789751827717
19847,0.016335753723978996
19848,0.009362934157252312
19849,0.0046538133174180984
19850,0.0053712790831923485
19851,0.0065514640882611275
19852,0.0057160756550729275
19853,0.00605791574344039
19854,0.005837982054799795
19855,0.004645957611501217
19856,0.004457592032849789
19857,0.004406420048326254
19858,0.009174464270472527
19859,0.006095149554312229
19860,0.006884551607072353
19861,0.08029242604970932
19862,0.004326410125941038
19863,0.005036262329667807
19864,0.0050434875302016735
19865,0.008876866661012173
19866,0.006557906046509743
19867,0.008131446316838264
19868,0.0056902822107076645
19869,0.004945171065628529
19870,0.005693914368748665
19871,0.006231097038835287
19872,0.004766964353621006
19873,0.004650723189115524
19874,0.004481086507439613
19875,0.06250151991844177
19876,0.0063493698835372925
19877,0.025481507182121277
19878,0.005692162550985813
19879,0.006166314240545034
19880,0.03692111372947693
19881,0.009266126900911331
19882,0.0071529969573020935
19883,0.011784916743636131
19884,0.006091052200645208
19885,0.007403822150081396
19886,0.01678144931793213
19887,0.02951270155608654
19888,0.009810582734644413
19889,0.0056913262233138084
19890,0.006027440540492535
19891,0.006743749137967825
19892,0.004303544294089079
19893,0.004309984855353832
19894,0.006045490503311157
19895,0.006084464490413666
19896,0.006253671832382679
19897,0.005625123158097267
19898,0.005638904869556427
19899,0.00772425252944231
19900,0.005455344915390015
19901,0.004384980536997318
19902,0.006800507660955191
19903,0.036130379885435104
19904,0.006550838705152273
19905,0.011170919053256512
19906,0.00464186817407608
19907,0.011326867155730724
19908,0.007895534858107567
19909,0.004418187774717808
19910,0.005045510362833738
19911,0.017409445717930794
19912,0.006790931336581707
19913,0.013934291899204254
19914,0.00908323097974062
19915,0.006754228845238686
19916,0.00393315777182579
19917,0.019056741148233414
19918,0.008194061927497387
19919,0.006263252347707748
19920,0.007280496880412102
19921,0.005641178693622351
19922,0.004697008058428764
19923,0.005066839046776295
19924,0.004790131002664566
19925,0.198622927069664
19926,0.009581640362739563
19927,0.018743809312582016
19928,0.004081082064658403
19929,0.00617242744192481
19930,0.008401053957641125
19931,0.0063227503560483456
19932,0.006809258367866278
19933,0.006608717143535614
19934,0.0055456142872571945
19935,0.0874619409441948
19936,0.007215614430606365
19937,0.01955023780465126
19938,0.007747317664325237
19939,0.004932287149131298
19940,0.027708804234862328
19941,0.007339480333030224
19942,0.01809755712747574
19943,0.0197744220495224
19944,0.005701208487153053
19945,0.00520582590252161
19946,0.005563262850046158
19947,0.012365967035293579
19948,0.03802436217665672
19949,0.005552168935537338
19950,0.011228452436625957
19951,0.005329664330929518
19952,0.007640841417014599
19953,0.006234427448362112
19954,0.0052154939621686935
19955,0.00542198121547699
19956,0.005093563348054886
19957,0.005242455750703812
19958,0.0061689019203186035
19959,0.00498473783954978
19960,0.004912533797323704
19961,0.003910939674824476
19962,0.0106933219358325
19963,0.007403719704598188
19964,0.01181357353925705
19965,0.005768639501184225
19966,0.036334022879600525
19967,0.004843441769480705
19968,0.006292650010436773
19969,0.026796899735927582
19970,0.004872564226388931
19971,0.004554915241897106
19972,0.004639875143766403
19973,0.005449413321912289
19974,0.005062989890575409
19975,0.004015282262116671
19976,0.004690287634730339
19977,0.009210500866174698
19978,0.00902030523866415
19979,0.005522038321942091
19980,0.005237950943410397
19981,0.01513044536113739
19982,0.004453917499631643
19983,0.017642177641391754
19984,0.00852438248693943
19985,0.003851771354675293
19986,0.006591513752937317
19987,0.005497387610375881
19988,0.0036830524913966656
19989,0.006642132997512817
19990,0.003946757409721613
19991,0.0036540364380925894
19992,0.006266660988330841
19993,0.005190886557102203
19994,0.006212936248630285
19995,0.014432273805141449
19996,0.005263311788439751
19997,0.0297605749219656
19998,0.005807462614029646
19999,0.005146245006471872
